-- MySQL dump 10.13  Distrib 8.4.4, for Linux (x86_64)
--
-- Host: localhost    Database: keycloak
-- ------------------------------------------------------
-- Server version	8.4.4

/*!40101 SET @OLD_CHARACTER_SET_CLIENT=@@CHARACTER_SET_CLIENT */;
/*!40101 SET @OLD_CHARACTER_SET_RESULTS=@@CHARACTER_SET_RESULTS */;
/*!40101 SET @OLD_COLLATION_CONNECTION=@@COLLATION_CONNECTION */;
/*!50503 SET NAMES utf8mb4 */;
/*!40103 SET @OLD_TIME_ZONE=@@TIME_ZONE */;
/*!40103 SET TIME_ZONE='+00:00' */;
/*!40014 SET @OLD_UNIQUE_CHECKS=@@UNIQUE_CHECKS, UNIQUE_CHECKS=0 */;
/*!40014 SET @OLD_FOREIGN_KEY_CHECKS=@@FOREIGN_KEY_CHECKS, FOREIGN_KEY_CHECKS=0 */;
/*!40101 SET @OLD_SQL_MODE=@@SQL_MODE, SQL_MODE='NO_AUTO_VALUE_ON_ZERO' */;
/*!40111 SET @OLD_SQL_NOTES=@@SQL_NOTES, SQL_NOTES=0 */;

--
-- Current Database: `keycloak`
--

CREATE DATABASE /*!32312 IF NOT EXISTS*/ `keycloak` /*!40100 DEFAULT CHARACTER SET utf8mb4 COLLATE utf8mb4_0900_ai_ci */ /*!80016 DEFAULT ENCRYPTION='N' */;

USE `keycloak`;

--
-- Table structure for table `ADMIN_EVENT_ENTITY`
--

DROP TABLE IF EXISTS `ADMIN_EVENT_ENTITY`;
/*!40101 SET @saved_cs_client     = @@character_set_client */;
/*!50503 SET character_set_client = utf8mb4 */;
CREATE TABLE `ADMIN_EVENT_ENTITY` (
  `ID` varchar(36) NOT NULL,
  `ADMIN_EVENT_TIME` bigint DEFAULT NULL,
  `REALM_ID` varchar(255) DEFAULT NULL,
  `OPERATION_TYPE` varchar(255) DEFAULT NULL,
  `AUTH_REALM_ID` varchar(255) DEFAULT NULL,
  `AUTH_CLIENT_ID` varchar(255) DEFAULT NULL,
  `AUTH_USER_ID` varchar(255) DEFAULT NULL,
  `IP_ADDRESS` varchar(255) DEFAULT NULL,
  `RESOURCE_PATH` text,
  `REPRESENTATION` text,
  `ERROR` varchar(255) DEFAULT NULL,
  `RESOURCE_TYPE` varchar(64) DEFAULT NULL,
  `DETAILS_JSON` longtext CHARACTER SET utf8mb3 COLLATE utf8mb3_general_ci,
  PRIMARY KEY (`ID`),
  KEY `IDX_ADMIN_EVENT_TIME` (`REALM_ID`,`ADMIN_EVENT_TIME`)
) ENGINE=InnoDB DEFAULT CHARSET=utf8mb4 COLLATE=utf8mb4_0900_ai_ci;
/*!40101 SET character_set_client = @saved_cs_client */;

--
-- Dumping data for table `ADMIN_EVENT_ENTITY`
--

LOCK TABLES `ADMIN_EVENT_ENTITY` WRITE;
/*!40000 ALTER TABLE `ADMIN_EVENT_ENTITY` DISABLE KEYS */;
INSERT INTO `ADMIN_EVENT_ENTITY` VALUES ('05006d59-72c2-4f61-8eee-d91c3a4becd0',1746092809248,'e50ee46d-dbef-4c14-8389-4018de132723','DELETE','f1946406-82b6-4136-8051-6fb1a90c99f5','a1604d53-1ef0-41f6-92ca-f9ab8dea20e0','10b872f3-24a6-4227-83a2-81ebedc755b9','172.18.0.1','sessions/70c446e4-8ff6-4118-9c29-923626d509d8',NULL,NULL,'USER_SESSION',NULL),('0501ce8b-9939-4c06-909e-9efc65ad6345',1745441314224,'e50ee46d-dbef-4c14-8389-4018de132723','CREATE','f1946406-82b6-4136-8051-6fb1a90c99f5','a1604d53-1ef0-41f6-92ca-f9ab8dea20e0','10b872f3-24a6-4227-83a2-81ebedc755b9','172.18.0.1','users/2f2b1ea7-e8d3-47c8-af7c-67971f1c494a/role-mappings/clients/d34ded44-98e1-4fba-a762-4e5dd96004f8',NULL,NULL,'CLIENT_ROLE_MAPPING',NULL),('0d406bcf-8194-4b27-9c99-a4c0492abe21',1745441304000,'e50ee46d-dbef-4c14-8389-4018de132723','CREATE','f1946406-82b6-4136-8051-6fb1a90c99f5','a1604d53-1ef0-41f6-92ca-f9ab8dea20e0','10b872f3-24a6-4227-83a2-81ebedc755b9','172.18.0.1','users/2f2b1ea7-e8d3-47c8-af7c-67971f1c494a/role-mappings/clients/d34ded44-98e1-4fba-a762-4e5dd96004f8',NULL,NULL,'CLIENT_ROLE_MAPPING',NULL),('0f252411-215c-4523-be2f-e214bbe91a4d',1745441303979,'e50ee46d-dbef-4c14-8389-4018de132723','CREATE','f1946406-82b6-4136-8051-6fb1a90c99f5','a1604d53-1ef0-41f6-92ca-f9ab8dea20e0','10b872f3-24a6-4227-83a2-81ebedc755b9','172.18.0.1','users/2f2b1ea7-e8d3-47c8-af7c-67971f1c494a/role-mappings/clients/d34ded44-98e1-4fba-a762-4e5dd96004f8',NULL,NULL,'CLIENT_ROLE_MAPPING',NULL),('117a281b-8eab-47a1-9e07-0249b2278bec',1745441314238,'e50ee46d-dbef-4c14-8389-4018de132723','CREATE','f1946406-82b6-4136-8051-6fb1a90c99f5','a1604d53-1ef0-41f6-92ca-f9ab8dea20e0','10b872f3-24a6-4227-83a2-81ebedc755b9','172.18.0.1','users/2f2b1ea7-e8d3-47c8-af7c-67971f1c494a/role-mappings/clients/d34ded44-98e1-4fba-a762-4e5dd96004f8',NULL,NULL,'CLIENT_ROLE_MAPPING',NULL),('117eb5cf-e78d-4ea5-bbb2-484ca4b00e1e',1746092656721,'e50ee46d-dbef-4c14-8389-4018de132723','UPDATE','f1946406-82b6-4136-8051-6fb1a90c99f5','a1604d53-1ef0-41f6-92ca-f9ab8dea20e0','10b872f3-24a6-4227-83a2-81ebedc755b9','172.18.0.1','clients/ae9915e7-77b0-427e-8586-0ef575e74160',NULL,NULL,'CLIENT',NULL),('17096228-1d01-48e6-92ed-cc8bf76650b4',1745441314224,'e50ee46d-dbef-4c14-8389-4018de132723','CREATE','f1946406-82b6-4136-8051-6fb1a90c99f5','a1604d53-1ef0-41f6-92ca-f9ab8dea20e0','10b872f3-24a6-4227-83a2-81ebedc755b9','172.18.0.1','users/2f2b1ea7-e8d3-47c8-af7c-67971f1c494a/role-mappings/clients/d34ded44-98e1-4fba-a762-4e5dd96004f8',NULL,NULL,'CLIENT_ROLE_MAPPING',NULL),('1a197d49-c3be-49c3-9ed6-52a46ac9ed26',1746094334612,'e50ee46d-dbef-4c14-8389-4018de132723','DELETE','f1946406-82b6-4136-8051-6fb1a90c99f5','a1604d53-1ef0-41f6-92ca-f9ab8dea20e0','10b872f3-24a6-4227-83a2-81ebedc755b9','172.18.0.1','sessions/ca5b1a6f-1b0f-476f-a852-3eecccde9563',NULL,NULL,'USER_SESSION',NULL),('1ce42db5-1a24-4742-9b80-d9b5d5c647e3',1745441304051,'e50ee46d-dbef-4c14-8389-4018de132723','CREATE','f1946406-82b6-4136-8051-6fb1a90c99f5','a1604d53-1ef0-41f6-92ca-f9ab8dea20e0','10b872f3-24a6-4227-83a2-81ebedc755b9','172.18.0.1','users/2f2b1ea7-e8d3-47c8-af7c-67971f1c494a/role-mappings/clients/d34ded44-98e1-4fba-a762-4e5dd96004f8',NULL,NULL,'CLIENT_ROLE_MAPPING',NULL),('1f613464-99a7-4082-942a-637059642180',1746041181921,'e50ee46d-dbef-4c14-8389-4018de132723','DELETE','f1946406-82b6-4136-8051-6fb1a90c99f5','a1604d53-1ef0-41f6-92ca-f9ab8dea20e0','10b872f3-24a6-4227-83a2-81ebedc755b9','172.18.0.1','sessions/04bb415c-fd1c-464f-a392-01b32ced1ed5',NULL,NULL,'USER_SESSION',NULL),('22db149d-5eb9-4787-8ac8-77542ffc9bd4',1746090446784,'e50ee46d-dbef-4c14-8389-4018de132723','UPDATE','f1946406-82b6-4136-8051-6fb1a90c99f5','a1604d53-1ef0-41f6-92ca-f9ab8dea20e0','10b872f3-24a6-4227-83a2-81ebedc755b9','172.18.0.1','clients/ae9915e7-77b0-427e-8586-0ef575e74160',NULL,NULL,'CLIENT',NULL),('232f0fea-aec6-4c86-9287-e0ca18c4bfcf',1745441314171,'e50ee46d-dbef-4c14-8389-4018de132723','CREATE','f1946406-82b6-4136-8051-6fb1a90c99f5','a1604d53-1ef0-41f6-92ca-f9ab8dea20e0','10b872f3-24a6-4227-83a2-81ebedc755b9','172.18.0.1','users/2f2b1ea7-e8d3-47c8-af7c-67971f1c494a/role-mappings/clients/d34ded44-98e1-4fba-a762-4e5dd96004f8',NULL,NULL,'CLIENT_ROLE_MAPPING',NULL),('23597ff0-756e-49c7-889d-7c54ce607e6b',1746037827362,'e50ee46d-dbef-4c14-8389-4018de132723','UPDATE','f1946406-82b6-4136-8051-6fb1a90c99f5','a1604d53-1ef0-41f6-92ca-f9ab8dea20e0','10b872f3-24a6-4227-83a2-81ebedc755b9','172.18.0.1','clients/ae9915e7-77b0-427e-8586-0ef575e74160',NULL,NULL,'CLIENT',NULL),('2a3c8cbc-6c7f-4fe7-91a9-def5d9dcbf60',1745440484985,'e50ee46d-dbef-4c14-8389-4018de132723','DELETE','f1946406-82b6-4136-8051-6fb1a90c99f5','a1604d53-1ef0-41f6-92ca-f9ab8dea20e0','10b872f3-24a6-4227-83a2-81ebedc755b9','172.18.0.1','users/dfcf97ba-ccbf-46e4-8a87-692698c55a1c',NULL,NULL,'USER',NULL),('2aca9c5c-abd9-4586-942b-efac71ab85f2',1745441304008,'e50ee46d-dbef-4c14-8389-4018de132723','CREATE','f1946406-82b6-4136-8051-6fb1a90c99f5','a1604d53-1ef0-41f6-92ca-f9ab8dea20e0','10b872f3-24a6-4227-83a2-81ebedc755b9','172.18.0.1','users/2f2b1ea7-e8d3-47c8-af7c-67971f1c494a/role-mappings/clients/d34ded44-98e1-4fba-a762-4e5dd96004f8',NULL,NULL,'CLIENT_ROLE_MAPPING',NULL),('2c5e517e-8122-450e-9eaa-e373e29b5935',1746290224591,'e50ee46d-dbef-4c14-8389-4018de132723','UPDATE','f1946406-82b6-4136-8051-6fb1a90c99f5','a1604d53-1ef0-41f6-92ca-f9ab8dea20e0','10b872f3-24a6-4227-83a2-81ebedc755b9','172.18.0.1',NULL,NULL,NULL,'REALM',NULL),('34376035-b51e-4c28-b79f-6477f54a9cce',1749562588404,'e50ee46d-dbef-4c14-8389-4018de132723','UPDATE','f1946406-82b6-4136-8051-6fb1a90c99f5','a1604d53-1ef0-41f6-92ca-f9ab8dea20e0','10b872f3-24a6-4227-83a2-81ebedc755b9','172.18.0.1','clients/ae9915e7-77b0-427e-8586-0ef575e74160',NULL,NULL,'CLIENT',NULL),('36b0a512-27e8-4aeb-a980-76ec7ed1e8f8',1745441303989,'e50ee46d-dbef-4c14-8389-4018de132723','CREATE','f1946406-82b6-4136-8051-6fb1a90c99f5','a1604d53-1ef0-41f6-92ca-f9ab8dea20e0','10b872f3-24a6-4227-83a2-81ebedc755b9','172.18.0.1','users/2f2b1ea7-e8d3-47c8-af7c-67971f1c494a/role-mappings/clients/d34ded44-98e1-4fba-a762-4e5dd96004f8',NULL,NULL,'CLIENT_ROLE_MAPPING',NULL),('3da8bccf-8cc9-4bd3-bce6-a1851cea92a4',1746092807282,'e50ee46d-dbef-4c14-8389-4018de132723','DELETE','f1946406-82b6-4136-8051-6fb1a90c99f5','a1604d53-1ef0-41f6-92ca-f9ab8dea20e0','10b872f3-24a6-4227-83a2-81ebedc755b9','172.18.0.1','sessions/e9e9463c-8ef2-4600-9761-56267a25778f',NULL,NULL,'USER_SESSION',NULL),('3f347f70-576e-4054-9efc-224b11e6e13a',1746101943769,'e50ee46d-dbef-4c14-8389-4018de132723','DELETE','f1946406-82b6-4136-8051-6fb1a90c99f5','a1604d53-1ef0-41f6-92ca-f9ab8dea20e0','10b872f3-24a6-4227-83a2-81ebedc755b9','172.18.0.1','sessions/222aeb8e-9a68-4a41-baa2-8b2fbdee8360',NULL,NULL,'USER_SESSION',NULL),('3f36747c-4d2e-4d8a-9ef9-f88945492982',1745441314212,'e50ee46d-dbef-4c14-8389-4018de132723','CREATE','f1946406-82b6-4136-8051-6fb1a90c99f5','a1604d53-1ef0-41f6-92ca-f9ab8dea20e0','10b872f3-24a6-4227-83a2-81ebedc755b9','172.18.0.1','users/2f2b1ea7-e8d3-47c8-af7c-67971f1c494a/role-mappings/clients/d34ded44-98e1-4fba-a762-4e5dd96004f8',NULL,NULL,'CLIENT_ROLE_MAPPING',NULL),('4236244d-861f-4bda-8a7b-67ffda0cd86d',1745864957808,'e50ee46d-dbef-4c14-8389-4018de132723','UPDATE','f1946406-82b6-4136-8051-6fb1a90c99f5','a1604d53-1ef0-41f6-92ca-f9ab8dea20e0','10b872f3-24a6-4227-83a2-81ebedc755b9','172.18.0.1','clients/ae9915e7-77b0-427e-8586-0ef575e74160',NULL,NULL,'CLIENT',NULL),('43bd11dd-1aa6-44d8-846e-3884e50fa3ed',1745612548136,'e50ee46d-dbef-4c14-8389-4018de132723','UPDATE','f1946406-82b6-4136-8051-6fb1a90c99f5','a1604d53-1ef0-41f6-92ca-f9ab8dea20e0','10b872f3-24a6-4227-83a2-81ebedc755b9','172.18.0.1','clients/ae9915e7-77b0-427e-8586-0ef575e74160',NULL,NULL,'CLIENT',NULL),('4d428cbf-87a1-4cfa-8d27-cf9bcf28a89b',1745441304041,'e50ee46d-dbef-4c14-8389-4018de132723','CREATE','f1946406-82b6-4136-8051-6fb1a90c99f5','a1604d53-1ef0-41f6-92ca-f9ab8dea20e0','10b872f3-24a6-4227-83a2-81ebedc755b9','172.18.0.1','users/2f2b1ea7-e8d3-47c8-af7c-67971f1c494a/role-mappings/clients/d34ded44-98e1-4fba-a762-4e5dd96004f8',NULL,NULL,'CLIENT_ROLE_MAPPING',NULL),('4dd3e7c4-b75a-4961-bace-4b273f0f75eb',1746094333042,'e50ee46d-dbef-4c14-8389-4018de132723','DELETE','f1946406-82b6-4136-8051-6fb1a90c99f5','a1604d53-1ef0-41f6-92ca-f9ab8dea20e0','10b872f3-24a6-4227-83a2-81ebedc755b9','172.18.0.1','sessions/4e9505e1-1f79-4eec-870f-5ffd60b15631',NULL,NULL,'USER_SESSION',NULL),('4e6346b6-5ead-45f8-a9cf-b421a71eb5ad',1746090800071,'e50ee46d-dbef-4c14-8389-4018de132723','DELETE','f1946406-82b6-4136-8051-6fb1a90c99f5','a1604d53-1ef0-41f6-92ca-f9ab8dea20e0','10b872f3-24a6-4227-83a2-81ebedc755b9','172.18.0.1','sessions/cfbfbe49-119c-432f-a811-81354d37c463',NULL,NULL,'USER_SESSION',NULL),('4edfd4be-950d-4449-9438-b87c0b842596',1748243595317,'e50ee46d-dbef-4c14-8389-4018de132723','CREATE','f1946406-82b6-4136-8051-6fb1a90c99f5','a1604d53-1ef0-41f6-92ca-f9ab8dea20e0','10b872f3-24a6-4227-83a2-81ebedc755b9','172.18.0.1','clients/ae9915e7-77b0-427e-8586-0ef575e74160/default-client-scopes/071bc6ac-a101-4775-ad48-f1fe70ce57e7',NULL,NULL,'CLIENT_SCOPE_CLIENT_MAPPING',NULL),('5082f55d-f785-4715-a6e4-9bb4bca94ade',1746289875772,'e50ee46d-dbef-4c14-8389-4018de132723','UPDATE','f1946406-82b6-4136-8051-6fb1a90c99f5','a1604d53-1ef0-41f6-92ca-f9ab8dea20e0','10b872f3-24a6-4227-83a2-81ebedc755b9','172.18.0.1',NULL,NULL,NULL,'REALM',NULL),('518f8e13-c88c-43a5-908d-4d68ff447129',1746095286894,'e50ee46d-dbef-4c14-8389-4018de132723','UPDATE','f1946406-82b6-4136-8051-6fb1a90c99f5','a1604d53-1ef0-41f6-92ca-f9ab8dea20e0','10b872f3-24a6-4227-83a2-81ebedc755b9','172.18.0.1','clients/ae9915e7-77b0-427e-8586-0ef575e74160',NULL,NULL,'CLIENT',NULL),('56fba018-196d-45bb-98f7-2e5e4c4d1e1b',1746038119058,'e50ee46d-dbef-4c14-8389-4018de132723','UPDATE','f1946406-82b6-4136-8051-6fb1a90c99f5','a1604d53-1ef0-41f6-92ca-f9ab8dea20e0','10b872f3-24a6-4227-83a2-81ebedc755b9','172.18.0.1','clients/ae9915e7-77b0-427e-8586-0ef575e74160',NULL,NULL,'CLIENT',NULL),('5ae684db-153a-4ce8-9f6b-8d7db76385a8',1745441633170,'e50ee46d-dbef-4c14-8389-4018de132723','DELETE','f1946406-82b6-4136-8051-6fb1a90c99f5','a1604d53-1ef0-41f6-92ca-f9ab8dea20e0','10b872f3-24a6-4227-83a2-81ebedc755b9','172.18.0.1','users/308d093f-8f0e-4343-826d-c73885bb57c3',NULL,NULL,'USER',NULL),('5b70f1a3-0e77-43a2-8537-7baa9f0a307d',1745439636336,'e50ee46d-dbef-4c14-8389-4018de132723','UPDATE','f1946406-82b6-4136-8051-6fb1a90c99f5','a1604d53-1ef0-41f6-92ca-f9ab8dea20e0','10b872f3-24a6-4227-83a2-81ebedc755b9','172.18.0.1','events/config',NULL,NULL,'REALM',NULL),('6ff846e7-8231-4d69-a3ae-d72d62e0b351',1745612856408,'e50ee46d-dbef-4c14-8389-4018de132723','DELETE','f1946406-82b6-4136-8051-6fb1a90c99f5','a1604d53-1ef0-41f6-92ca-f9ab8dea20e0','10b872f3-24a6-4227-83a2-81ebedc755b9','172.18.0.1','sessions/27d6920b-4aa7-4376-87f8-2caae90ea3e1',NULL,NULL,'USER_SESSION',NULL),('73c030a8-2f46-40ce-ace4-cc92051b8079',1746090558863,'e50ee46d-dbef-4c14-8389-4018de132723','UPDATE','f1946406-82b6-4136-8051-6fb1a90c99f5','a1604d53-1ef0-41f6-92ca-f9ab8dea20e0','10b872f3-24a6-4227-83a2-81ebedc755b9','172.18.0.1','clients/ae9915e7-77b0-427e-8586-0ef575e74160',NULL,NULL,'CLIENT',NULL),('75c523b5-65eb-4328-96ce-26c279999918',1746101945476,'e50ee46d-dbef-4c14-8389-4018de132723','DELETE','f1946406-82b6-4136-8051-6fb1a90c99f5','a1604d53-1ef0-41f6-92ca-f9ab8dea20e0','10b872f3-24a6-4227-83a2-81ebedc755b9','172.18.0.1','sessions/49df6e9c-60dc-4b37-91c9-7cd55c54e754',NULL,NULL,'USER_SESSION',NULL),('7cf25949-4f6e-41ef-ba6a-272412749997',1746041183071,'e50ee46d-dbef-4c14-8389-4018de132723','DELETE','f1946406-82b6-4136-8051-6fb1a90c99f5','a1604d53-1ef0-41f6-92ca-f9ab8dea20e0','10b872f3-24a6-4227-83a2-81ebedc755b9','172.18.0.1','sessions/d2e47ffc-d7b8-4a0b-8a70-57ccb84d33dc',NULL,NULL,'USER_SESSION',NULL),('7de9d752-3d41-4eac-8a84-177590677533',1745438968694,'e50ee46d-dbef-4c14-8389-4018de132723','UPDATE','f1946406-82b6-4136-8051-6fb1a90c99f5','a1604d53-1ef0-41f6-92ca-f9ab8dea20e0','10b872f3-24a6-4227-83a2-81ebedc755b9','172.18.0.1','events/config',NULL,NULL,'REALM',NULL),('8238c01f-4884-4054-8444-32882006c3ee',1746042671138,'e50ee46d-dbef-4c14-8389-4018de132723','UPDATE','f1946406-82b6-4136-8051-6fb1a90c99f5','a1604d53-1ef0-41f6-92ca-f9ab8dea20e0','10b872f3-24a6-4227-83a2-81ebedc755b9','172.18.0.1','clients/ae9915e7-77b0-427e-8586-0ef575e74160',NULL,NULL,'CLIENT',NULL),('864df395-29f6-4de7-a410-53338b271890',1745612742882,'e50ee46d-dbef-4c14-8389-4018de132723','UPDATE','f1946406-82b6-4136-8051-6fb1a90c99f5','a1604d53-1ef0-41f6-92ca-f9ab8dea20e0','10b872f3-24a6-4227-83a2-81ebedc755b9','172.18.0.1','clients/ae9915e7-77b0-427e-8586-0ef575e74160',NULL,NULL,'CLIENT',NULL),('884ef7b9-4c70-4354-8e69-bbdc2cf9280c',1746094335351,'e50ee46d-dbef-4c14-8389-4018de132723','DELETE','f1946406-82b6-4136-8051-6fb1a90c99f5','a1604d53-1ef0-41f6-92ca-f9ab8dea20e0','10b872f3-24a6-4227-83a2-81ebedc755b9','172.18.0.1','sessions/d2093502-81d4-471b-b277-9f4944f56d4f',NULL,NULL,'USER_SESSION',NULL),('88af36c3-4793-4252-889a-a91ef76c2bde',1746090731239,'e50ee46d-dbef-4c14-8389-4018de132723','UPDATE','f1946406-82b6-4136-8051-6fb1a90c99f5','a1604d53-1ef0-41f6-92ca-f9ab8dea20e0','10b872f3-24a6-4227-83a2-81ebedc755b9','172.18.0.1','clients/ae9915e7-77b0-427e-8586-0ef575e74160',NULL,NULL,'CLIENT',NULL),('88f45b5c-5faf-4e54-9d96-cb44848e85e7',1745441314272,'e50ee46d-dbef-4c14-8389-4018de132723','CREATE','f1946406-82b6-4136-8051-6fb1a90c99f5','a1604d53-1ef0-41f6-92ca-f9ab8dea20e0','10b872f3-24a6-4227-83a2-81ebedc755b9','172.18.0.1','users/2f2b1ea7-e8d3-47c8-af7c-67971f1c494a/role-mappings/clients/d34ded44-98e1-4fba-a762-4e5dd96004f8',NULL,NULL,'CLIENT_ROLE_MAPPING',NULL),('893b631d-c4c8-4d58-b81b-d8f62d145945',1746101944674,'e50ee46d-dbef-4c14-8389-4018de132723','DELETE','f1946406-82b6-4136-8051-6fb1a90c99f5','a1604d53-1ef0-41f6-92ca-f9ab8dea20e0','10b872f3-24a6-4227-83a2-81ebedc755b9','172.18.0.1','sessions/33d52446-5937-4a3c-b380-298f48036951',NULL,NULL,'USER_SESSION',NULL),('8b8fb1d8-4024-497e-ab5c-fc4b4739bf60',1746092805281,'e50ee46d-dbef-4c14-8389-4018de132723','DELETE','f1946406-82b6-4136-8051-6fb1a90c99f5','a1604d53-1ef0-41f6-92ca-f9ab8dea20e0','10b872f3-24a6-4227-83a2-81ebedc755b9','172.18.0.1','sessions/a4bf09a8-94f4-4989-88b1-8db0232f7d34',NULL,NULL,'USER_SESSION',NULL),('8c7deaea-a6a0-4576-981d-a0a303931a14',1746090425046,'e50ee46d-dbef-4c14-8389-4018de132723','DELETE','f1946406-82b6-4136-8051-6fb1a90c99f5','a1604d53-1ef0-41f6-92ca-f9ab8dea20e0','10b872f3-24a6-4227-83a2-81ebedc755b9','172.18.0.1','sessions/8fccb2a8-c44e-4b14-8046-fa9376009df7',NULL,NULL,'USER_SESSION',NULL),('8fee51b8-960c-4e90-b958-b21d4ae60ccb',1746094333822,'e50ee46d-dbef-4c14-8389-4018de132723','DELETE','f1946406-82b6-4136-8051-6fb1a90c99f5','a1604d53-1ef0-41f6-92ca-f9ab8dea20e0','10b872f3-24a6-4227-83a2-81ebedc755b9','172.18.0.1','sessions/a17d3425-3a62-49d9-abe9-1988c83aca5a',NULL,NULL,'USER_SESSION',NULL),('9072c269-4063-4f68-a167-19854fabf52b',1745438894154,'e50ee46d-dbef-4c14-8389-4018de132723','UPDATE','f1946406-82b6-4136-8051-6fb1a90c99f5','a1604d53-1ef0-41f6-92ca-f9ab8dea20e0','10b872f3-24a6-4227-83a2-81ebedc755b9','172.18.0.1','events/config',NULL,NULL,'REALM',NULL),('937bf26d-e440-4e99-82f1-0391dbf16955',1749562604670,'e50ee46d-dbef-4c14-8389-4018de132723','UPDATE','f1946406-82b6-4136-8051-6fb1a90c99f5','a1604d53-1ef0-41f6-92ca-f9ab8dea20e0','10b872f3-24a6-4227-83a2-81ebedc755b9','172.18.0.1','clients/ae9915e7-77b0-427e-8586-0ef575e74160',NULL,NULL,'CLIENT',NULL),('94fdb7ed-d294-40fb-bd43-4db3d477d62b',1745612857347,'e50ee46d-dbef-4c14-8389-4018de132723','DELETE','f1946406-82b6-4136-8051-6fb1a90c99f5','a1604d53-1ef0-41f6-92ca-f9ab8dea20e0','10b872f3-24a6-4227-83a2-81ebedc755b9','172.18.0.1','sessions/a14f514a-aefa-452b-91bf-a9fd0e061dfe',NULL,NULL,'USER_SESSION',NULL),('95b4c909-c8a6-4202-a28c-d455ecdbfccc',1749562443038,'e50ee46d-dbef-4c14-8389-4018de132723','UPDATE','f1946406-82b6-4136-8051-6fb1a90c99f5','a1604d53-1ef0-41f6-92ca-f9ab8dea20e0','10b872f3-24a6-4227-83a2-81ebedc755b9','172.18.0.1','clients/ae9915e7-77b0-427e-8586-0ef575e74160',NULL,NULL,'CLIENT',NULL),('977260d8-b944-42af-849c-a15b646f560f',1745440480700,'e50ee46d-dbef-4c14-8389-4018de132723','DELETE','f1946406-82b6-4136-8051-6fb1a90c99f5','a1604d53-1ef0-41f6-92ca-f9ab8dea20e0','10b872f3-24a6-4227-83a2-81ebedc755b9','172.18.0.1','users/ef51fb99-e0b5-43c9-9ee9-7e763fc1bf30',NULL,NULL,'USER',NULL),('9ce87dcc-8dc4-418b-aec5-555bb333937e',1745441303972,'e50ee46d-dbef-4c14-8389-4018de132723','CREATE','f1946406-82b6-4136-8051-6fb1a90c99f5','a1604d53-1ef0-41f6-92ca-f9ab8dea20e0','10b872f3-24a6-4227-83a2-81ebedc755b9','172.18.0.1','users/2f2b1ea7-e8d3-47c8-af7c-67971f1c494a/role-mappings/clients/d34ded44-98e1-4fba-a762-4e5dd96004f8',NULL,NULL,'CLIENT_ROLE_MAPPING',NULL),('a416deed-e6e6-4710-bacf-2b640925026e',1746520697253,'e50ee46d-dbef-4c14-8389-4018de132723','UPDATE','f1946406-82b6-4136-8051-6fb1a90c99f5','a1604d53-1ef0-41f6-92ca-f9ab8dea20e0','10b872f3-24a6-4227-83a2-81ebedc755b9','172.18.0.1',NULL,NULL,NULL,'REALM',NULL),('b4084579-d973-4410-8d3b-6128bef86184',1745441314171,'e50ee46d-dbef-4c14-8389-4018de132723','CREATE','f1946406-82b6-4136-8051-6fb1a90c99f5','a1604d53-1ef0-41f6-92ca-f9ab8dea20e0','10b872f3-24a6-4227-83a2-81ebedc755b9','172.18.0.1','users/2f2b1ea7-e8d3-47c8-af7c-67971f1c494a/role-mappings/clients/d34ded44-98e1-4fba-a762-4e5dd96004f8',NULL,NULL,'CLIENT_ROLE_MAPPING',NULL),('b50e6783-7b9a-4391-9975-38744551fce1',1745441481940,'e50ee46d-dbef-4c14-8389-4018de132723','DELETE','f1946406-82b6-4136-8051-6fb1a90c99f5','a1604d53-1ef0-41f6-92ca-f9ab8dea20e0','10b872f3-24a6-4227-83a2-81ebedc755b9','172.18.0.1','users/24e9366d-f450-4e8b-81aa-a16609ddd9d3',NULL,NULL,'USER',NULL),('b76b00a1-f198-4306-88bb-8b1eeec955f4',1746095970594,'e50ee46d-dbef-4c14-8389-4018de132723','DELETE','f1946406-82b6-4136-8051-6fb1a90c99f5','a1604d53-1ef0-41f6-92ca-f9ab8dea20e0','10b872f3-24a6-4227-83a2-81ebedc755b9','172.18.0.1','sessions/de18faf3-200b-462f-9870-cb9c80ea7edb',NULL,NULL,'USER_SESSION',NULL),('bb74b744-3b9f-43cb-9eac-52a1cd5b04a2',1746092536737,'e50ee46d-dbef-4c14-8389-4018de132723','UPDATE','f1946406-82b6-4136-8051-6fb1a90c99f5','a1604d53-1ef0-41f6-92ca-f9ab8dea20e0','10b872f3-24a6-4227-83a2-81ebedc755b9','172.18.0.1','clients/ae9915e7-77b0-427e-8586-0ef575e74160',NULL,NULL,'CLIENT',NULL),('c2391bf6-034d-4f1d-88e6-859112dcbc64',1746094332160,'e50ee46d-dbef-4c14-8389-4018de132723','DELETE','f1946406-82b6-4136-8051-6fb1a90c99f5','a1604d53-1ef0-41f6-92ca-f9ab8dea20e0','10b872f3-24a6-4227-83a2-81ebedc755b9','172.18.0.1','sessions/0e39e1c8-cabd-4244-9b36-8761bff71ca6',NULL,NULL,'USER_SESSION',NULL),('c598c795-64c8-4502-a9ad-3bb0e17766ed',1749562645849,'e50ee46d-dbef-4c14-8389-4018de132723','UPDATE','f1946406-82b6-4136-8051-6fb1a90c99f5','a1604d53-1ef0-41f6-92ca-f9ab8dea20e0','10b872f3-24a6-4227-83a2-81ebedc755b9','172.18.0.1','clients/ae9915e7-77b0-427e-8586-0ef575e74160',NULL,NULL,'CLIENT',NULL),('c69b2e73-0f13-4831-b878-5471caed9d57',1745441303972,'e50ee46d-dbef-4c14-8389-4018de132723','CREATE','f1946406-82b6-4136-8051-6fb1a90c99f5','a1604d53-1ef0-41f6-92ca-f9ab8dea20e0','10b872f3-24a6-4227-83a2-81ebedc755b9','172.18.0.1','users/2f2b1ea7-e8d3-47c8-af7c-67971f1c494a/role-mappings/clients/d34ded44-98e1-4fba-a762-4e5dd96004f8',NULL,NULL,'CLIENT_ROLE_MAPPING',NULL),('c6a07ff5-8d0f-477a-b884-24f1924c5377',1745441304043,'e50ee46d-dbef-4c14-8389-4018de132723','CREATE','f1946406-82b6-4136-8051-6fb1a90c99f5','a1604d53-1ef0-41f6-92ca-f9ab8dea20e0','10b872f3-24a6-4227-83a2-81ebedc755b9','172.18.0.1','users/2f2b1ea7-e8d3-47c8-af7c-67971f1c494a/role-mappings/clients/d34ded44-98e1-4fba-a762-4e5dd96004f8',NULL,NULL,'CLIENT_ROLE_MAPPING',NULL),('c7f84b95-4619-4243-8f42-a22b71951eb8',1745441314234,'e50ee46d-dbef-4c14-8389-4018de132723','CREATE','f1946406-82b6-4136-8051-6fb1a90c99f5','a1604d53-1ef0-41f6-92ca-f9ab8dea20e0','10b872f3-24a6-4227-83a2-81ebedc755b9','172.18.0.1','users/2f2b1ea7-e8d3-47c8-af7c-67971f1c494a/role-mappings/clients/d34ded44-98e1-4fba-a762-4e5dd96004f8',NULL,NULL,'CLIENT_ROLE_MAPPING',NULL),('ce20afe7-33ee-487f-aa1c-0710a1fa0794',1745441157574,'e50ee46d-dbef-4c14-8389-4018de132723','CREATE','f1946406-82b6-4136-8051-6fb1a90c99f5','a1604d53-1ef0-41f6-92ca-f9ab8dea20e0','10b872f3-24a6-4227-83a2-81ebedc755b9','172.18.0.1','clients/ea4f5ebe-4a09-4b92-ac63-d3b77f961969',NULL,NULL,'CLIENT',NULL),('d06b0885-569e-4b58-af80-5dbc8fd83595',1745441188282,'e50ee46d-dbef-4c14-8389-4018de132723','UPDATE','f1946406-82b6-4136-8051-6fb1a90c99f5','a1604d53-1ef0-41f6-92ca-f9ab8dea20e0','10b872f3-24a6-4227-83a2-81ebedc755b9','172.18.0.1','clients/ea4f5ebe-4a09-4b92-ac63-d3b77f961969',NULL,NULL,'CLIENT',NULL),('d8998a2a-6100-49e0-a9c1-e2634d33e446',1746090426097,'e50ee46d-dbef-4c14-8389-4018de132723','DELETE','f1946406-82b6-4136-8051-6fb1a90c99f5','a1604d53-1ef0-41f6-92ca-f9ab8dea20e0','10b872f3-24a6-4227-83a2-81ebedc755b9','172.18.0.1','sessions/a008a150-dd84-4cd6-99b9-11c5581a7197',NULL,NULL,'USER_SESSION',NULL),('d93709bc-efb8-4992-8357-b521c8de8979',1746090423823,'e50ee46d-dbef-4c14-8389-4018de132723','DELETE','f1946406-82b6-4136-8051-6fb1a90c99f5','a1604d53-1ef0-41f6-92ca-f9ab8dea20e0','10b872f3-24a6-4227-83a2-81ebedc755b9','172.18.0.1','sessions/0d1d8970-3fd4-4284-a5f7-6df788268d94',NULL,NULL,'USER_SESSION',NULL),('d9be4bc9-b60a-4dab-8cee-f7b94a2d462a',1745612858252,'e50ee46d-dbef-4c14-8389-4018de132723','DELETE','f1946406-82b6-4136-8051-6fb1a90c99f5','a1604d53-1ef0-41f6-92ca-f9ab8dea20e0','10b872f3-24a6-4227-83a2-81ebedc755b9','172.18.0.1','sessions/fed9abd1-a21d-410b-978a-95a31476a475',NULL,NULL,'USER_SESSION',NULL),('e64d9cb5-c154-43e7-80e5-5675c8fa41e3',1746090993082,'e50ee46d-dbef-4c14-8389-4018de132723','UPDATE','f1946406-82b6-4136-8051-6fb1a90c99f5','a1604d53-1ef0-41f6-92ca-f9ab8dea20e0','10b872f3-24a6-4227-83a2-81ebedc755b9','172.18.0.1','clients/ae9915e7-77b0-427e-8586-0ef575e74160',NULL,NULL,'CLIENT',NULL),('ef7e1fd5-a54e-43ce-99aa-c11d72b5212e',1748243613349,'e50ee46d-dbef-4c14-8389-4018de132723','CREATE','f1946406-82b6-4136-8051-6fb1a90c99f5','a1604d53-1ef0-41f6-92ca-f9ab8dea20e0','10b872f3-24a6-4227-83a2-81ebedc755b9','172.18.0.1','clients/ae9915e7-77b0-427e-8586-0ef575e74160/optional-client-scopes/071bc6ac-a101-4775-ad48-f1fe70ce57e7',NULL,NULL,'CLIENT_SCOPE_CLIENT_MAPPING',NULL),('f09c68c3-3d59-423a-a9a7-e7d49c6c017f',1745441304049,'e50ee46d-dbef-4c14-8389-4018de132723','CREATE','f1946406-82b6-4136-8051-6fb1a90c99f5','a1604d53-1ef0-41f6-92ca-f9ab8dea20e0','10b872f3-24a6-4227-83a2-81ebedc755b9','172.18.0.1','users/2f2b1ea7-e8d3-47c8-af7c-67971f1c494a/role-mappings/clients/d34ded44-98e1-4fba-a762-4e5dd96004f8',NULL,NULL,'CLIENT_ROLE_MAPPING',NULL),('f32461f0-f1f6-4a6e-a737-c6326ffaa287',1745867052598,'e50ee46d-dbef-4c14-8389-4018de132723','UPDATE','f1946406-82b6-4136-8051-6fb1a90c99f5','a1604d53-1ef0-41f6-92ca-f9ab8dea20e0','10b872f3-24a6-4227-83a2-81ebedc755b9','172.18.0.1',NULL,NULL,NULL,'REALM',NULL),('f5bf628c-9720-4604-8ca6-903c73335f3d',1746520694072,'e50ee46d-dbef-4c14-8389-4018de132723','UPDATE','f1946406-82b6-4136-8051-6fb1a90c99f5','a1604d53-1ef0-41f6-92ca-f9ab8dea20e0','10b872f3-24a6-4227-83a2-81ebedc755b9','172.18.0.1',NULL,NULL,NULL,'REALM',NULL),('f7c34758-2e3b-40a5-aa9b-b62f30bf1db4',1745441314224,'e50ee46d-dbef-4c14-8389-4018de132723','CREATE','f1946406-82b6-4136-8051-6fb1a90c99f5','a1604d53-1ef0-41f6-92ca-f9ab8dea20e0','10b872f3-24a6-4227-83a2-81ebedc755b9','172.18.0.1','users/2f2b1ea7-e8d3-47c8-af7c-67971f1c494a/role-mappings/clients/d34ded44-98e1-4fba-a762-4e5dd96004f8',NULL,NULL,'CLIENT_ROLE_MAPPING',NULL),('fbf7e82e-c65f-44a0-9129-df4e0641ce35',1746092806242,'e50ee46d-dbef-4c14-8389-4018de132723','DELETE','f1946406-82b6-4136-8051-6fb1a90c99f5','a1604d53-1ef0-41f6-92ca-f9ab8dea20e0','10b872f3-24a6-4227-83a2-81ebedc755b9','172.18.0.1','sessions/b0489e37-a3ab-4b61-8ff4-dbfef9d77049',NULL,NULL,'USER_SESSION',NULL);
/*!40000 ALTER TABLE `ADMIN_EVENT_ENTITY` ENABLE KEYS */;
UNLOCK TABLES;

--
-- Table structure for table `ASSOCIATED_POLICY`
--

DROP TABLE IF EXISTS `ASSOCIATED_POLICY`;
/*!40101 SET @saved_cs_client     = @@character_set_client */;
/*!50503 SET character_set_client = utf8mb4 */;
CREATE TABLE `ASSOCIATED_POLICY` (
  `POLICY_ID` varchar(36) NOT NULL,
  `ASSOCIATED_POLICY_ID` varchar(36) NOT NULL,
  PRIMARY KEY (`POLICY_ID`,`ASSOCIATED_POLICY_ID`),
  KEY `IDX_ASSOC_POL_ASSOC_POL_ID` (`ASSOCIATED_POLICY_ID`),
  CONSTRAINT `FK_FRSR5S213XCX4WNKOG82SSRFY` FOREIGN KEY (`ASSOCIATED_POLICY_ID`) REFERENCES `RESOURCE_SERVER_POLICY` (`ID`),
  CONSTRAINT `FK_FRSRPAS14XCX4WNKOG82SSRFY` FOREIGN KEY (`POLICY_ID`) REFERENCES `RESOURCE_SERVER_POLICY` (`ID`)
) ENGINE=InnoDB DEFAULT CHARSET=utf8mb4 COLLATE=utf8mb4_0900_ai_ci;
/*!40101 SET character_set_client = @saved_cs_client */;

--
-- Dumping data for table `ASSOCIATED_POLICY`
--

LOCK TABLES `ASSOCIATED_POLICY` WRITE;
/*!40000 ALTER TABLE `ASSOCIATED_POLICY` DISABLE KEYS */;
/*!40000 ALTER TABLE `ASSOCIATED_POLICY` ENABLE KEYS */;
UNLOCK TABLES;

--
-- Table structure for table `AUTHENTICATION_EXECUTION`
--

DROP TABLE IF EXISTS `AUTHENTICATION_EXECUTION`;
/*!40101 SET @saved_cs_client     = @@character_set_client */;
/*!50503 SET character_set_client = utf8mb4 */;
CREATE TABLE `AUTHENTICATION_EXECUTION` (
  `ID` varchar(36) NOT NULL,
  `ALIAS` varchar(255) DEFAULT NULL,
  `AUTHENTICATOR` varchar(36) DEFAULT NULL,
  `REALM_ID` varchar(36) DEFAULT NULL,
  `FLOW_ID` varchar(36) DEFAULT NULL,
  `REQUIREMENT` int DEFAULT NULL,
  `PRIORITY` int DEFAULT NULL,
  `AUTHENTICATOR_FLOW` tinyint NOT NULL DEFAULT '0',
  `AUTH_FLOW_ID` varchar(36) DEFAULT NULL,
  `AUTH_CONFIG` varchar(36) DEFAULT NULL,
  PRIMARY KEY (`ID`),
  KEY `IDX_AUTH_EXEC_REALM_FLOW` (`REALM_ID`,`FLOW_ID`),
  KEY `IDX_AUTH_EXEC_FLOW` (`FLOW_ID`),
  CONSTRAINT `FK_AUTH_EXEC_FLOW` FOREIGN KEY (`FLOW_ID`) REFERENCES `AUTHENTICATION_FLOW` (`ID`),
  CONSTRAINT `FK_AUTH_EXEC_REALM` FOREIGN KEY (`REALM_ID`) REFERENCES `REALM` (`ID`)
) ENGINE=InnoDB DEFAULT CHARSET=utf8mb4 COLLATE=utf8mb4_0900_ai_ci;
/*!40101 SET character_set_client = @saved_cs_client */;

--
-- Dumping data for table `AUTHENTICATION_EXECUTION`
--

LOCK TABLES `AUTHENTICATION_EXECUTION` WRITE;
/*!40000 ALTER TABLE `AUTHENTICATION_EXECUTION` DISABLE KEYS */;
INSERT INTO `AUTHENTICATION_EXECUTION` VALUES ('02652936-bdae-42a7-ac7e-bec235a2e6c7',NULL,'conditional-user-configured','e50ee46d-dbef-4c14-8389-4018de132723','5175b6d3-5f24-4705-9409-0efb35d0d27f',0,10,0,NULL,NULL),('0bbdafa9-c00e-4942-82b3-d476eb6d2674',NULL,'idp-confirm-link','f1946406-82b6-4136-8051-6fb1a90c99f5','0975b569-293c-465c-b073-c40c2d8ee79f',0,10,0,NULL,NULL),('0bc3b913-52cd-462e-83e2-74c21e1cedbf',NULL,'direct-grant-validate-username','f1946406-82b6-4136-8051-6fb1a90c99f5','e6c35908-4ab0-4f6e-afc7-2aa2c846cc21',0,10,0,NULL,NULL),('0d455ad0-bfb8-4923-8b4b-3d3a4d274dff',NULL,'conditional-user-configured','e50ee46d-dbef-4c14-8389-4018de132723','510673fc-235e-4b52-b483-0c2f793a3676',0,10,0,NULL,NULL),('13277f11-b064-4107-b431-448c34b4848d',NULL,'reset-credentials-choose-user','e50ee46d-dbef-4c14-8389-4018de132723','da19da4d-68c6-4b67-bbdf-2e197c3786a0',0,10,0,NULL,NULL),('16602b14-eb75-4272-8252-699d0c41e99e',NULL,'idp-review-profile','f1946406-82b6-4136-8051-6fb1a90c99f5','a42eef3e-bae5-4db2-bee2-caadb62e2fc7',0,10,0,NULL,'955064cd-3be6-43f1-b561-d26098e0c84b'),('197d1f9d-a2d6-445d-90a0-948d777324be',NULL,'client-secret-jwt','f1946406-82b6-4136-8051-6fb1a90c99f5','3b7e9f91-3236-4041-a5d5-8c1e01b552ce',2,30,0,NULL,NULL),('19c8003b-fd8e-4526-b6b0-81cd8a2df63c',NULL,'registration-page-form','f1946406-82b6-4136-8051-6fb1a90c99f5','88fdeb9f-8865-4749-bea5-066af9f5df88',0,10,1,'33857cd9-4d06-475b-9432-7d4acd2e8672',NULL),('19eff0d5-6597-41ed-bef5-e9d8bcdc5f6e',NULL,NULL,'f1946406-82b6-4136-8051-6fb1a90c99f5','0975b569-293c-465c-b073-c40c2d8ee79f',0,20,1,'f2209327-15dd-43c2-8224-2c8d6f5175c2',NULL),('1cf47b49-442a-45cf-8671-135ab36fa82c',NULL,'client-jwt','f1946406-82b6-4136-8051-6fb1a90c99f5','3b7e9f91-3236-4041-a5d5-8c1e01b552ce',2,20,0,NULL,NULL),('1e5fae4d-b8b6-41b9-99e0-77d362be71e0',NULL,'reset-credential-email','f1946406-82b6-4136-8051-6fb1a90c99f5','656042a7-5491-4e99-8458-2dfd59bb39aa',0,20,0,NULL,NULL),('1eeed990-2b06-4648-a5d6-696761c36da5',NULL,'auth-username-password-form','e50ee46d-dbef-4c14-8389-4018de132723','7d0dc3cc-715e-4666-b69f-c14dfe406a5e',0,10,0,NULL,NULL),('1f3a244b-be64-4bc9-9c42-d8ca463460e0',NULL,'conditional-user-configured','f1946406-82b6-4136-8051-6fb1a90c99f5','377747da-ff59-4966-aec2-314ca93e77f0',0,10,0,NULL,NULL),('330967e6-7657-4d39-af48-fc1151e83307',NULL,NULL,'f1946406-82b6-4136-8051-6fb1a90c99f5','67c647ae-ee8b-43fd-ab04-ee6d027ede3d',2,30,1,'4ae393a0-059c-459a-894d-c5dbfeb6ea99',NULL),('33b6975b-30a5-4261-96d8-f7f0f01e071a',NULL,'client-secret-jwt','e50ee46d-dbef-4c14-8389-4018de132723','854ecd23-ce94-4369-b17d-0853054e8922',2,30,0,NULL,NULL),('35823e1e-e588-4a37-ae1e-5083359a62cb',NULL,NULL,'f1946406-82b6-4136-8051-6fb1a90c99f5','656042a7-5491-4e99-8458-2dfd59bb39aa',1,40,1,'377747da-ff59-4966-aec2-314ca93e77f0',NULL),('35d38f3e-30c8-4e02-b2b0-6bd6baf1eb20',NULL,'idp-create-user-if-unique','e50ee46d-dbef-4c14-8389-4018de132723','7dce284d-ac29-43ed-9ea5-fdb50e7ee029',2,10,0,NULL,'3111c644-61d4-4e98-847f-b5e90182fc64'),('3700e78a-e315-4f69-973d-ea77e7c52dc4',NULL,'registration-password-action','e50ee46d-dbef-4c14-8389-4018de132723','4ba5f0d2-ffee-4841-b2bb-50f017f29b5d',0,50,0,NULL,NULL),('39a6ce49-9b3f-401e-b41a-f2adce18deb0',NULL,'client-x509','e50ee46d-dbef-4c14-8389-4018de132723','854ecd23-ce94-4369-b17d-0853054e8922',2,40,0,NULL,NULL),('3c456967-8133-44a7-a726-53d789822e88',NULL,NULL,'f1946406-82b6-4136-8051-6fb1a90c99f5','f2209327-15dd-43c2-8224-2c8d6f5175c2',2,20,1,'6d002941-9542-4c00-a05e-f0a952af5016',NULL),('420abc14-9830-4fce-8c82-d3f3dafaab49',NULL,'direct-grant-validate-password','e50ee46d-dbef-4c14-8389-4018de132723','b81c475c-1e2a-4e47-a4a2-4b4859ec7a41',0,20,0,NULL,NULL),('48548ece-7261-401d-ac9c-f8b91d13b10f',NULL,NULL,'e50ee46d-dbef-4c14-8389-4018de132723','28e0509a-c84b-44d9-9b8a-4e663c1548e8',1,10,1,'510673fc-235e-4b52-b483-0c2f793a3676',NULL),('4854bfb4-0f0a-418e-8a37-391ab5e1537e',NULL,'registration-user-creation','f1946406-82b6-4136-8051-6fb1a90c99f5','33857cd9-4d06-475b-9432-7d4acd2e8672',0,20,0,NULL,NULL),('495d5ff2-a7a0-47cb-a09e-26efe6cad1ec',NULL,'docker-http-basic-authenticator','e50ee46d-dbef-4c14-8389-4018de132723','d779ea90-eddb-4179-8904-0bafb25acad1',0,10,0,NULL,NULL),('496952bc-534a-477b-b4cf-1757bb2600c8',NULL,'organization','e50ee46d-dbef-4c14-8389-4018de132723','510673fc-235e-4b52-b483-0c2f793a3676',2,20,0,NULL,NULL),('4b5c1475-5a12-4ea9-8f92-528c1ef8833f',NULL,NULL,'e50ee46d-dbef-4c14-8389-4018de132723','d9938d1b-a01a-410c-8fc5-a732a42e16b5',0,20,1,'7dce284d-ac29-43ed-9ea5-fdb50e7ee029',NULL),('4e216b80-4355-419a-896c-c415f533e69f',NULL,'idp-add-organization-member','e50ee46d-dbef-4c14-8389-4018de132723','2bb9daab-339e-45c0-ae89-ac1854ee9523',0,20,0,NULL,NULL),('4e23851e-b508-4d7b-bdfe-ecf05d082351',NULL,NULL,'f1946406-82b6-4136-8051-6fb1a90c99f5','eaa73f2b-8dd7-45e4-9efe-184772f363be',2,20,1,'0975b569-293c-465c-b073-c40c2d8ee79f',NULL),('5027c13d-0bd6-45a8-9770-502563753750',NULL,'registration-recaptcha-action','e50ee46d-dbef-4c14-8389-4018de132723','4ba5f0d2-ffee-4841-b2bb-50f017f29b5d',3,60,0,NULL,NULL),('50742c4b-4bf5-4e2b-9db5-8397c840bcad',NULL,'conditional-user-configured','e50ee46d-dbef-4c14-8389-4018de132723','2bb9daab-339e-45c0-ae89-ac1854ee9523',0,10,0,NULL,NULL),('52f51f7a-73f4-41a9-8077-729cd56751f1',NULL,'conditional-user-configured','f1946406-82b6-4136-8051-6fb1a90c99f5','2fc7d28c-b301-4467-9ff0-8dbbfb984434',0,10,0,NULL,NULL),('5451a308-990e-48cc-977b-5161e2e19f9d',NULL,'conditional-user-configured','e50ee46d-dbef-4c14-8389-4018de132723','c5ed3936-0f51-4a6e-b037-2f817ae3cc86',0,10,0,NULL,NULL),('54ca64b4-463d-4e7b-a62d-ed7d42243027',NULL,'auth-otp-form','e50ee46d-dbef-4c14-8389-4018de132723','bf394c95-ce6e-46fc-be16-48704f79be62',0,20,0,NULL,NULL),('56466236-4a45-4cf9-9852-843ef0bd7a01',NULL,'auth-username-password-form','f1946406-82b6-4136-8051-6fb1a90c99f5','4ae393a0-059c-459a-894d-c5dbfeb6ea99',0,10,0,NULL,NULL),('57cbfdc3-e70d-4a36-80fe-8fb4ddea8908',NULL,'auth-otp-form','f1946406-82b6-4136-8051-6fb1a90c99f5','59b9e6ec-8527-4e5a-aab4-78d909b0f0e4',0,20,0,NULL,NULL),('59b9e481-65d5-4ea3-a82c-d410503c792b',NULL,'conditional-user-configured','e50ee46d-dbef-4c14-8389-4018de132723','bf394c95-ce6e-46fc-be16-48704f79be62',0,10,0,NULL,NULL),('5cc3e99c-4c83-49bf-8b86-1624d5ec7b17',NULL,'idp-username-password-form','e50ee46d-dbef-4c14-8389-4018de132723','a88352d9-c144-4142-977f-0ac3d4999306',0,10,0,NULL,NULL),('5ec926d1-af6a-49db-a16c-c22a1743ab24',NULL,NULL,'f1946406-82b6-4136-8051-6fb1a90c99f5','a42eef3e-bae5-4db2-bee2-caadb62e2fc7',0,20,1,'eaa73f2b-8dd7-45e4-9efe-184772f363be',NULL),('5f08b142-3977-4fe1-a0b2-025e8b2caa08',NULL,NULL,'e50ee46d-dbef-4c14-8389-4018de132723','b81c475c-1e2a-4e47-a4a2-4b4859ec7a41',1,30,1,'cddc4ed3-bbb0-45bf-8b07-d8a561d67b0d',NULL),('602c21e9-9ac4-43c7-8293-24c82898164a',NULL,NULL,'e50ee46d-dbef-4c14-8389-4018de132723','475e1efd-f18f-4ba1-93cb-7fb4e7a34440',0,20,1,'6546bfdc-888d-4aae-b5ff-71e1191f6622',NULL),('63731bdf-608a-4e30-ad24-6ad382f3fcf9',NULL,'conditional-user-configured','e50ee46d-dbef-4c14-8389-4018de132723','cddc4ed3-bbb0-45bf-8b07-d8a561d67b0d',0,10,0,NULL,NULL),('6438fde2-399f-4947-a809-61e386424411',NULL,'identity-provider-redirector','e50ee46d-dbef-4c14-8389-4018de132723','e390193a-63e2-4e52-a5de-ffb56c1d20e2',2,25,0,NULL,NULL),('6568fff2-08e2-40c8-9075-43885eff7ee4',NULL,'registration-terms-and-conditions','f1946406-82b6-4136-8051-6fb1a90c99f5','33857cd9-4d06-475b-9432-7d4acd2e8672',3,70,0,NULL,NULL),('67d71ba4-aa9e-48d8-b535-63f699192800',NULL,'registration-password-action','f1946406-82b6-4136-8051-6fb1a90c99f5','33857cd9-4d06-475b-9432-7d4acd2e8672',0,50,0,NULL,NULL),('67e908ab-490d-4a8d-8ae5-809cb37edbae',NULL,'client-x509','f1946406-82b6-4136-8051-6fb1a90c99f5','3b7e9f91-3236-4041-a5d5-8c1e01b552ce',2,40,0,NULL,NULL),('6848a3cc-304c-4d21-8e2d-d2e160d345b2',NULL,'identity-provider-redirector','f1946406-82b6-4136-8051-6fb1a90c99f5','67c647ae-ee8b-43fd-ab04-ee6d027ede3d',2,25,0,NULL,NULL),('68bb22bb-2882-47c1-b08e-c28723e621bb',NULL,NULL,'f1946406-82b6-4136-8051-6fb1a90c99f5','4ae393a0-059c-459a-894d-c5dbfeb6ea99',1,20,1,'59b9e6ec-8527-4e5a-aab4-78d909b0f0e4',NULL),('6bc5ca32-dea0-4237-99c8-8388adf8a5ca',NULL,NULL,'e50ee46d-dbef-4c14-8389-4018de132723','7dce284d-ac29-43ed-9ea5-fdb50e7ee029',2,20,1,'475e1efd-f18f-4ba1-93cb-7fb4e7a34440',NULL),('6bfbd259-6679-44f1-8d12-8f680c8396ca',NULL,'auth-cookie','e50ee46d-dbef-4c14-8389-4018de132723','e390193a-63e2-4e52-a5de-ffb56c1d20e2',2,10,0,NULL,NULL),('6f6fcdd3-58d9-4c87-9f23-4cf4571132ee',NULL,'reset-otp','f1946406-82b6-4136-8051-6fb1a90c99f5','377747da-ff59-4966-aec2-314ca93e77f0',0,20,0,NULL,NULL),('7309c8e2-9999-48f2-9744-07288b4d3bf3',NULL,NULL,'e50ee46d-dbef-4c14-8389-4018de132723','a88352d9-c144-4142-977f-0ac3d4999306',1,20,1,'c5ed3936-0f51-4a6e-b037-2f817ae3cc86',NULL),('73f999cf-41ce-40f3-9ce5-ffc5c01ccfe6',NULL,'conditional-user-configured','f1946406-82b6-4136-8051-6fb1a90c99f5','d9ae6b37-390e-49ff-9e41-61d2fae53628',0,10,0,NULL,NULL),('7529b086-f669-4ece-8649-f19a5ab21a56',NULL,'idp-email-verification','f1946406-82b6-4136-8051-6fb1a90c99f5','f2209327-15dd-43c2-8224-2c8d6f5175c2',2,10,0,NULL,NULL),('7746a8d8-7a2e-4993-8776-cc03290e8883',NULL,'http-basic-authenticator','f1946406-82b6-4136-8051-6fb1a90c99f5','8773d260-1981-471d-a06e-bcc670510dff',0,10,0,NULL,NULL),('79001050-a814-4189-ba35-d064920fa093',NULL,'reset-credentials-choose-user','f1946406-82b6-4136-8051-6fb1a90c99f5','656042a7-5491-4e99-8458-2dfd59bb39aa',0,10,0,NULL,NULL),('7d77b7b2-621c-434f-9396-066121d3e5bd',NULL,NULL,'e50ee46d-dbef-4c14-8389-4018de132723','da19da4d-68c6-4b67-bbdf-2e197c3786a0',1,40,1,'5175b6d3-5f24-4705-9409-0efb35d0d27f',NULL),('8037d1f2-fda3-46ba-80ce-ba280d327713',NULL,NULL,'e50ee46d-dbef-4c14-8389-4018de132723','e390193a-63e2-4e52-a5de-ffb56c1d20e2',2,30,1,'7d0dc3cc-715e-4666-b69f-c14dfe406a5e',NULL),('80a121db-daa2-4616-8124-0c9aa8590c2c',NULL,'reset-password','e50ee46d-dbef-4c14-8389-4018de132723','da19da4d-68c6-4b67-bbdf-2e197c3786a0',0,30,0,NULL,NULL),('813b4344-650a-49f3-8643-3f0b98152ec6',NULL,'docker-http-basic-authenticator','f1946406-82b6-4136-8051-6fb1a90c99f5','0409f2b6-2cb0-4709-a243-8ac2d1911d74',0,10,0,NULL,NULL),('81511c79-fcf0-41e0-b932-3f688aa40e53',NULL,'idp-username-password-form','f1946406-82b6-4136-8051-6fb1a90c99f5','6d002941-9542-4c00-a05e-f0a952af5016',0,10,0,NULL,NULL),('83de6763-272b-438d-a75e-0bea8669219a',NULL,'auth-spnego','f1946406-82b6-4136-8051-6fb1a90c99f5','67c647ae-ee8b-43fd-ab04-ee6d027ede3d',3,20,0,NULL,NULL),('8415a635-0347-4dca-bc20-54651c1dd1e0',NULL,'registration-page-form','e50ee46d-dbef-4c14-8389-4018de132723','e2e6db4e-c0d9-4fef-abd1-363f038661fc',0,10,1,'4ba5f0d2-ffee-4841-b2bb-50f017f29b5d',NULL),('887161ae-6058-437b-89b2-a1ec50d1e2e5',NULL,'idp-email-verification','e50ee46d-dbef-4c14-8389-4018de132723','6546bfdc-888d-4aae-b5ff-71e1191f6622',2,10,0,NULL,NULL),('8da8a42e-cd34-40e6-93db-384416b216e2',NULL,'reset-password','f1946406-82b6-4136-8051-6fb1a90c99f5','656042a7-5491-4e99-8458-2dfd59bb39aa',0,30,0,NULL,NULL),('8e2effc3-04b0-4ac9-b032-4665dcc02c44',NULL,'http-basic-authenticator','e50ee46d-dbef-4c14-8389-4018de132723','7a5156db-fd5f-4648-aedb-6bbc9390890f',0,10,0,NULL,NULL),('8edc05d9-c03c-4a2d-8ef6-4ea298635bd1',NULL,'direct-grant-validate-otp','f1946406-82b6-4136-8051-6fb1a90c99f5','d9ae6b37-390e-49ff-9e41-61d2fae53628',0,20,0,NULL,NULL),('92bb3c35-cfd6-4d24-9aea-f65b77135169',NULL,'idp-review-profile','e50ee46d-dbef-4c14-8389-4018de132723','d9938d1b-a01a-410c-8fc5-a732a42e16b5',0,10,0,NULL,'0c626baf-17a7-4517-9c16-4cb79987eafb'),('97f5df53-88a5-4adc-adf0-ccffd9af7d19',NULL,NULL,'e50ee46d-dbef-4c14-8389-4018de132723','7d0dc3cc-715e-4666-b69f-c14dfe406a5e',1,20,1,'bf394c95-ce6e-46fc-be16-48704f79be62',NULL),('9fe06c73-4c79-4494-8c49-9d277b6378a6',NULL,'auth-otp-form','e50ee46d-dbef-4c14-8389-4018de132723','c5ed3936-0f51-4a6e-b037-2f817ae3cc86',0,20,0,NULL,NULL),('a1f13dff-77ca-484c-b5aa-65b53b952518',NULL,'direct-grant-validate-otp','e50ee46d-dbef-4c14-8389-4018de132723','cddc4ed3-bbb0-45bf-8b07-d8a561d67b0d',0,20,0,NULL,NULL),('a213dec0-2df5-4500-9d00-11fc35825477',NULL,NULL,'f1946406-82b6-4136-8051-6fb1a90c99f5','6d002941-9542-4c00-a05e-f0a952af5016',1,20,1,'2fc7d28c-b301-4467-9ff0-8dbbfb984434',NULL),('a411d1fb-6232-4474-90ff-d4c9ef9c1f2a',NULL,'direct-grant-validate-username','e50ee46d-dbef-4c14-8389-4018de132723','b81c475c-1e2a-4e47-a4a2-4b4859ec7a41',0,10,0,NULL,NULL),('a870d702-ef43-424e-ac70-23b2167ca0e0',NULL,'idp-confirm-link','e50ee46d-dbef-4c14-8389-4018de132723','475e1efd-f18f-4ba1-93cb-7fb4e7a34440',0,10,0,NULL,NULL),('ad99ac94-49d8-4a6a-bfff-6a04efd4120d',NULL,'auth-otp-form','f1946406-82b6-4136-8051-6fb1a90c99f5','2fc7d28c-b301-4467-9ff0-8dbbfb984434',0,20,0,NULL,NULL),('ba44b8b4-c016-4603-94d1-4c2881b4884b',NULL,'registration-terms-and-conditions','e50ee46d-dbef-4c14-8389-4018de132723','4ba5f0d2-ffee-4841-b2bb-50f017f29b5d',3,70,0,NULL,NULL),('c22a4273-4ccc-495c-8f15-930ae9c1c53d',NULL,'idp-create-user-if-unique','f1946406-82b6-4136-8051-6fb1a90c99f5','eaa73f2b-8dd7-45e4-9efe-184772f363be',2,10,0,NULL,'52d8ace7-7e23-4db4-8804-c49996e3998b'),('c2ff8a7f-4348-474f-b53a-732508223ba7',NULL,'client-jwt','e50ee46d-dbef-4c14-8389-4018de132723','854ecd23-ce94-4369-b17d-0853054e8922',2,20,0,NULL,NULL),('c8aecbc6-7da7-4465-9978-65d79549a464',NULL,'registration-user-creation','e50ee46d-dbef-4c14-8389-4018de132723','4ba5f0d2-ffee-4841-b2bb-50f017f29b5d',0,20,0,NULL,NULL),('c9584872-f2c6-470b-b08b-11e98f4771b4',NULL,NULL,'e50ee46d-dbef-4c14-8389-4018de132723','6546bfdc-888d-4aae-b5ff-71e1191f6622',2,20,1,'a88352d9-c144-4142-977f-0ac3d4999306',NULL),('dcbc135c-b884-4cc2-adc4-96844cbb6aa3',NULL,'reset-credential-email','e50ee46d-dbef-4c14-8389-4018de132723','da19da4d-68c6-4b67-bbdf-2e197c3786a0',0,20,0,NULL,NULL),('dd9540eb-ff8d-4c15-997e-3cc6617a3b81',NULL,'auth-spnego','e50ee46d-dbef-4c14-8389-4018de132723','e390193a-63e2-4e52-a5de-ffb56c1d20e2',3,20,0,NULL,NULL),('e0e2b5df-16cb-4efa-bef7-b05e37e71c33',NULL,'auth-cookie','f1946406-82b6-4136-8051-6fb1a90c99f5','67c647ae-ee8b-43fd-ab04-ee6d027ede3d',2,10,0,NULL,NULL),('ea265eb1-fac9-49de-b455-17aaf50d16de',NULL,NULL,'e50ee46d-dbef-4c14-8389-4018de132723','e390193a-63e2-4e52-a5de-ffb56c1d20e2',2,26,1,'28e0509a-c84b-44d9-9b8a-4e663c1548e8',NULL),('eb437fa2-2c08-40df-8630-b96fb56599be',NULL,NULL,'e50ee46d-dbef-4c14-8389-4018de132723','d9938d1b-a01a-410c-8fc5-a732a42e16b5',1,50,1,'2bb9daab-339e-45c0-ae89-ac1854ee9523',NULL),('ee2342bf-10f2-489b-b06c-08dffcb70bc4',NULL,'direct-grant-validate-password','f1946406-82b6-4136-8051-6fb1a90c99f5','e6c35908-4ab0-4f6e-afc7-2aa2c846cc21',0,20,0,NULL,NULL),('ee26d0bb-fd4d-4bb4-869b-f451ccd19b4e',NULL,'reset-otp','e50ee46d-dbef-4c14-8389-4018de132723','5175b6d3-5f24-4705-9409-0efb35d0d27f',0,20,0,NULL,NULL),('ef566e2b-83d4-443f-8192-5fd247237979',NULL,'client-secret','f1946406-82b6-4136-8051-6fb1a90c99f5','3b7e9f91-3236-4041-a5d5-8c1e01b552ce',2,10,0,NULL,NULL),('f180a45d-6799-481b-9e39-92f95c086aa1',NULL,NULL,'f1946406-82b6-4136-8051-6fb1a90c99f5','e6c35908-4ab0-4f6e-afc7-2aa2c846cc21',1,30,1,'d9ae6b37-390e-49ff-9e41-61d2fae53628',NULL),('f657f8bc-7720-4761-9644-d5f7e591ad8e',NULL,'conditional-user-configured','f1946406-82b6-4136-8051-6fb1a90c99f5','59b9e6ec-8527-4e5a-aab4-78d909b0f0e4',0,10,0,NULL,NULL),('f942ed63-3612-448a-9677-b98de3cf24d6',NULL,'registration-recaptcha-action','f1946406-82b6-4136-8051-6fb1a90c99f5','33857cd9-4d06-475b-9432-7d4acd2e8672',3,60,0,NULL,NULL),('fab2cc30-0b75-47b0-9d56-63fe81234ef6',NULL,'client-secret','e50ee46d-dbef-4c14-8389-4018de132723','854ecd23-ce94-4369-b17d-0853054e8922',2,10,0,NULL,NULL);
/*!40000 ALTER TABLE `AUTHENTICATION_EXECUTION` ENABLE KEYS */;
UNLOCK TABLES;

--
-- Table structure for table `AUTHENTICATION_FLOW`
--

DROP TABLE IF EXISTS `AUTHENTICATION_FLOW`;
/*!40101 SET @saved_cs_client     = @@character_set_client */;
/*!50503 SET character_set_client = utf8mb4 */;
CREATE TABLE `AUTHENTICATION_FLOW` (
  `ID` varchar(36) NOT NULL,
  `ALIAS` varchar(255) DEFAULT NULL,
  `DESCRIPTION` varchar(255) CHARACTER SET utf8mb3 COLLATE utf8mb3_general_ci DEFAULT NULL,
  `REALM_ID` varchar(36) DEFAULT NULL,
  `PROVIDER_ID` varchar(36) NOT NULL DEFAULT 'basic-flow',
  `TOP_LEVEL` tinyint NOT NULL DEFAULT '0',
  `BUILT_IN` tinyint NOT NULL DEFAULT '0',
  PRIMARY KEY (`ID`),
  KEY `IDX_AUTH_FLOW_REALM` (`REALM_ID`),
  CONSTRAINT `FK_AUTH_FLOW_REALM` FOREIGN KEY (`REALM_ID`) REFERENCES `REALM` (`ID`)
) ENGINE=InnoDB DEFAULT CHARSET=utf8mb4 COLLATE=utf8mb4_0900_ai_ci;
/*!40101 SET character_set_client = @saved_cs_client */;

--
-- Dumping data for table `AUTHENTICATION_FLOW`
--

LOCK TABLES `AUTHENTICATION_FLOW` WRITE;
/*!40000 ALTER TABLE `AUTHENTICATION_FLOW` DISABLE KEYS */;
INSERT INTO `AUTHENTICATION_FLOW` VALUES ('0409f2b6-2cb0-4709-a243-8ac2d1911d74','docker auth','Used by Docker clients to authenticate against the IDP','f1946406-82b6-4136-8051-6fb1a90c99f5','basic-flow',1,1),('0975b569-293c-465c-b073-c40c2d8ee79f','Handle Existing Account','Handle what to do if there is existing account with same email/username like authenticated identity provider','f1946406-82b6-4136-8051-6fb1a90c99f5','basic-flow',0,1),('28e0509a-c84b-44d9-9b8a-4e663c1548e8','Organization',NULL,'e50ee46d-dbef-4c14-8389-4018de132723','basic-flow',0,1),('2bb9daab-339e-45c0-ae89-ac1854ee9523','First Broker Login - Conditional Organization','Flow to determine if the authenticator that adds organization members is to be used','e50ee46d-dbef-4c14-8389-4018de132723','basic-flow',0,1),('2fc7d28c-b301-4467-9ff0-8dbbfb984434','First broker login - Conditional OTP','Flow to determine if the OTP is required for the authentication','f1946406-82b6-4136-8051-6fb1a90c99f5','basic-flow',0,1),('33857cd9-4d06-475b-9432-7d4acd2e8672','registration form','Registration form','f1946406-82b6-4136-8051-6fb1a90c99f5','form-flow',0,1),('377747da-ff59-4966-aec2-314ca93e77f0','Reset - Conditional OTP','Flow to determine if the OTP should be reset or not. Set to REQUIRED to force.','f1946406-82b6-4136-8051-6fb1a90c99f5','basic-flow',0,1),('3b7e9f91-3236-4041-a5d5-8c1e01b552ce','clients','Base authentication for clients','f1946406-82b6-4136-8051-6fb1a90c99f5','client-flow',1,1),('475e1efd-f18f-4ba1-93cb-7fb4e7a34440','Handle Existing Account','Handle what to do if there is existing account with same email/username like authenticated identity provider','e50ee46d-dbef-4c14-8389-4018de132723','basic-flow',0,1),('4ae393a0-059c-459a-894d-c5dbfeb6ea99','forms','Username, password, otp and other auth forms.','f1946406-82b6-4136-8051-6fb1a90c99f5','basic-flow',0,1),('4ba5f0d2-ffee-4841-b2bb-50f017f29b5d','registration form','Registration form','e50ee46d-dbef-4c14-8389-4018de132723','form-flow',0,1),('510673fc-235e-4b52-b483-0c2f793a3676','Browser - Conditional Organization','Flow to determine if the organization identity-first login is to be used','e50ee46d-dbef-4c14-8389-4018de132723','basic-flow',0,1),('5175b6d3-5f24-4705-9409-0efb35d0d27f','Reset - Conditional OTP','Flow to determine if the OTP should be reset or not. Set to REQUIRED to force.','e50ee46d-dbef-4c14-8389-4018de132723','basic-flow',0,1),('59b9e6ec-8527-4e5a-aab4-78d909b0f0e4','Browser - Conditional OTP','Flow to determine if the OTP is required for the authentication','f1946406-82b6-4136-8051-6fb1a90c99f5','basic-flow',0,1),('6546bfdc-888d-4aae-b5ff-71e1191f6622','Account verification options','Method with which to verity the existing account','e50ee46d-dbef-4c14-8389-4018de132723','basic-flow',0,1),('656042a7-5491-4e99-8458-2dfd59bb39aa','reset credentials','Reset credentials for a user if they forgot their password or something','f1946406-82b6-4136-8051-6fb1a90c99f5','basic-flow',1,1),('67c647ae-ee8b-43fd-ab04-ee6d027ede3d','browser','Browser based authentication','f1946406-82b6-4136-8051-6fb1a90c99f5','basic-flow',1,1),('6d002941-9542-4c00-a05e-f0a952af5016','Verify Existing Account by Re-authentication','Reauthentication of existing account','f1946406-82b6-4136-8051-6fb1a90c99f5','basic-flow',0,1),('7a5156db-fd5f-4648-aedb-6bbc9390890f','saml ecp','SAML ECP Profile Authentication Flow','e50ee46d-dbef-4c14-8389-4018de132723','basic-flow',1,1),('7d0dc3cc-715e-4666-b69f-c14dfe406a5e','forms','Username, password, otp and other auth forms.','e50ee46d-dbef-4c14-8389-4018de132723','basic-flow',0,1),('7dce284d-ac29-43ed-9ea5-fdb50e7ee029','User creation or linking','Flow for the existing/non-existing user alternatives','e50ee46d-dbef-4c14-8389-4018de132723','basic-flow',0,1),('854ecd23-ce94-4369-b17d-0853054e8922','clients','Base authentication for clients','e50ee46d-dbef-4c14-8389-4018de132723','client-flow',1,1),('8773d260-1981-471d-a06e-bcc670510dff','saml ecp','SAML ECP Profile Authentication Flow','f1946406-82b6-4136-8051-6fb1a90c99f5','basic-flow',1,1),('88fdeb9f-8865-4749-bea5-066af9f5df88','registration','Registration flow','f1946406-82b6-4136-8051-6fb1a90c99f5','basic-flow',1,1),('a42eef3e-bae5-4db2-bee2-caadb62e2fc7','first broker login','Actions taken after first broker login with identity provider account, which is not yet linked to any Keycloak account','f1946406-82b6-4136-8051-6fb1a90c99f5','basic-flow',1,1),('a88352d9-c144-4142-977f-0ac3d4999306','Verify Existing Account by Re-authentication','Reauthentication of existing account','e50ee46d-dbef-4c14-8389-4018de132723','basic-flow',0,1),('b81c475c-1e2a-4e47-a4a2-4b4859ec7a41','direct grant','OpenID Connect Resource Owner Grant','e50ee46d-dbef-4c14-8389-4018de132723','basic-flow',1,1),('bf394c95-ce6e-46fc-be16-48704f79be62','Browser - Conditional OTP','Flow to determine if the OTP is required for the authentication','e50ee46d-dbef-4c14-8389-4018de132723','basic-flow',0,1),('c5ed3936-0f51-4a6e-b037-2f817ae3cc86','First broker login - Conditional OTP','Flow to determine if the OTP is required for the authentication','e50ee46d-dbef-4c14-8389-4018de132723','basic-flow',0,1),('cddc4ed3-bbb0-45bf-8b07-d8a561d67b0d','Direct Grant - Conditional OTP','Flow to determine if the OTP is required for the authentication','e50ee46d-dbef-4c14-8389-4018de132723','basic-flow',0,1),('d779ea90-eddb-4179-8904-0bafb25acad1','docker auth','Used by Docker clients to authenticate against the IDP','e50ee46d-dbef-4c14-8389-4018de132723','basic-flow',1,1),('d9938d1b-a01a-410c-8fc5-a732a42e16b5','first broker login','Actions taken after first broker login with identity provider account, which is not yet linked to any Keycloak account','e50ee46d-dbef-4c14-8389-4018de132723','basic-flow',1,1),('d9ae6b37-390e-49ff-9e41-61d2fae53628','Direct Grant - Conditional OTP','Flow to determine if the OTP is required for the authentication','f1946406-82b6-4136-8051-6fb1a90c99f5','basic-flow',0,1),('da19da4d-68c6-4b67-bbdf-2e197c3786a0','reset credentials','Reset credentials for a user if they forgot their password or something','e50ee46d-dbef-4c14-8389-4018de132723','basic-flow',1,1),('e2e6db4e-c0d9-4fef-abd1-363f038661fc','registration','Registration flow','e50ee46d-dbef-4c14-8389-4018de132723','basic-flow',1,1),('e390193a-63e2-4e52-a5de-ffb56c1d20e2','browser','Browser based authentication','e50ee46d-dbef-4c14-8389-4018de132723','basic-flow',1,1),('e6c35908-4ab0-4f6e-afc7-2aa2c846cc21','direct grant','OpenID Connect Resource Owner Grant','f1946406-82b6-4136-8051-6fb1a90c99f5','basic-flow',1,1),('eaa73f2b-8dd7-45e4-9efe-184772f363be','User creation or linking','Flow for the existing/non-existing user alternatives','f1946406-82b6-4136-8051-6fb1a90c99f5','basic-flow',0,1),('f2209327-15dd-43c2-8224-2c8d6f5175c2','Account verification options','Method with which to verity the existing account','f1946406-82b6-4136-8051-6fb1a90c99f5','basic-flow',0,1);
/*!40000 ALTER TABLE `AUTHENTICATION_FLOW` ENABLE KEYS */;
UNLOCK TABLES;

--
-- Table structure for table `AUTHENTICATOR_CONFIG`
--

DROP TABLE IF EXISTS `AUTHENTICATOR_CONFIG`;
/*!40101 SET @saved_cs_client     = @@character_set_client */;
/*!50503 SET character_set_client = utf8mb4 */;
CREATE TABLE `AUTHENTICATOR_CONFIG` (
  `ID` varchar(36) NOT NULL,
  `ALIAS` varchar(255) DEFAULT NULL,
  `REALM_ID` varchar(36) DEFAULT NULL,
  PRIMARY KEY (`ID`),
  KEY `IDX_AUTH_CONFIG_REALM` (`REALM_ID`),
  CONSTRAINT `FK_AUTH_REALM` FOREIGN KEY (`REALM_ID`) REFERENCES `REALM` (`ID`)
) ENGINE=InnoDB DEFAULT CHARSET=utf8mb4 COLLATE=utf8mb4_0900_ai_ci;
/*!40101 SET character_set_client = @saved_cs_client */;

--
-- Dumping data for table `AUTHENTICATOR_CONFIG`
--

LOCK TABLES `AUTHENTICATOR_CONFIG` WRITE;
/*!40000 ALTER TABLE `AUTHENTICATOR_CONFIG` DISABLE KEYS */;
INSERT INTO `AUTHENTICATOR_CONFIG` VALUES ('0c626baf-17a7-4517-9c16-4cb79987eafb','review profile config','e50ee46d-dbef-4c14-8389-4018de132723'),('3111c644-61d4-4e98-847f-b5e90182fc64','create unique user config','e50ee46d-dbef-4c14-8389-4018de132723'),('52d8ace7-7e23-4db4-8804-c49996e3998b','create unique user config','f1946406-82b6-4136-8051-6fb1a90c99f5'),('955064cd-3be6-43f1-b561-d26098e0c84b','review profile config','f1946406-82b6-4136-8051-6fb1a90c99f5');
/*!40000 ALTER TABLE `AUTHENTICATOR_CONFIG` ENABLE KEYS */;
UNLOCK TABLES;

--
-- Table structure for table `AUTHENTICATOR_CONFIG_ENTRY`
--

DROP TABLE IF EXISTS `AUTHENTICATOR_CONFIG_ENTRY`;
/*!40101 SET @saved_cs_client     = @@character_set_client */;
/*!50503 SET character_set_client = utf8mb4 */;
CREATE TABLE `AUTHENTICATOR_CONFIG_ENTRY` (
  `AUTHENTICATOR_ID` varchar(36) NOT NULL,
  `VALUE` longtext,
  `NAME` varchar(255) NOT NULL,
  PRIMARY KEY (`AUTHENTICATOR_ID`,`NAME`)
) ENGINE=InnoDB DEFAULT CHARSET=utf8mb4 COLLATE=utf8mb4_0900_ai_ci;
/*!40101 SET character_set_client = @saved_cs_client */;

--
-- Dumping data for table `AUTHENTICATOR_CONFIG_ENTRY`
--

LOCK TABLES `AUTHENTICATOR_CONFIG_ENTRY` WRITE;
/*!40000 ALTER TABLE `AUTHENTICATOR_CONFIG_ENTRY` DISABLE KEYS */;
INSERT INTO `AUTHENTICATOR_CONFIG_ENTRY` VALUES ('0c626baf-17a7-4517-9c16-4cb79987eafb','missing','update.profile.on.first.login'),('3111c644-61d4-4e98-847f-b5e90182fc64','false','require.password.update.after.registration'),('52d8ace7-7e23-4db4-8804-c49996e3998b','false','require.password.update.after.registration'),('955064cd-3be6-43f1-b561-d26098e0c84b','missing','update.profile.on.first.login');
/*!40000 ALTER TABLE `AUTHENTICATOR_CONFIG_ENTRY` ENABLE KEYS */;
UNLOCK TABLES;

--
-- Table structure for table `BROKER_LINK`
--

DROP TABLE IF EXISTS `BROKER_LINK`;
/*!40101 SET @saved_cs_client     = @@character_set_client */;
/*!50503 SET character_set_client = utf8mb4 */;
CREATE TABLE `BROKER_LINK` (
  `IDENTITY_PROVIDER` varchar(255) NOT NULL,
  `STORAGE_PROVIDER_ID` varchar(255) DEFAULT NULL,
  `REALM_ID` varchar(36) NOT NULL,
  `BROKER_USER_ID` varchar(255) DEFAULT NULL,
  `BROKER_USERNAME` varchar(255) DEFAULT NULL,
  `TOKEN` text,
  `USER_ID` varchar(255) NOT NULL,
  PRIMARY KEY (`IDENTITY_PROVIDER`,`USER_ID`)
) ENGINE=InnoDB DEFAULT CHARSET=utf8mb4 COLLATE=utf8mb4_0900_ai_ci;
/*!40101 SET character_set_client = @saved_cs_client */;

--
-- Dumping data for table `BROKER_LINK`
--

LOCK TABLES `BROKER_LINK` WRITE;
/*!40000 ALTER TABLE `BROKER_LINK` DISABLE KEYS */;
/*!40000 ALTER TABLE `BROKER_LINK` ENABLE KEYS */;
UNLOCK TABLES;

--
-- Table structure for table `CLIENT`
--

DROP TABLE IF EXISTS `CLIENT`;
/*!40101 SET @saved_cs_client     = @@character_set_client */;
/*!50503 SET character_set_client = utf8mb4 */;
CREATE TABLE `CLIENT` (
  `ID` varchar(36) NOT NULL,
  `ENABLED` tinyint NOT NULL DEFAULT '0',
  `FULL_SCOPE_ALLOWED` tinyint NOT NULL DEFAULT '0',
  `CLIENT_ID` varchar(255) DEFAULT NULL,
  `NOT_BEFORE` int DEFAULT NULL,
  `PUBLIC_CLIENT` tinyint NOT NULL DEFAULT '0',
  `SECRET` varchar(255) DEFAULT NULL,
  `BASE_URL` varchar(255) DEFAULT NULL,
  `BEARER_ONLY` tinyint NOT NULL DEFAULT '0',
  `MANAGEMENT_URL` varchar(255) DEFAULT NULL,
  `SURROGATE_AUTH_REQUIRED` tinyint NOT NULL DEFAULT '0',
  `REALM_ID` varchar(36) DEFAULT NULL,
  `PROTOCOL` varchar(255) DEFAULT NULL,
  `NODE_REREG_TIMEOUT` int DEFAULT '0',
  `FRONTCHANNEL_LOGOUT` tinyint NOT NULL DEFAULT '0',
  `CONSENT_REQUIRED` tinyint NOT NULL DEFAULT '0',
  `NAME` varchar(255) CHARACTER SET utf8mb3 COLLATE utf8mb3_general_ci DEFAULT NULL,
  `SERVICE_ACCOUNTS_ENABLED` tinyint NOT NULL DEFAULT '0',
  `CLIENT_AUTHENTICATOR_TYPE` varchar(255) DEFAULT NULL,
  `ROOT_URL` varchar(255) DEFAULT NULL,
  `DESCRIPTION` varchar(255) CHARACTER SET utf8mb3 COLLATE utf8mb3_general_ci DEFAULT NULL,
  `REGISTRATION_TOKEN` varchar(255) DEFAULT NULL,
  `STANDARD_FLOW_ENABLED` tinyint NOT NULL DEFAULT '1',
  `IMPLICIT_FLOW_ENABLED` tinyint NOT NULL DEFAULT '0',
  `DIRECT_ACCESS_GRANTS_ENABLED` tinyint NOT NULL DEFAULT '0',
  `ALWAYS_DISPLAY_IN_CONSOLE` tinyint NOT NULL DEFAULT '0',
  PRIMARY KEY (`ID`),
  UNIQUE KEY `UK_B71CJLBENV945RB6GCON438AT` (`REALM_ID`,`CLIENT_ID`),
  KEY `IDX_CLIENT_ID` (`CLIENT_ID`)
) ENGINE=InnoDB DEFAULT CHARSET=utf8mb4 COLLATE=utf8mb4_0900_ai_ci;
/*!40101 SET character_set_client = @saved_cs_client */;

--
-- Dumping data for table `CLIENT`
--

LOCK TABLES `CLIENT` WRITE;
/*!40000 ALTER TABLE `CLIENT` DISABLE KEYS */;
INSERT INTO `CLIENT` VALUES ('0414fe75-dcac-4c88-833a-3a505459bdde',1,0,'account-console',0,1,NULL,'/realms/myrealm/account/',0,NULL,0,'e50ee46d-dbef-4c14-8389-4018de132723','openid-connect',0,0,0,'${client_account-console}',0,'client-secret','${authBaseUrl}',NULL,NULL,1,0,0,0),('1399d0b4-f016-47bc-a452-46d610d67de5',1,0,'account',0,1,NULL,'/realms/myrealm/account/',0,NULL,0,'e50ee46d-dbef-4c14-8389-4018de132723','openid-connect',0,0,0,'${client_account}',0,'client-secret','${authBaseUrl}',NULL,NULL,1,0,0,0),('20836201-ca6b-40c4-bf3a-b48cf00a8637',1,0,'broker',0,0,NULL,NULL,1,NULL,0,'e50ee46d-dbef-4c14-8389-4018de132723','openid-connect',0,0,0,'${client_broker}',0,'client-secret',NULL,NULL,NULL,1,0,0,0),('32b9c9ed-144d-4c00-85e3-6657b0f37925',1,1,'security-admin-console',0,1,NULL,'/admin/myrealm/console/',0,NULL,0,'e50ee46d-dbef-4c14-8389-4018de132723','openid-connect',0,0,0,'${client_security-admin-console}',0,'client-secret','${authAdminUrl}',NULL,NULL,1,0,0,0),('49f2a783-9899-4618-95be-1a77d63e29b1',1,0,'broker',0,0,NULL,NULL,1,NULL,0,'f1946406-82b6-4136-8051-6fb1a90c99f5','openid-connect',0,0,0,'${client_broker}',0,'client-secret',NULL,NULL,NULL,1,0,0,0),('4c20a7bd-9883-490d-abfc-58b25911af28',1,0,'master-realm',0,0,NULL,NULL,1,NULL,0,'f1946406-82b6-4136-8051-6fb1a90c99f5',NULL,0,0,0,'master Realm',0,'client-secret',NULL,NULL,NULL,1,0,0,0),('81ea0b12-8693-49b8-a814-399411598573',1,1,'admin-cli',0,1,NULL,NULL,0,NULL,0,'e50ee46d-dbef-4c14-8389-4018de132723','openid-connect',0,0,0,'${client_admin-cli}',0,'client-secret',NULL,NULL,NULL,0,0,1,0),('9c7e18c1-48e1-46d4-9d7e-06d1f8d374d1',1,1,'admin-cli',0,1,NULL,NULL,0,NULL,0,'f1946406-82b6-4136-8051-6fb1a90c99f5','openid-connect',0,0,0,'${client_admin-cli}',0,'client-secret',NULL,NULL,NULL,0,0,1,0),('a1604d53-1ef0-41f6-92ca-f9ab8dea20e0',1,1,'security-admin-console',0,1,NULL,'/admin/master/console/',0,NULL,0,'f1946406-82b6-4136-8051-6fb1a90c99f5','openid-connect',0,0,0,'${client_security-admin-console}',0,'client-secret','${authAdminUrl}',NULL,NULL,1,0,0,0),('abde16d7-a58f-4caa-ad9d-54e15ab1de94',1,0,'myrealm-realm',0,0,NULL,NULL,1,NULL,0,'f1946406-82b6-4136-8051-6fb1a90c99f5',NULL,0,0,0,'myrealm Realm',0,'client-secret',NULL,NULL,NULL,1,0,0,0),('ae9915e7-77b0-427e-8586-0ef575e74160',1,1,'mytrainer2client',0,1,NULL,'http://localhost',0,'http://localhost',0,'e50ee46d-dbef-4c14-8389-4018de132723','openid-connect',-1,1,0,'',0,'client-secret','http://localhost','',NULL,1,1,1,0),('d34ded44-98e1-4fba-a762-4e5dd96004f8',1,0,'realm-management',0,0,NULL,NULL,1,NULL,0,'e50ee46d-dbef-4c14-8389-4018de132723','openid-connect',0,0,0,'${client_realm-management}',0,'client-secret',NULL,NULL,NULL,1,0,0,0),('ea4f5ebe-4a09-4b92-ac63-d3b77f961969',1,1,'provisioning-client',0,0,'ZTXyf95UCEHVSnD322SJchAJ4vZH378v','',0,'',0,'e50ee46d-dbef-4c14-8389-4018de132723','openid-connect',-1,1,0,'',1,'client-secret','','',NULL,1,0,1,0),('ef3c076b-9246-46d9-898d-a07017fa0fc2',1,0,'account-console',0,1,NULL,'/realms/master/account/',0,NULL,0,'f1946406-82b6-4136-8051-6fb1a90c99f5','openid-connect',0,0,0,'${client_account-console}',0,'client-secret','${authBaseUrl}',NULL,NULL,1,0,0,0),('fbf4b924-3602-4938-b37b-cde7187491aa',1,1,'my_fitness_resource',0,1,NULL,'',0,'',0,'e50ee46d-dbef-4c14-8389-4018de132723','openid-connect',-1,0,0,'',0,'client-secret','','',NULL,0,0,0,1),('fca762a4-efcf-4413-9a8a-a5d8667ac60d',1,0,'account',0,1,NULL,'/realms/master/account/',0,NULL,0,'f1946406-82b6-4136-8051-6fb1a90c99f5','openid-connect',0,0,0,'${client_account}',0,'client-secret','${authBaseUrl}',NULL,NULL,1,0,0,0);
/*!40000 ALTER TABLE `CLIENT` ENABLE KEYS */;
UNLOCK TABLES;

--
-- Table structure for table `CLIENT_ATTRIBUTES`
--

DROP TABLE IF EXISTS `CLIENT_ATTRIBUTES`;
/*!40101 SET @saved_cs_client     = @@character_set_client */;
/*!50503 SET character_set_client = utf8mb4 */;
CREATE TABLE `CLIENT_ATTRIBUTES` (
  `CLIENT_ID` varchar(36) NOT NULL,
  `NAME` varchar(255) NOT NULL,
  `VALUE` longtext CHARACTER SET utf8mb3 COLLATE utf8mb3_general_ci,
  PRIMARY KEY (`CLIENT_ID`,`NAME`),
  KEY `IDX_CLIENT_ATT_BY_NAME_VALUE` (`NAME`,`VALUE`(255)),
  CONSTRAINT `FK3C47C64BEACCA966` FOREIGN KEY (`CLIENT_ID`) REFERENCES `CLIENT` (`ID`)
) ENGINE=InnoDB DEFAULT CHARSET=utf8mb4 COLLATE=utf8mb4_0900_ai_ci;
/*!40101 SET character_set_client = @saved_cs_client */;

--
-- Dumping data for table `CLIENT_ATTRIBUTES`
--

LOCK TABLES `CLIENT_ATTRIBUTES` WRITE;
/*!40000 ALTER TABLE `CLIENT_ATTRIBUTES` DISABLE KEYS */;
INSERT INTO `CLIENT_ATTRIBUTES` VALUES ('0414fe75-dcac-4c88-833a-3a505459bdde','pkce.code.challenge.method','S256'),('0414fe75-dcac-4c88-833a-3a505459bdde','post.logout.redirect.uris','+'),('1399d0b4-f016-47bc-a452-46d610d67de5','post.logout.redirect.uris','+'),('32b9c9ed-144d-4c00-85e3-6657b0f37925','client.use.lightweight.access.token.enabled','true'),('32b9c9ed-144d-4c00-85e3-6657b0f37925','pkce.code.challenge.method','S256'),('32b9c9ed-144d-4c00-85e3-6657b0f37925','post.logout.redirect.uris','+'),('81ea0b12-8693-49b8-a814-399411598573','client.use.lightweight.access.token.enabled','true'),('9c7e18c1-48e1-46d4-9d7e-06d1f8d374d1','client.use.lightweight.access.token.enabled','true'),('a1604d53-1ef0-41f6-92ca-f9ab8dea20e0','client.use.lightweight.access.token.enabled','true'),('a1604d53-1ef0-41f6-92ca-f9ab8dea20e0','pkce.code.challenge.method','S256'),('a1604d53-1ef0-41f6-92ca-f9ab8dea20e0','post.logout.redirect.uris','+'),('ae9915e7-77b0-427e-8586-0ef575e74160','acr.loa.map','{}'),('ae9915e7-77b0-427e-8586-0ef575e74160','backchannel.logout.revoke.offline.tokens','false'),('ae9915e7-77b0-427e-8586-0ef575e74160','backchannel.logout.session.required','false'),('ae9915e7-77b0-427e-8586-0ef575e74160','client_credentials.use_refresh_token','false'),('ae9915e7-77b0-427e-8586-0ef575e74160','client.introspection.response.allow.jwt.claim.enabled','false'),('ae9915e7-77b0-427e-8586-0ef575e74160','client.secret.creation.time','1744916276'),('ae9915e7-77b0-427e-8586-0ef575e74160','client.use.lightweight.access.token.enabled','false'),('ae9915e7-77b0-427e-8586-0ef575e74160','display.on.consent.screen','false'),('ae9915e7-77b0-427e-8586-0ef575e74160','frontchannel.logout.session.required','false'),('ae9915e7-77b0-427e-8586-0ef575e74160','frontchannel.logout.url','http://localhost/'),('ae9915e7-77b0-427e-8586-0ef575e74160','oauth2.device.authorization.grant.enabled','false'),('ae9915e7-77b0-427e-8586-0ef575e74160','oidc.ciba.grant.enabled','false'),('ae9915e7-77b0-427e-8586-0ef575e74160','post.logout.redirect.uris','http://localhost/*##com.mvfitness.mytrainer2client://logoutredirect'),('ae9915e7-77b0-427e-8586-0ef575e74160','realm_client','false'),('ae9915e7-77b0-427e-8586-0ef575e74160','request.object.encryption.alg','any'),('ae9915e7-77b0-427e-8586-0ef575e74160','request.object.encryption.enc','any'),('ae9915e7-77b0-427e-8586-0ef575e74160','request.object.required','not required'),('ae9915e7-77b0-427e-8586-0ef575e74160','request.object.signature.alg','any'),('ae9915e7-77b0-427e-8586-0ef575e74160','require.pushed.authorization.requests','false'),('ae9915e7-77b0-427e-8586-0ef575e74160','tls.client.certificate.bound.access.tokens','false'),('ae9915e7-77b0-427e-8586-0ef575e74160','token.response.type.bearer.lower-case','false'),('ae9915e7-77b0-427e-8586-0ef575e74160','use.refresh.tokens','true'),('ea4f5ebe-4a09-4b92-ac63-d3b77f961969','backchannel.logout.revoke.offline.tokens','false'),('ea4f5ebe-4a09-4b92-ac63-d3b77f961969','backchannel.logout.session.required','true'),('ea4f5ebe-4a09-4b92-ac63-d3b77f961969','client.secret.creation.time','1745441157'),('ea4f5ebe-4a09-4b92-ac63-d3b77f961969','display.on.consent.screen','false'),('ea4f5ebe-4a09-4b92-ac63-d3b77f961969','frontchannel.logout.session.required','true'),('ea4f5ebe-4a09-4b92-ac63-d3b77f961969','oauth2.device.authorization.grant.enabled','false'),('ea4f5ebe-4a09-4b92-ac63-d3b77f961969','oidc.ciba.grant.enabled','false'),('ea4f5ebe-4a09-4b92-ac63-d3b77f961969','realm_client','false'),('ef3c076b-9246-46d9-898d-a07017fa0fc2','pkce.code.challenge.method','S256'),('ef3c076b-9246-46d9-898d-a07017fa0fc2','post.logout.redirect.uris','+'),('fbf4b924-3602-4938-b37b-cde7187491aa','backchannel.logout.revoke.offline.tokens','false'),('fbf4b924-3602-4938-b37b-cde7187491aa','backchannel.logout.session.required','false'),('fbf4b924-3602-4938-b37b-cde7187491aa','client.secret.creation.time','1744829803'),('fbf4b924-3602-4938-b37b-cde7187491aa','display.on.consent.screen','false'),('fbf4b924-3602-4938-b37b-cde7187491aa','frontchannel.logout.session.required','true'),('fbf4b924-3602-4938-b37b-cde7187491aa','oauth2.device.authorization.grant.enabled','false'),('fbf4b924-3602-4938-b37b-cde7187491aa','oidc.ciba.grant.enabled','false'),('fbf4b924-3602-4938-b37b-cde7187491aa','realm_client','false'),('fbf4b924-3602-4938-b37b-cde7187491aa','use.jwks.url','false'),('fca762a4-efcf-4413-9a8a-a5d8667ac60d','post.logout.redirect.uris','+');
/*!40000 ALTER TABLE `CLIENT_ATTRIBUTES` ENABLE KEYS */;
UNLOCK TABLES;

--
-- Table structure for table `CLIENT_AUTH_FLOW_BINDINGS`
--

DROP TABLE IF EXISTS `CLIENT_AUTH_FLOW_BINDINGS`;
/*!40101 SET @saved_cs_client     = @@character_set_client */;
/*!50503 SET character_set_client = utf8mb4 */;
CREATE TABLE `CLIENT_AUTH_FLOW_BINDINGS` (
  `CLIENT_ID` varchar(36) NOT NULL,
  `FLOW_ID` varchar(36) DEFAULT NULL,
  `BINDING_NAME` varchar(255) NOT NULL,
  PRIMARY KEY (`CLIENT_ID`,`BINDING_NAME`)
) ENGINE=InnoDB DEFAULT CHARSET=utf8mb4 COLLATE=utf8mb4_0900_ai_ci;
/*!40101 SET character_set_client = @saved_cs_client */;

--
-- Dumping data for table `CLIENT_AUTH_FLOW_BINDINGS`
--

LOCK TABLES `CLIENT_AUTH_FLOW_BINDINGS` WRITE;
/*!40000 ALTER TABLE `CLIENT_AUTH_FLOW_BINDINGS` DISABLE KEYS */;
/*!40000 ALTER TABLE `CLIENT_AUTH_FLOW_BINDINGS` ENABLE KEYS */;
UNLOCK TABLES;

--
-- Table structure for table `CLIENT_INITIAL_ACCESS`
--

DROP TABLE IF EXISTS `CLIENT_INITIAL_ACCESS`;
/*!40101 SET @saved_cs_client     = @@character_set_client */;
/*!50503 SET character_set_client = utf8mb4 */;
CREATE TABLE `CLIENT_INITIAL_ACCESS` (
  `ID` varchar(36) NOT NULL,
  `REALM_ID` varchar(36) NOT NULL,
  `TIMESTAMP` int DEFAULT NULL,
  `EXPIRATION` int DEFAULT NULL,
  `COUNT` int DEFAULT NULL,
  `REMAINING_COUNT` int DEFAULT NULL,
  PRIMARY KEY (`ID`),
  KEY `IDX_CLIENT_INIT_ACC_REALM` (`REALM_ID`),
  CONSTRAINT `FK_CLIENT_INIT_ACC_REALM` FOREIGN KEY (`REALM_ID`) REFERENCES `REALM` (`ID`)
) ENGINE=InnoDB DEFAULT CHARSET=utf8mb4 COLLATE=utf8mb4_0900_ai_ci;
/*!40101 SET character_set_client = @saved_cs_client */;

--
-- Dumping data for table `CLIENT_INITIAL_ACCESS`
--

LOCK TABLES `CLIENT_INITIAL_ACCESS` WRITE;
/*!40000 ALTER TABLE `CLIENT_INITIAL_ACCESS` DISABLE KEYS */;
/*!40000 ALTER TABLE `CLIENT_INITIAL_ACCESS` ENABLE KEYS */;
UNLOCK TABLES;

--
-- Table structure for table `CLIENT_NODE_REGISTRATIONS`
--

DROP TABLE IF EXISTS `CLIENT_NODE_REGISTRATIONS`;
/*!40101 SET @saved_cs_client     = @@character_set_client */;
/*!50503 SET character_set_client = utf8mb4 */;
CREATE TABLE `CLIENT_NODE_REGISTRATIONS` (
  `CLIENT_ID` varchar(36) NOT NULL,
  `VALUE` int DEFAULT NULL,
  `NAME` varchar(255) NOT NULL,
  PRIMARY KEY (`CLIENT_ID`,`NAME`),
  CONSTRAINT `FK4129723BA992F594` FOREIGN KEY (`CLIENT_ID`) REFERENCES `CLIENT` (`ID`)
) ENGINE=InnoDB DEFAULT CHARSET=utf8mb4 COLLATE=utf8mb4_0900_ai_ci;
/*!40101 SET character_set_client = @saved_cs_client */;

--
-- Dumping data for table `CLIENT_NODE_REGISTRATIONS`
--

LOCK TABLES `CLIENT_NODE_REGISTRATIONS` WRITE;
/*!40000 ALTER TABLE `CLIENT_NODE_REGISTRATIONS` DISABLE KEYS */;
/*!40000 ALTER TABLE `CLIENT_NODE_REGISTRATIONS` ENABLE KEYS */;
UNLOCK TABLES;

--
-- Table structure for table `CLIENT_SCOPE`
--

DROP TABLE IF EXISTS `CLIENT_SCOPE`;
/*!40101 SET @saved_cs_client     = @@character_set_client */;
/*!50503 SET character_set_client = utf8mb4 */;
CREATE TABLE `CLIENT_SCOPE` (
  `ID` varchar(36) NOT NULL,
  `NAME` varchar(255) DEFAULT NULL,
  `REALM_ID` varchar(36) DEFAULT NULL,
  `DESCRIPTION` varchar(255) CHARACTER SET utf8mb3 COLLATE utf8mb3_general_ci DEFAULT NULL,
  `PROTOCOL` varchar(255) DEFAULT NULL,
  PRIMARY KEY (`ID`),
  UNIQUE KEY `UK_CLI_SCOPE` (`REALM_ID`,`NAME`),
  KEY `IDX_REALM_CLSCOPE` (`REALM_ID`)
) ENGINE=InnoDB DEFAULT CHARSET=utf8mb4 COLLATE=utf8mb4_0900_ai_ci;
/*!40101 SET character_set_client = @saved_cs_client */;

--
-- Dumping data for table `CLIENT_SCOPE`
--

LOCK TABLES `CLIENT_SCOPE` WRITE;
/*!40000 ALTER TABLE `CLIENT_SCOPE` DISABLE KEYS */;
INSERT INTO `CLIENT_SCOPE` VALUES ('01662085-1296-4356-909f-8da382b71424','profile','e50ee46d-dbef-4c14-8389-4018de132723','OpenID Connect built-in scope: profile','openid-connect'),('027b62a9-1c46-45cb-8f78-15d63b101ad6','service_account','f1946406-82b6-4136-8051-6fb1a90c99f5','Specific scope for a client enabled for service accounts','openid-connect'),('071bc6ac-a101-4775-ad48-f1fe70ce57e7','service_account','e50ee46d-dbef-4c14-8389-4018de132723','Specific scope for a client enabled for service accounts','openid-connect'),('0b018607-bb90-44d8-8fb5-97f9f7565903','role_list','e50ee46d-dbef-4c14-8389-4018de132723','SAML role list','saml'),('2d44fc60-0a0f-4f2e-ba93-325cc15e1ced','roles','e50ee46d-dbef-4c14-8389-4018de132723','OpenID Connect scope for add user roles to the access token','openid-connect'),('353828fe-dd39-4393-ade1-4c301d0fb83a','profile','f1946406-82b6-4136-8051-6fb1a90c99f5','OpenID Connect built-in scope: profile','openid-connect'),('4a0d188b-c0a1-4af2-b172-fddee99e46fa','organization','e50ee46d-dbef-4c14-8389-4018de132723','Additional claims about the organization a subject belongs to','openid-connect'),('512e00e8-a96c-45b2-9d26-51531a929a2d','basic','e50ee46d-dbef-4c14-8389-4018de132723','OpenID Connect scope for add all basic claims to the token','openid-connect'),('55081448-2b92-4565-8b81-f2e189bafe6d','basic','f1946406-82b6-4136-8051-6fb1a90c99f5','OpenID Connect scope for add all basic claims to the token','openid-connect'),('5f0251b2-632a-4f64-a554-ac292d474555','phone','e50ee46d-dbef-4c14-8389-4018de132723','OpenID Connect built-in scope: phone','openid-connect'),('6d28ac3b-4a05-492b-8591-f66210006277','saml_organization','e50ee46d-dbef-4c14-8389-4018de132723','Organization Membership','saml'),('6f92e875-0a37-4ce5-ab69-327eaf580c6e','offline_access','f1946406-82b6-4136-8051-6fb1a90c99f5','OpenID Connect built-in scope: offline_access','openid-connect'),('74b36060-3972-415c-af50-a191f3450bce','role_list','f1946406-82b6-4136-8051-6fb1a90c99f5','SAML role list','saml'),('76598644-4afe-433d-aff4-19edfb38dcc9','roles','f1946406-82b6-4136-8051-6fb1a90c99f5','OpenID Connect scope for add user roles to the access token','openid-connect'),('8a9748df-f527-46e4-9fdb-7e1b19bedb35','web-origins','e50ee46d-dbef-4c14-8389-4018de132723','OpenID Connect scope for add allowed web origins to the access token','openid-connect'),('94df5a57-21b5-4726-9717-416d3028602b','saml_organization','f1946406-82b6-4136-8051-6fb1a90c99f5','Organization Membership','saml'),('977615ff-1bc4-4e46-af06-347908d8ac7b','email','e50ee46d-dbef-4c14-8389-4018de132723','OpenID Connect built-in scope: email','openid-connect'),('a6a02cce-3ea0-448a-82da-60da7df40ebb','address','e50ee46d-dbef-4c14-8389-4018de132723','OpenID Connect built-in scope: address','openid-connect'),('a9a2ed80-0f1a-4c2c-aa23-782742ebf247','acr','e50ee46d-dbef-4c14-8389-4018de132723','OpenID Connect scope for add acr (authentication context class reference) to the token','openid-connect'),('b7c98de3-b9b8-4327-9a3c-27f198358886','address','f1946406-82b6-4136-8051-6fb1a90c99f5','OpenID Connect built-in scope: address','openid-connect'),('c244afbe-d529-4821-aac0-0e6b90e73b7c','organization','f1946406-82b6-4136-8051-6fb1a90c99f5','Additional claims about the organization a subject belongs to','openid-connect'),('c574538a-3cff-4ee0-a367-d8c20f020390','acr','f1946406-82b6-4136-8051-6fb1a90c99f5','OpenID Connect scope for add acr (authentication context class reference) to the token','openid-connect'),('d0fa7c83-16b9-4273-a4ca-794296c3cbbe','email','f1946406-82b6-4136-8051-6fb1a90c99f5','OpenID Connect built-in scope: email','openid-connect'),('e75641e9-815c-4ff3-ab9a-58165e3a8034','microprofile-jwt','e50ee46d-dbef-4c14-8389-4018de132723','Microprofile - JWT built-in scope','openid-connect'),('e9f19276-5d23-4a5e-82bd-9514b5c45e91','web-origins','f1946406-82b6-4136-8051-6fb1a90c99f5','OpenID Connect scope for add allowed web origins to the access token','openid-connect'),('effd8339-fc5c-48b8-9209-e5c20ae226d8','microprofile-jwt','f1946406-82b6-4136-8051-6fb1a90c99f5','Microprofile - JWT built-in scope','openid-connect'),('f2178f14-ed52-4e8f-894e-0a3946ba2cb5','phone','f1946406-82b6-4136-8051-6fb1a90c99f5','OpenID Connect built-in scope: phone','openid-connect'),('f4f74f75-3c4b-4091-a109-da30e6a0a6bb','offline_access','e50ee46d-dbef-4c14-8389-4018de132723','OpenID Connect built-in scope: offline_access','openid-connect');
/*!40000 ALTER TABLE `CLIENT_SCOPE` ENABLE KEYS */;
UNLOCK TABLES;

--
-- Table structure for table `CLIENT_SCOPE_ATTRIBUTES`
--

DROP TABLE IF EXISTS `CLIENT_SCOPE_ATTRIBUTES`;
/*!40101 SET @saved_cs_client     = @@character_set_client */;
/*!50503 SET character_set_client = utf8mb4 */;
CREATE TABLE `CLIENT_SCOPE_ATTRIBUTES` (
  `SCOPE_ID` varchar(36) NOT NULL,
  `VALUE` text,
  `NAME` varchar(255) NOT NULL,
  PRIMARY KEY (`SCOPE_ID`,`NAME`),
  KEY `IDX_CLSCOPE_ATTRS` (`SCOPE_ID`),
  CONSTRAINT `FK_CL_SCOPE_ATTR_SCOPE` FOREIGN KEY (`SCOPE_ID`) REFERENCES `CLIENT_SCOPE` (`ID`)
) ENGINE=InnoDB DEFAULT CHARSET=utf8mb4 COLLATE=utf8mb4_0900_ai_ci;
/*!40101 SET character_set_client = @saved_cs_client */;

--
-- Dumping data for table `CLIENT_SCOPE_ATTRIBUTES`
--

LOCK TABLES `CLIENT_SCOPE_ATTRIBUTES` WRITE;
/*!40000 ALTER TABLE `CLIENT_SCOPE_ATTRIBUTES` DISABLE KEYS */;
INSERT INTO `CLIENT_SCOPE_ATTRIBUTES` VALUES ('01662085-1296-4356-909f-8da382b71424','${profileScopeConsentText}','consent.screen.text'),('01662085-1296-4356-909f-8da382b71424','true','display.on.consent.screen'),('01662085-1296-4356-909f-8da382b71424','true','include.in.token.scope'),('027b62a9-1c46-45cb-8f78-15d63b101ad6','false','display.on.consent.screen'),('027b62a9-1c46-45cb-8f78-15d63b101ad6','false','include.in.token.scope'),('071bc6ac-a101-4775-ad48-f1fe70ce57e7','false','display.on.consent.screen'),('071bc6ac-a101-4775-ad48-f1fe70ce57e7','false','include.in.token.scope'),('0b018607-bb90-44d8-8fb5-97f9f7565903','${samlRoleListScopeConsentText}','consent.screen.text'),('0b018607-bb90-44d8-8fb5-97f9f7565903','true','display.on.consent.screen'),('2d44fc60-0a0f-4f2e-ba93-325cc15e1ced','${rolesScopeConsentText}','consent.screen.text'),('2d44fc60-0a0f-4f2e-ba93-325cc15e1ced','true','display.on.consent.screen'),('2d44fc60-0a0f-4f2e-ba93-325cc15e1ced','false','include.in.token.scope'),('353828fe-dd39-4393-ade1-4c301d0fb83a','${profileScopeConsentText}','consent.screen.text'),('353828fe-dd39-4393-ade1-4c301d0fb83a','true','display.on.consent.screen'),('353828fe-dd39-4393-ade1-4c301d0fb83a','true','include.in.token.scope'),('4a0d188b-c0a1-4af2-b172-fddee99e46fa','${organizationScopeConsentText}','consent.screen.text'),('4a0d188b-c0a1-4af2-b172-fddee99e46fa','true','display.on.consent.screen'),('4a0d188b-c0a1-4af2-b172-fddee99e46fa','true','include.in.token.scope'),('512e00e8-a96c-45b2-9d26-51531a929a2d','false','display.on.consent.screen'),('512e00e8-a96c-45b2-9d26-51531a929a2d','false','include.in.token.scope'),('55081448-2b92-4565-8b81-f2e189bafe6d','false','display.on.consent.screen'),('55081448-2b92-4565-8b81-f2e189bafe6d','false','include.in.token.scope'),('5f0251b2-632a-4f64-a554-ac292d474555','${phoneScopeConsentText}','consent.screen.text'),('5f0251b2-632a-4f64-a554-ac292d474555','true','display.on.consent.screen'),('5f0251b2-632a-4f64-a554-ac292d474555','true','include.in.token.scope'),('6d28ac3b-4a05-492b-8591-f66210006277','false','display.on.consent.screen'),('6f92e875-0a37-4ce5-ab69-327eaf580c6e','${offlineAccessScopeConsentText}','consent.screen.text'),('6f92e875-0a37-4ce5-ab69-327eaf580c6e','true','display.on.consent.screen'),('74b36060-3972-415c-af50-a191f3450bce','${samlRoleListScopeConsentText}','consent.screen.text'),('74b36060-3972-415c-af50-a191f3450bce','true','display.on.consent.screen'),('76598644-4afe-433d-aff4-19edfb38dcc9','${rolesScopeConsentText}','consent.screen.text'),('76598644-4afe-433d-aff4-19edfb38dcc9','true','display.on.consent.screen'),('76598644-4afe-433d-aff4-19edfb38dcc9','false','include.in.token.scope'),('8a9748df-f527-46e4-9fdb-7e1b19bedb35','','consent.screen.text'),('8a9748df-f527-46e4-9fdb-7e1b19bedb35','false','display.on.consent.screen'),('8a9748df-f527-46e4-9fdb-7e1b19bedb35','false','include.in.token.scope'),('94df5a57-21b5-4726-9717-416d3028602b','false','display.on.consent.screen'),('977615ff-1bc4-4e46-af06-347908d8ac7b','${emailScopeConsentText}','consent.screen.text'),('977615ff-1bc4-4e46-af06-347908d8ac7b','true','display.on.consent.screen'),('977615ff-1bc4-4e46-af06-347908d8ac7b','true','include.in.token.scope'),('a6a02cce-3ea0-448a-82da-60da7df40ebb','${addressScopeConsentText}','consent.screen.text'),('a6a02cce-3ea0-448a-82da-60da7df40ebb','true','display.on.consent.screen'),('a6a02cce-3ea0-448a-82da-60da7df40ebb','true','include.in.token.scope'),('a9a2ed80-0f1a-4c2c-aa23-782742ebf247','false','display.on.consent.screen'),('a9a2ed80-0f1a-4c2c-aa23-782742ebf247','false','include.in.token.scope'),('b7c98de3-b9b8-4327-9a3c-27f198358886','${addressScopeConsentText}','consent.screen.text'),('b7c98de3-b9b8-4327-9a3c-27f198358886','true','display.on.consent.screen'),('b7c98de3-b9b8-4327-9a3c-27f198358886','true','include.in.token.scope'),('c244afbe-d529-4821-aac0-0e6b90e73b7c','${organizationScopeConsentText}','consent.screen.text'),('c244afbe-d529-4821-aac0-0e6b90e73b7c','true','display.on.consent.screen'),('c244afbe-d529-4821-aac0-0e6b90e73b7c','true','include.in.token.scope'),('c574538a-3cff-4ee0-a367-d8c20f020390','false','display.on.consent.screen'),('c574538a-3cff-4ee0-a367-d8c20f020390','false','include.in.token.scope'),('d0fa7c83-16b9-4273-a4ca-794296c3cbbe','${emailScopeConsentText}','consent.screen.text'),('d0fa7c83-16b9-4273-a4ca-794296c3cbbe','true','display.on.consent.screen'),('d0fa7c83-16b9-4273-a4ca-794296c3cbbe','true','include.in.token.scope'),('e75641e9-815c-4ff3-ab9a-58165e3a8034','false','display.on.consent.screen'),('e75641e9-815c-4ff3-ab9a-58165e3a8034','true','include.in.token.scope'),('e9f19276-5d23-4a5e-82bd-9514b5c45e91','','consent.screen.text'),('e9f19276-5d23-4a5e-82bd-9514b5c45e91','false','display.on.consent.screen'),('e9f19276-5d23-4a5e-82bd-9514b5c45e91','false','include.in.token.scope'),('effd8339-fc5c-48b8-9209-e5c20ae226d8','false','display.on.consent.screen'),('effd8339-fc5c-48b8-9209-e5c20ae226d8','true','include.in.token.scope'),('f2178f14-ed52-4e8f-894e-0a3946ba2cb5','${phoneScopeConsentText}','consent.screen.text'),('f2178f14-ed52-4e8f-894e-0a3946ba2cb5','true','display.on.consent.screen'),('f2178f14-ed52-4e8f-894e-0a3946ba2cb5','true','include.in.token.scope'),('f4f74f75-3c4b-4091-a109-da30e6a0a6bb','${offlineAccessScopeConsentText}','consent.screen.text'),('f4f74f75-3c4b-4091-a109-da30e6a0a6bb','true','display.on.consent.screen');
/*!40000 ALTER TABLE `CLIENT_SCOPE_ATTRIBUTES` ENABLE KEYS */;
UNLOCK TABLES;

--
-- Table structure for table `CLIENT_SCOPE_CLIENT`
--

DROP TABLE IF EXISTS `CLIENT_SCOPE_CLIENT`;
/*!40101 SET @saved_cs_client     = @@character_set_client */;
/*!50503 SET character_set_client = utf8mb4 */;
CREATE TABLE `CLIENT_SCOPE_CLIENT` (
  `CLIENT_ID` varchar(255) NOT NULL,
  `SCOPE_ID` varchar(255) NOT NULL,
  `DEFAULT_SCOPE` tinyint NOT NULL DEFAULT '0',
  PRIMARY KEY (`CLIENT_ID`,`SCOPE_ID`),
  KEY `IDX_CLSCOPE_CL` (`CLIENT_ID`),
  KEY `IDX_CL_CLSCOPE` (`SCOPE_ID`)
) ENGINE=InnoDB DEFAULT CHARSET=utf8mb4 COLLATE=utf8mb4_0900_ai_ci;
/*!40101 SET character_set_client = @saved_cs_client */;

--
-- Dumping data for table `CLIENT_SCOPE_CLIENT`
--

LOCK TABLES `CLIENT_SCOPE_CLIENT` WRITE;
/*!40000 ALTER TABLE `CLIENT_SCOPE_CLIENT` DISABLE KEYS */;
INSERT INTO `CLIENT_SCOPE_CLIENT` VALUES ('0414fe75-dcac-4c88-833a-3a505459bdde','01662085-1296-4356-909f-8da382b71424',1),('0414fe75-dcac-4c88-833a-3a505459bdde','2d44fc60-0a0f-4f2e-ba93-325cc15e1ced',1),('0414fe75-dcac-4c88-833a-3a505459bdde','4a0d188b-c0a1-4af2-b172-fddee99e46fa',0),('0414fe75-dcac-4c88-833a-3a505459bdde','512e00e8-a96c-45b2-9d26-51531a929a2d',1),('0414fe75-dcac-4c88-833a-3a505459bdde','5f0251b2-632a-4f64-a554-ac292d474555',0),('0414fe75-dcac-4c88-833a-3a505459bdde','8a9748df-f527-46e4-9fdb-7e1b19bedb35',1),('0414fe75-dcac-4c88-833a-3a505459bdde','977615ff-1bc4-4e46-af06-347908d8ac7b',1),('0414fe75-dcac-4c88-833a-3a505459bdde','a6a02cce-3ea0-448a-82da-60da7df40ebb',0),('0414fe75-dcac-4c88-833a-3a505459bdde','a9a2ed80-0f1a-4c2c-aa23-782742ebf247',1),('0414fe75-dcac-4c88-833a-3a505459bdde','e75641e9-815c-4ff3-ab9a-58165e3a8034',0),('0414fe75-dcac-4c88-833a-3a505459bdde','f4f74f75-3c4b-4091-a109-da30e6a0a6bb',0),('1399d0b4-f016-47bc-a452-46d610d67de5','01662085-1296-4356-909f-8da382b71424',1),('1399d0b4-f016-47bc-a452-46d610d67de5','2d44fc60-0a0f-4f2e-ba93-325cc15e1ced',1),('1399d0b4-f016-47bc-a452-46d610d67de5','4a0d188b-c0a1-4af2-b172-fddee99e46fa',0),('1399d0b4-f016-47bc-a452-46d610d67de5','512e00e8-a96c-45b2-9d26-51531a929a2d',1),('1399d0b4-f016-47bc-a452-46d610d67de5','5f0251b2-632a-4f64-a554-ac292d474555',0),('1399d0b4-f016-47bc-a452-46d610d67de5','8a9748df-f527-46e4-9fdb-7e1b19bedb35',1),('1399d0b4-f016-47bc-a452-46d610d67de5','977615ff-1bc4-4e46-af06-347908d8ac7b',1),('1399d0b4-f016-47bc-a452-46d610d67de5','a6a02cce-3ea0-448a-82da-60da7df40ebb',0),('1399d0b4-f016-47bc-a452-46d610d67de5','a9a2ed80-0f1a-4c2c-aa23-782742ebf247',1),('1399d0b4-f016-47bc-a452-46d610d67de5','e75641e9-815c-4ff3-ab9a-58165e3a8034',0),('1399d0b4-f016-47bc-a452-46d610d67de5','f4f74f75-3c4b-4091-a109-da30e6a0a6bb',0),('20836201-ca6b-40c4-bf3a-b48cf00a8637','01662085-1296-4356-909f-8da382b71424',1),('20836201-ca6b-40c4-bf3a-b48cf00a8637','2d44fc60-0a0f-4f2e-ba93-325cc15e1ced',1),('20836201-ca6b-40c4-bf3a-b48cf00a8637','4a0d188b-c0a1-4af2-b172-fddee99e46fa',0),('20836201-ca6b-40c4-bf3a-b48cf00a8637','512e00e8-a96c-45b2-9d26-51531a929a2d',1),('20836201-ca6b-40c4-bf3a-b48cf00a8637','5f0251b2-632a-4f64-a554-ac292d474555',0),('20836201-ca6b-40c4-bf3a-b48cf00a8637','8a9748df-f527-46e4-9fdb-7e1b19bedb35',1),('20836201-ca6b-40c4-bf3a-b48cf00a8637','977615ff-1bc4-4e46-af06-347908d8ac7b',1),('20836201-ca6b-40c4-bf3a-b48cf00a8637','a6a02cce-3ea0-448a-82da-60da7df40ebb',0),('20836201-ca6b-40c4-bf3a-b48cf00a8637','a9a2ed80-0f1a-4c2c-aa23-782742ebf247',1),('20836201-ca6b-40c4-bf3a-b48cf00a8637','e75641e9-815c-4ff3-ab9a-58165e3a8034',0),('20836201-ca6b-40c4-bf3a-b48cf00a8637','f4f74f75-3c4b-4091-a109-da30e6a0a6bb',0),('32b9c9ed-144d-4c00-85e3-6657b0f37925','01662085-1296-4356-909f-8da382b71424',1),('32b9c9ed-144d-4c00-85e3-6657b0f37925','2d44fc60-0a0f-4f2e-ba93-325cc15e1ced',1),('32b9c9ed-144d-4c00-85e3-6657b0f37925','4a0d188b-c0a1-4af2-b172-fddee99e46fa',0),('32b9c9ed-144d-4c00-85e3-6657b0f37925','512e00e8-a96c-45b2-9d26-51531a929a2d',1),('32b9c9ed-144d-4c00-85e3-6657b0f37925','5f0251b2-632a-4f64-a554-ac292d474555',0),('32b9c9ed-144d-4c00-85e3-6657b0f37925','8a9748df-f527-46e4-9fdb-7e1b19bedb35',1),('32b9c9ed-144d-4c00-85e3-6657b0f37925','977615ff-1bc4-4e46-af06-347908d8ac7b',1),('32b9c9ed-144d-4c00-85e3-6657b0f37925','a6a02cce-3ea0-448a-82da-60da7df40ebb',0),('32b9c9ed-144d-4c00-85e3-6657b0f37925','a9a2ed80-0f1a-4c2c-aa23-782742ebf247',1),('32b9c9ed-144d-4c00-85e3-6657b0f37925','e75641e9-815c-4ff3-ab9a-58165e3a8034',0),('32b9c9ed-144d-4c00-85e3-6657b0f37925','f4f74f75-3c4b-4091-a109-da30e6a0a6bb',0),('49f2a783-9899-4618-95be-1a77d63e29b1','353828fe-dd39-4393-ade1-4c301d0fb83a',1),('49f2a783-9899-4618-95be-1a77d63e29b1','55081448-2b92-4565-8b81-f2e189bafe6d',1),('49f2a783-9899-4618-95be-1a77d63e29b1','6f92e875-0a37-4ce5-ab69-327eaf580c6e',0),('49f2a783-9899-4618-95be-1a77d63e29b1','76598644-4afe-433d-aff4-19edfb38dcc9',1),('49f2a783-9899-4618-95be-1a77d63e29b1','b7c98de3-b9b8-4327-9a3c-27f198358886',0),('49f2a783-9899-4618-95be-1a77d63e29b1','c244afbe-d529-4821-aac0-0e6b90e73b7c',0),('49f2a783-9899-4618-95be-1a77d63e29b1','c574538a-3cff-4ee0-a367-d8c20f020390',1),('49f2a783-9899-4618-95be-1a77d63e29b1','d0fa7c83-16b9-4273-a4ca-794296c3cbbe',1),('49f2a783-9899-4618-95be-1a77d63e29b1','e9f19276-5d23-4a5e-82bd-9514b5c45e91',1),('49f2a783-9899-4618-95be-1a77d63e29b1','effd8339-fc5c-48b8-9209-e5c20ae226d8',0),('49f2a783-9899-4618-95be-1a77d63e29b1','f2178f14-ed52-4e8f-894e-0a3946ba2cb5',0),('4c20a7bd-9883-490d-abfc-58b25911af28','353828fe-dd39-4393-ade1-4c301d0fb83a',1),('4c20a7bd-9883-490d-abfc-58b25911af28','55081448-2b92-4565-8b81-f2e189bafe6d',1),('4c20a7bd-9883-490d-abfc-58b25911af28','6f92e875-0a37-4ce5-ab69-327eaf580c6e',0),('4c20a7bd-9883-490d-abfc-58b25911af28','76598644-4afe-433d-aff4-19edfb38dcc9',1),('4c20a7bd-9883-490d-abfc-58b25911af28','b7c98de3-b9b8-4327-9a3c-27f198358886',0),('4c20a7bd-9883-490d-abfc-58b25911af28','c244afbe-d529-4821-aac0-0e6b90e73b7c',0),('4c20a7bd-9883-490d-abfc-58b25911af28','c574538a-3cff-4ee0-a367-d8c20f020390',1),('4c20a7bd-9883-490d-abfc-58b25911af28','d0fa7c83-16b9-4273-a4ca-794296c3cbbe',1),('4c20a7bd-9883-490d-abfc-58b25911af28','e9f19276-5d23-4a5e-82bd-9514b5c45e91',1),('4c20a7bd-9883-490d-abfc-58b25911af28','effd8339-fc5c-48b8-9209-e5c20ae226d8',0),('4c20a7bd-9883-490d-abfc-58b25911af28','f2178f14-ed52-4e8f-894e-0a3946ba2cb5',0),('81ea0b12-8693-49b8-a814-399411598573','01662085-1296-4356-909f-8da382b71424',1),('81ea0b12-8693-49b8-a814-399411598573','2d44fc60-0a0f-4f2e-ba93-325cc15e1ced',1),('81ea0b12-8693-49b8-a814-399411598573','4a0d188b-c0a1-4af2-b172-fddee99e46fa',0),('81ea0b12-8693-49b8-a814-399411598573','512e00e8-a96c-45b2-9d26-51531a929a2d',1),('81ea0b12-8693-49b8-a814-399411598573','5f0251b2-632a-4f64-a554-ac292d474555',0),('81ea0b12-8693-49b8-a814-399411598573','8a9748df-f527-46e4-9fdb-7e1b19bedb35',1),('81ea0b12-8693-49b8-a814-399411598573','977615ff-1bc4-4e46-af06-347908d8ac7b',1),('81ea0b12-8693-49b8-a814-399411598573','a6a02cce-3ea0-448a-82da-60da7df40ebb',0),('81ea0b12-8693-49b8-a814-399411598573','a9a2ed80-0f1a-4c2c-aa23-782742ebf247',1),('81ea0b12-8693-49b8-a814-399411598573','e75641e9-815c-4ff3-ab9a-58165e3a8034',0),('81ea0b12-8693-49b8-a814-399411598573','f4f74f75-3c4b-4091-a109-da30e6a0a6bb',0),('9c7e18c1-48e1-46d4-9d7e-06d1f8d374d1','353828fe-dd39-4393-ade1-4c301d0fb83a',1),('9c7e18c1-48e1-46d4-9d7e-06d1f8d374d1','55081448-2b92-4565-8b81-f2e189bafe6d',1),('9c7e18c1-48e1-46d4-9d7e-06d1f8d374d1','6f92e875-0a37-4ce5-ab69-327eaf580c6e',0),('9c7e18c1-48e1-46d4-9d7e-06d1f8d374d1','76598644-4afe-433d-aff4-19edfb38dcc9',1),('9c7e18c1-48e1-46d4-9d7e-06d1f8d374d1','b7c98de3-b9b8-4327-9a3c-27f198358886',0),('9c7e18c1-48e1-46d4-9d7e-06d1f8d374d1','c244afbe-d529-4821-aac0-0e6b90e73b7c',0),('9c7e18c1-48e1-46d4-9d7e-06d1f8d374d1','c574538a-3cff-4ee0-a367-d8c20f020390',1),('9c7e18c1-48e1-46d4-9d7e-06d1f8d374d1','d0fa7c83-16b9-4273-a4ca-794296c3cbbe',1),('9c7e18c1-48e1-46d4-9d7e-06d1f8d374d1','e9f19276-5d23-4a5e-82bd-9514b5c45e91',1),('9c7e18c1-48e1-46d4-9d7e-06d1f8d374d1','effd8339-fc5c-48b8-9209-e5c20ae226d8',0),('9c7e18c1-48e1-46d4-9d7e-06d1f8d374d1','f2178f14-ed52-4e8f-894e-0a3946ba2cb5',0),('a1604d53-1ef0-41f6-92ca-f9ab8dea20e0','353828fe-dd39-4393-ade1-4c301d0fb83a',1),('a1604d53-1ef0-41f6-92ca-f9ab8dea20e0','55081448-2b92-4565-8b81-f2e189bafe6d',1),('a1604d53-1ef0-41f6-92ca-f9ab8dea20e0','6f92e875-0a37-4ce5-ab69-327eaf580c6e',0),('a1604d53-1ef0-41f6-92ca-f9ab8dea20e0','76598644-4afe-433d-aff4-19edfb38dcc9',1),('a1604d53-1ef0-41f6-92ca-f9ab8dea20e0','b7c98de3-b9b8-4327-9a3c-27f198358886',0),('a1604d53-1ef0-41f6-92ca-f9ab8dea20e0','c244afbe-d529-4821-aac0-0e6b90e73b7c',0),('a1604d53-1ef0-41f6-92ca-f9ab8dea20e0','c574538a-3cff-4ee0-a367-d8c20f020390',1),('a1604d53-1ef0-41f6-92ca-f9ab8dea20e0','d0fa7c83-16b9-4273-a4ca-794296c3cbbe',1),('a1604d53-1ef0-41f6-92ca-f9ab8dea20e0','e9f19276-5d23-4a5e-82bd-9514b5c45e91',1),('a1604d53-1ef0-41f6-92ca-f9ab8dea20e0','effd8339-fc5c-48b8-9209-e5c20ae226d8',0),('a1604d53-1ef0-41f6-92ca-f9ab8dea20e0','f2178f14-ed52-4e8f-894e-0a3946ba2cb5',0),('ae9915e7-77b0-427e-8586-0ef575e74160','01662085-1296-4356-909f-8da382b71424',1),('ae9915e7-77b0-427e-8586-0ef575e74160','2d44fc60-0a0f-4f2e-ba93-325cc15e1ced',1),('ae9915e7-77b0-427e-8586-0ef575e74160','4a0d188b-c0a1-4af2-b172-fddee99e46fa',0),('ae9915e7-77b0-427e-8586-0ef575e74160','512e00e8-a96c-45b2-9d26-51531a929a2d',1),('ae9915e7-77b0-427e-8586-0ef575e74160','5f0251b2-632a-4f64-a554-ac292d474555',0),('ae9915e7-77b0-427e-8586-0ef575e74160','8a9748df-f527-46e4-9fdb-7e1b19bedb35',1),('ae9915e7-77b0-427e-8586-0ef575e74160','977615ff-1bc4-4e46-af06-347908d8ac7b',1),('ae9915e7-77b0-427e-8586-0ef575e74160','a6a02cce-3ea0-448a-82da-60da7df40ebb',0),('ae9915e7-77b0-427e-8586-0ef575e74160','a9a2ed80-0f1a-4c2c-aa23-782742ebf247',1),('ae9915e7-77b0-427e-8586-0ef575e74160','e75641e9-815c-4ff3-ab9a-58165e3a8034',0),('ae9915e7-77b0-427e-8586-0ef575e74160','f4f74f75-3c4b-4091-a109-da30e6a0a6bb',0),('d34ded44-98e1-4fba-a762-4e5dd96004f8','01662085-1296-4356-909f-8da382b71424',1),('d34ded44-98e1-4fba-a762-4e5dd96004f8','2d44fc60-0a0f-4f2e-ba93-325cc15e1ced',1),('d34ded44-98e1-4fba-a762-4e5dd96004f8','4a0d188b-c0a1-4af2-b172-fddee99e46fa',0),('d34ded44-98e1-4fba-a762-4e5dd96004f8','512e00e8-a96c-45b2-9d26-51531a929a2d',1),('d34ded44-98e1-4fba-a762-4e5dd96004f8','5f0251b2-632a-4f64-a554-ac292d474555',0),('d34ded44-98e1-4fba-a762-4e5dd96004f8','8a9748df-f527-46e4-9fdb-7e1b19bedb35',1),('d34ded44-98e1-4fba-a762-4e5dd96004f8','977615ff-1bc4-4e46-af06-347908d8ac7b',1),('d34ded44-98e1-4fba-a762-4e5dd96004f8','a6a02cce-3ea0-448a-82da-60da7df40ebb',0),('d34ded44-98e1-4fba-a762-4e5dd96004f8','a9a2ed80-0f1a-4c2c-aa23-782742ebf247',1),('d34ded44-98e1-4fba-a762-4e5dd96004f8','e75641e9-815c-4ff3-ab9a-58165e3a8034',0),('d34ded44-98e1-4fba-a762-4e5dd96004f8','f4f74f75-3c4b-4091-a109-da30e6a0a6bb',0),('ea4f5ebe-4a09-4b92-ac63-d3b77f961969','01662085-1296-4356-909f-8da382b71424',1),('ea4f5ebe-4a09-4b92-ac63-d3b77f961969','071bc6ac-a101-4775-ad48-f1fe70ce57e7',1),('ea4f5ebe-4a09-4b92-ac63-d3b77f961969','2d44fc60-0a0f-4f2e-ba93-325cc15e1ced',1),('ea4f5ebe-4a09-4b92-ac63-d3b77f961969','4a0d188b-c0a1-4af2-b172-fddee99e46fa',0),('ea4f5ebe-4a09-4b92-ac63-d3b77f961969','512e00e8-a96c-45b2-9d26-51531a929a2d',1),('ea4f5ebe-4a09-4b92-ac63-d3b77f961969','5f0251b2-632a-4f64-a554-ac292d474555',0),('ea4f5ebe-4a09-4b92-ac63-d3b77f961969','8a9748df-f527-46e4-9fdb-7e1b19bedb35',1),('ea4f5ebe-4a09-4b92-ac63-d3b77f961969','977615ff-1bc4-4e46-af06-347908d8ac7b',1),('ea4f5ebe-4a09-4b92-ac63-d3b77f961969','a6a02cce-3ea0-448a-82da-60da7df40ebb',0),('ea4f5ebe-4a09-4b92-ac63-d3b77f961969','a9a2ed80-0f1a-4c2c-aa23-782742ebf247',1),('ea4f5ebe-4a09-4b92-ac63-d3b77f961969','e75641e9-815c-4ff3-ab9a-58165e3a8034',0),('ea4f5ebe-4a09-4b92-ac63-d3b77f961969','f4f74f75-3c4b-4091-a109-da30e6a0a6bb',0),('ef3c076b-9246-46d9-898d-a07017fa0fc2','353828fe-dd39-4393-ade1-4c301d0fb83a',1),('ef3c076b-9246-46d9-898d-a07017fa0fc2','55081448-2b92-4565-8b81-f2e189bafe6d',1),('ef3c076b-9246-46d9-898d-a07017fa0fc2','6f92e875-0a37-4ce5-ab69-327eaf580c6e',0),('ef3c076b-9246-46d9-898d-a07017fa0fc2','76598644-4afe-433d-aff4-19edfb38dcc9',1),('ef3c076b-9246-46d9-898d-a07017fa0fc2','b7c98de3-b9b8-4327-9a3c-27f198358886',0),('ef3c076b-9246-46d9-898d-a07017fa0fc2','c244afbe-d529-4821-aac0-0e6b90e73b7c',0),('ef3c076b-9246-46d9-898d-a07017fa0fc2','c574538a-3cff-4ee0-a367-d8c20f020390',1),('ef3c076b-9246-46d9-898d-a07017fa0fc2','d0fa7c83-16b9-4273-a4ca-794296c3cbbe',1),('ef3c076b-9246-46d9-898d-a07017fa0fc2','e9f19276-5d23-4a5e-82bd-9514b5c45e91',1),('ef3c076b-9246-46d9-898d-a07017fa0fc2','effd8339-fc5c-48b8-9209-e5c20ae226d8',0),('ef3c076b-9246-46d9-898d-a07017fa0fc2','f2178f14-ed52-4e8f-894e-0a3946ba2cb5',0),('fbf4b924-3602-4938-b37b-cde7187491aa','01662085-1296-4356-909f-8da382b71424',1),('fbf4b924-3602-4938-b37b-cde7187491aa','2d44fc60-0a0f-4f2e-ba93-325cc15e1ced',1),('fbf4b924-3602-4938-b37b-cde7187491aa','4a0d188b-c0a1-4af2-b172-fddee99e46fa',0),('fbf4b924-3602-4938-b37b-cde7187491aa','512e00e8-a96c-45b2-9d26-51531a929a2d',1),('fbf4b924-3602-4938-b37b-cde7187491aa','5f0251b2-632a-4f64-a554-ac292d474555',0),('fbf4b924-3602-4938-b37b-cde7187491aa','8a9748df-f527-46e4-9fdb-7e1b19bedb35',1),('fbf4b924-3602-4938-b37b-cde7187491aa','977615ff-1bc4-4e46-af06-347908d8ac7b',1),('fbf4b924-3602-4938-b37b-cde7187491aa','a6a02cce-3ea0-448a-82da-60da7df40ebb',0),('fbf4b924-3602-4938-b37b-cde7187491aa','a9a2ed80-0f1a-4c2c-aa23-782742ebf247',1),('fbf4b924-3602-4938-b37b-cde7187491aa','e75641e9-815c-4ff3-ab9a-58165e3a8034',0),('fbf4b924-3602-4938-b37b-cde7187491aa','f4f74f75-3c4b-4091-a109-da30e6a0a6bb',0),('fca762a4-efcf-4413-9a8a-a5d8667ac60d','353828fe-dd39-4393-ade1-4c301d0fb83a',1),('fca762a4-efcf-4413-9a8a-a5d8667ac60d','55081448-2b92-4565-8b81-f2e189bafe6d',1),('fca762a4-efcf-4413-9a8a-a5d8667ac60d','6f92e875-0a37-4ce5-ab69-327eaf580c6e',0),('fca762a4-efcf-4413-9a8a-a5d8667ac60d','76598644-4afe-433d-aff4-19edfb38dcc9',1),('fca762a4-efcf-4413-9a8a-a5d8667ac60d','b7c98de3-b9b8-4327-9a3c-27f198358886',0),('fca762a4-efcf-4413-9a8a-a5d8667ac60d','c244afbe-d529-4821-aac0-0e6b90e73b7c',0),('fca762a4-efcf-4413-9a8a-a5d8667ac60d','c574538a-3cff-4ee0-a367-d8c20f020390',1),('fca762a4-efcf-4413-9a8a-a5d8667ac60d','d0fa7c83-16b9-4273-a4ca-794296c3cbbe',1),('fca762a4-efcf-4413-9a8a-a5d8667ac60d','e9f19276-5d23-4a5e-82bd-9514b5c45e91',1),('fca762a4-efcf-4413-9a8a-a5d8667ac60d','effd8339-fc5c-48b8-9209-e5c20ae226d8',0),('fca762a4-efcf-4413-9a8a-a5d8667ac60d','f2178f14-ed52-4e8f-894e-0a3946ba2cb5',0);
/*!40000 ALTER TABLE `CLIENT_SCOPE_CLIENT` ENABLE KEYS */;
UNLOCK TABLES;

--
-- Table structure for table `CLIENT_SCOPE_ROLE_MAPPING`
--

DROP TABLE IF EXISTS `CLIENT_SCOPE_ROLE_MAPPING`;
/*!40101 SET @saved_cs_client     = @@character_set_client */;
/*!50503 SET character_set_client = utf8mb4 */;
CREATE TABLE `CLIENT_SCOPE_ROLE_MAPPING` (
  `SCOPE_ID` varchar(36) NOT NULL,
  `ROLE_ID` varchar(36) NOT NULL,
  PRIMARY KEY (`SCOPE_ID`,`ROLE_ID`),
  KEY `IDX_CLSCOPE_ROLE` (`SCOPE_ID`),
  KEY `IDX_ROLE_CLSCOPE` (`ROLE_ID`),
  CONSTRAINT `FK_CL_SCOPE_RM_SCOPE` FOREIGN KEY (`SCOPE_ID`) REFERENCES `CLIENT_SCOPE` (`ID`)
) ENGINE=InnoDB DEFAULT CHARSET=utf8mb4 COLLATE=utf8mb4_0900_ai_ci;
/*!40101 SET character_set_client = @saved_cs_client */;

--
-- Dumping data for table `CLIENT_SCOPE_ROLE_MAPPING`
--

LOCK TABLES `CLIENT_SCOPE_ROLE_MAPPING` WRITE;
/*!40000 ALTER TABLE `CLIENT_SCOPE_ROLE_MAPPING` DISABLE KEYS */;
INSERT INTO `CLIENT_SCOPE_ROLE_MAPPING` VALUES ('6f92e875-0a37-4ce5-ab69-327eaf580c6e','8aeca213-b1bd-49b6-bd0e-b915552d39ab'),('f4f74f75-3c4b-4091-a109-da30e6a0a6bb','b3e6bcaf-4022-4c19-9844-e060e0f80e08');
/*!40000 ALTER TABLE `CLIENT_SCOPE_ROLE_MAPPING` ENABLE KEYS */;
UNLOCK TABLES;

--
-- Table structure for table `COMPONENT`
--

DROP TABLE IF EXISTS `COMPONENT`;
/*!40101 SET @saved_cs_client     = @@character_set_client */;
/*!50503 SET character_set_client = utf8mb4 */;
CREATE TABLE `COMPONENT` (
  `ID` varchar(36) NOT NULL,
  `NAME` varchar(255) DEFAULT NULL,
  `PARENT_ID` varchar(36) DEFAULT NULL,
  `PROVIDER_ID` varchar(36) DEFAULT NULL,
  `PROVIDER_TYPE` varchar(255) DEFAULT NULL,
  `REALM_ID` varchar(36) DEFAULT NULL,
  `SUB_TYPE` varchar(255) DEFAULT NULL,
  PRIMARY KEY (`ID`),
  KEY `IDX_COMPONENT_REALM` (`REALM_ID`),
  KEY `IDX_COMPONENT_PROVIDER_TYPE` (`PROVIDER_TYPE`),
  CONSTRAINT `FK_COMPONENT_REALM` FOREIGN KEY (`REALM_ID`) REFERENCES `REALM` (`ID`)
) ENGINE=InnoDB DEFAULT CHARSET=utf8mb4 COLLATE=utf8mb4_0900_ai_ci;
/*!40101 SET character_set_client = @saved_cs_client */;

--
-- Dumping data for table `COMPONENT`
--

LOCK TABLES `COMPONENT` WRITE;
/*!40000 ALTER TABLE `COMPONENT` DISABLE KEYS */;
INSERT INTO `COMPONENT` VALUES ('07cfe2c0-9565-4108-a905-39108d438d52','Allowed Protocol Mapper Types','f1946406-82b6-4136-8051-6fb1a90c99f5','allowed-protocol-mappers','org.keycloak.services.clientregistration.policy.ClientRegistrationPolicy','f1946406-82b6-4136-8051-6fb1a90c99f5','anonymous'),('14e3c102-a893-40a5-961c-0fe36d06a0bb','Allowed Protocol Mapper Types','e50ee46d-dbef-4c14-8389-4018de132723','allowed-protocol-mappers','org.keycloak.services.clientregistration.policy.ClientRegistrationPolicy','e50ee46d-dbef-4c14-8389-4018de132723','authenticated'),('178e6f30-99cc-4cee-a381-26d97843635b','Consent Required','f1946406-82b6-4136-8051-6fb1a90c99f5','consent-required','org.keycloak.services.clientregistration.policy.ClientRegistrationPolicy','f1946406-82b6-4136-8051-6fb1a90c99f5','anonymous'),('1b315f84-ebea-4544-906d-abeaba8e3ed7','Consent Required','e50ee46d-dbef-4c14-8389-4018de132723','consent-required','org.keycloak.services.clientregistration.policy.ClientRegistrationPolicy','e50ee46d-dbef-4c14-8389-4018de132723','anonymous'),('2267a4a4-d926-4d76-9f1d-180c5ae97fb1','Allowed Client Scopes','e50ee46d-dbef-4c14-8389-4018de132723','allowed-client-templates','org.keycloak.services.clientregistration.policy.ClientRegistrationPolicy','e50ee46d-dbef-4c14-8389-4018de132723','authenticated'),('36fc8c6f-5d3e-4eea-b2dc-053bb6912ebf','aes-generated','e50ee46d-dbef-4c14-8389-4018de132723','aes-generated','org.keycloak.keys.KeyProvider','e50ee46d-dbef-4c14-8389-4018de132723',NULL),('3f80aa28-d817-4329-a17e-7f93657e3385','Max Clients Limit','e50ee46d-dbef-4c14-8389-4018de132723','max-clients','org.keycloak.services.clientregistration.policy.ClientRegistrationPolicy','e50ee46d-dbef-4c14-8389-4018de132723','anonymous'),('42a30dd7-54e0-493f-8add-d9aa1041e087','Allowed Client Scopes','f1946406-82b6-4136-8051-6fb1a90c99f5','allowed-client-templates','org.keycloak.services.clientregistration.policy.ClientRegistrationPolicy','f1946406-82b6-4136-8051-6fb1a90c99f5','anonymous'),('44f32c2e-1c71-44de-b5ce-550c5003f1ca','Trusted Hosts','f1946406-82b6-4136-8051-6fb1a90c99f5','trusted-hosts','org.keycloak.services.clientregistration.policy.ClientRegistrationPolicy','f1946406-82b6-4136-8051-6fb1a90c99f5','anonymous'),('4bdd25b1-cf91-410b-934e-98bb3a5c1910','hmac-generated-hs512','e50ee46d-dbef-4c14-8389-4018de132723','hmac-generated','org.keycloak.keys.KeyProvider','e50ee46d-dbef-4c14-8389-4018de132723',NULL),('516a37b3-9a35-49c9-8317-9a32000e8a58','rsa-enc-generated','e50ee46d-dbef-4c14-8389-4018de132723','rsa-enc-generated','org.keycloak.keys.KeyProvider','e50ee46d-dbef-4c14-8389-4018de132723',NULL),('61edf355-019b-4cec-91b5-a1e3f5fb5797','Full Scope Disabled','f1946406-82b6-4136-8051-6fb1a90c99f5','scope','org.keycloak.services.clientregistration.policy.ClientRegistrationPolicy','f1946406-82b6-4136-8051-6fb1a90c99f5','anonymous'),('6af6d9c6-9fda-467b-9bfa-13b9a8e955b6','hmac-generated-hs512','f1946406-82b6-4136-8051-6fb1a90c99f5','hmac-generated','org.keycloak.keys.KeyProvider','f1946406-82b6-4136-8051-6fb1a90c99f5',NULL),('7444a651-97df-4299-8cf3-8ab3512aee3c','Allowed Client Scopes','f1946406-82b6-4136-8051-6fb1a90c99f5','allowed-client-templates','org.keycloak.services.clientregistration.policy.ClientRegistrationPolicy','f1946406-82b6-4136-8051-6fb1a90c99f5','authenticated'),('7cb5691d-f5fa-49de-98b8-573e4fc32f2b',NULL,'f1946406-82b6-4136-8051-6fb1a90c99f5','declarative-user-profile','org.keycloak.userprofile.UserProfileProvider','f1946406-82b6-4136-8051-6fb1a90c99f5',NULL),('80a8b8b7-3513-46a9-b12a-30292504bdfa','Allowed Protocol Mapper Types','e50ee46d-dbef-4c14-8389-4018de132723','allowed-protocol-mappers','org.keycloak.services.clientregistration.policy.ClientRegistrationPolicy','e50ee46d-dbef-4c14-8389-4018de132723','anonymous'),('8dfca051-666d-4914-afc5-af61f84185c0','Max Clients Limit','f1946406-82b6-4136-8051-6fb1a90c99f5','max-clients','org.keycloak.services.clientregistration.policy.ClientRegistrationPolicy','f1946406-82b6-4136-8051-6fb1a90c99f5','anonymous'),('9f38e557-4317-4fe5-8938-32d48fb9f6f2','Allowed Protocol Mapper Types','f1946406-82b6-4136-8051-6fb1a90c99f5','allowed-protocol-mappers','org.keycloak.services.clientregistration.policy.ClientRegistrationPolicy','f1946406-82b6-4136-8051-6fb1a90c99f5','authenticated'),('b2e6f875-28c9-47f4-ba29-d4171e2dbe78','rsa-generated','e50ee46d-dbef-4c14-8389-4018de132723','rsa-generated','org.keycloak.keys.KeyProvider','e50ee46d-dbef-4c14-8389-4018de132723',NULL),('bfbdfd4d-48be-4c3f-995f-ac9281d56c41','Allowed Client Scopes','e50ee46d-dbef-4c14-8389-4018de132723','allowed-client-templates','org.keycloak.services.clientregistration.policy.ClientRegistrationPolicy','e50ee46d-dbef-4c14-8389-4018de132723','anonymous'),('c09d28db-605c-4937-954b-f2144c024e70','rsa-enc-generated','f1946406-82b6-4136-8051-6fb1a90c99f5','rsa-enc-generated','org.keycloak.keys.KeyProvider','f1946406-82b6-4136-8051-6fb1a90c99f5',NULL),('d2024cd6-3dde-4c14-be2d-98703b76fd26','Trusted Hosts','e50ee46d-dbef-4c14-8389-4018de132723','trusted-hosts','org.keycloak.services.clientregistration.policy.ClientRegistrationPolicy','e50ee46d-dbef-4c14-8389-4018de132723','anonymous'),('d7cdb808-6d0e-4e8c-b9ce-1295f1eb44f8','aes-generated','f1946406-82b6-4136-8051-6fb1a90c99f5','aes-generated','org.keycloak.keys.KeyProvider','f1946406-82b6-4136-8051-6fb1a90c99f5',NULL),('f91dc6b9-5fa9-47ad-9fbc-37df3771e390','Full Scope Disabled','e50ee46d-dbef-4c14-8389-4018de132723','scope','org.keycloak.services.clientregistration.policy.ClientRegistrationPolicy','e50ee46d-dbef-4c14-8389-4018de132723','anonymous'),('fe4e9589-6156-40e0-9bd9-4ef145f03330','rsa-generated','f1946406-82b6-4136-8051-6fb1a90c99f5','rsa-generated','org.keycloak.keys.KeyProvider','f1946406-82b6-4136-8051-6fb1a90c99f5',NULL);
/*!40000 ALTER TABLE `COMPONENT` ENABLE KEYS */;
UNLOCK TABLES;

--
-- Table structure for table `COMPONENT_CONFIG`
--

DROP TABLE IF EXISTS `COMPONENT_CONFIG`;
/*!40101 SET @saved_cs_client     = @@character_set_client */;
/*!50503 SET character_set_client = utf8mb4 */;
CREATE TABLE `COMPONENT_CONFIG` (
  `ID` varchar(36) NOT NULL,
  `COMPONENT_ID` varchar(36) NOT NULL,
  `NAME` varchar(255) NOT NULL,
  `VALUE` longtext CHARACTER SET utf8mb3 COLLATE utf8mb3_general_ci,
  PRIMARY KEY (`ID`),
  KEY `IDX_COMPO_CONFIG_COMPO` (`COMPONENT_ID`),
  CONSTRAINT `FK_COMPONENT_CONFIG` FOREIGN KEY (`COMPONENT_ID`) REFERENCES `COMPONENT` (`ID`)
) ENGINE=InnoDB DEFAULT CHARSET=utf8mb4 COLLATE=utf8mb4_0900_ai_ci;
/*!40101 SET character_set_client = @saved_cs_client */;

--
-- Dumping data for table `COMPONENT_CONFIG`
--

LOCK TABLES `COMPONENT_CONFIG` WRITE;
/*!40000 ALTER TABLE `COMPONENT_CONFIG` DISABLE KEYS */;
INSERT INTO `COMPONENT_CONFIG` VALUES ('00d6fc3d-29f9-4b52-b073-ed3b6001e582','44f32c2e-1c71-44de-b5ce-550c5003f1ca','client-uris-must-match','true'),('0203a284-3528-4661-8b3f-d881779c37e1','516a37b3-9a35-49c9-8317-9a32000e8a58','privateKey','MIIEowIBAAKCAQEAllMmBXz6sknBcnnpRQxvnd7lTEEDUGO8oEfJfhM31FFf/gXDpTfETFxi4FMgZDRaWniEnLFhrAfeF1y3/jby/gudnEyfH+gDF73rLDWVJcgG/w+XuA5H1wigQ1v0WqHcFvjI5ZHXzF38r2bvBS/g/jFqfFnLjC/NwxjyO1VHgmS2LsGJosjvtRqhF7gG2glf2IKzd2Ug4Revtrzgjv3bC97f04DS/sav+Kyj0EQadrEh73iMEwpbc317egU+p0wW0AJ6OOPzfOGySR3zpMnGfIbKyLY4u2YT+eC7uaTJHFL2Pn4Qpv8QGiH/HYR7kOs0KkuXRxHhQGYk3Z1wHyXTbQIDAQABAoIBABMVMBTvRiXe3gtJtZaZ2wt38bTJ5gFM//N62XXDO8mcoOpu0eTF3Qnyimy+sLR3vuaQOQlpLSR5BTUDBKplUFh2ogXm5iZXPhlD9zgv/ySCLX0wfgqT6YO/KRUT9cORm45g+6PE7VeYsMyVbQ9EAjRSkpmBjqjXoq+7GXj1vPOs4msEvFFJ/V+tUxrBthvM7rKGjR7Q5Shy1s+6VQH539O8RdX9m/ZEPc8uXp6ZDJq12nB3z7/FUlmYfgCGLeNyfdHOyEYddpCCHiAkTrYQ3+mpdBnVEeOAZvMoI00ZEXWsMaKY2papAATGjS67FmYQi74xBAt1Nb+R++ySF63JhxECgYEAy2JuO9lobQX3q8cU2g97QnuFdeiTlJmkxvxo4eZ/gnP4rxU4HX0GcJOQn1gQP/X+RekAMpIKGyYEfxEjMt76rBIj48XpUcBj0SYi0ENfJnZhpIs8sHNeNxOBc5LizYVVDxfYzZqiJEahi5rrNA9y1ojD5QnH9qi+oZzv2JVntlkCgYEAvTa6IWYJ2qdMmScxxbUu8Je1Sw4aRrXi6GcWgcOnE+DO5P3/SmlzcNDRbzsWA8YuWsbfu9iDAlj8YB91Jl1kaO6vRk8bqLTye3n1IIHgmiFV4fc4F0HKZi7pjZBOe1QbLBG4uAodLGQL9/SgyJIC5y+PuGEJcdKaxg4TFSopSzUCgYADW5qqTkqVEjYmleDYQM0uKc/oRHC7UVYRGvW4VQ/h3XxLl7QXeIr0rNsEZnXOOId8K/6e1x5nmFcWqffEzT2iPaJuDkRt3xlGyLRmb9ZQUkAGcW4NE7qIej/24oPwFLV0zFX9/wGSS8A7B9G+SEsDE7r4OxMcFWkgTfD/yGev8QKBgBi49Nr2TSVPpLeCIoO1p7tx5xM2dYJ1s38wMQWlfcggIIhVE60yWA4Oir7g1oCJvXbI82TE5mFBJUCd+52WqE75mNcz8OY7Nk+h4MBtl94rquAKgD6xrvNo/8UqbMa6d45rhlotoCAztkigov1x7oUsdrfdnfFMVkK4hg/G4XxdAoGBAIXBwtDyg3fA8ijAG/DAKlcQE6kOpokn5nWV5aDA/APQO51NgsJgIrDAMC1JxUi13BvPj3vuWqGAsHEPVjARqrxFXuMoKuxwdqlgSGpEHcMfDjN9u9mCe06fzPKlAEKbeIp+sxuciSE8H+ufIiNy//u7H9RhUjrzMf6NnPMHQKCX'),('05eab3ba-d0a2-4d5c-8a7f-f5f4f220d1b7','80a8b8b7-3513-46a9-b12a-30292504bdfa','allowed-protocol-mapper-types','oidc-usermodel-property-mapper'),('072e3b57-c4a5-4874-849f-d33c86ce51d4','44f32c2e-1c71-44de-b5ce-550c5003f1ca','host-sending-registration-request-must-match','true'),('086aaec7-de49-4820-a4e2-be22f6057b15','80a8b8b7-3513-46a9-b12a-30292504bdfa','allowed-protocol-mapper-types','oidc-address-mapper'),('0a00523a-6713-40e4-afa4-db9d528b3640','c09d28db-605c-4937-954b-f2144c024e70','privateKey','MIIEpAIBAAKCAQEAxZ1qcW3Y79KcEfyJlynIhrdZRHupF01+BSghM8s4HbJ3HFdATkVNRpL8pkl2IMnjACL3oyzaHkCKZtfqeunuG5NRtba85OWyGl4xDloUiB1THGBLZHCEmFBupj7EUVR2x3V//7dHvYPsPvIjBtX+xe742E79o6Kd1Wmti1uwRjWUNbatiG1Ez7bfBdff9RYYTi+++zhUkCeBUsPG9KqgzZ4zs1zRnHB9D193oFFF3bHmlOqwVoH47OeZzwJOlYSR0Y/QA9DmN/WqSzW5OnaRg/3m2u/hvVO/OUFA4MPRUCYj5QsmH3gpdPLMxzAk6Hfdn4M9xFERJR4AJgEIQEuelwIDAQABAoIBAAJzL6klV/2tKkMs0tXdbj+BUWmAcPm5e7j7pOG8AL+ZgVGIIWN3B3y7AMfc/EpuxlIvnMtYmIGsgirBPYZ1lP6hhm9Oyyu5T0p1ZX1Mj5maZ3fgF78wh+xNfvmvqIZrmidh5QraDlkipBCpttZ0W7q/ejVQUWOwde156G1kXxyXsuF46lDV3nGzmgS2wah2i0uFOuBzFAqrCsSVdgVkqp4jKsz7slT19fA6rvkYpthrU5S77fUKcxKAQoP9kkx8OICqh5Ks88uwZ1s8Yz3uP2wQM1wD5+MnOtJuJlf42mSKCySOwTgNqTFx9LL2r6vtoeor9/PfFHG2L7I0bc0uvJUCgYEA4ShvNpZ1Ep3zy15McuHg0n0MUDsQFXoqiBA6e0pF+9PD8ZS5FNG+HhHH1nBeg91hnL9Sattm/UZ8PVLWpqeeJgZtxF5XH4QX/5R/LmhrR3Av6pZfQFLb30MM88OkmLLMCZENdNY4AeS3d0kV1IyUXEE2ZyxzP+NHWiCCIxOQrCUCgYEA4K8iqtqYe210ZVFI0+DjvniYCyE3Ds0t1Kvbf2JWxxDrw7n5LnwmgjgogFTF4LLoeHJXntCFSSyx7uq8L2T+NpTFpxJ7/aOTnATGdezUMoGR/NR4tyM5VwKoosa6mL8+KUMqqU/nsqLukTmcFT72nfHK/MSY36irgxUNdy2BhQsCgYAe5zDUejQZWQqUGB5AClaULUuaW3DqsbjSsf+E2n3egYM8TiBVBjCk6eXWvdeLG8CBBhVmyzRIgPseY5dIimr/ZxR7xkMI9VVh49zM3tISnQhGl1r9diHtc8N8VZbqymeMzJbfOWO4hs7TlXlkkeLvAphX8tbipuwtJ5cU/2N07QKBgQDSwhWv1JsB9Hshauz4qtSW34IntoFx5e8ethKQXAtwcaPmFjXyb8yji9AaCOsQymGcUg100L6mFEHYDeJ2RrLbOhRpksIx+tXEnQoYpg2qTrZFRnzxtR3dS4YqImX4UDQb+oAzD9wUShekrDiICWbGY3/4OOX5rrsrm3zlFQ+QXwKBgQDfHZ2Ju1Un3BfPrGPvyyu+k1uSVYVxWiTaHiZdO/6ZBHUSZhK/Yj+yhLVXY4jfyi/vqP6r+W7qpjuITVfivGlj842tMD1FUHs78hvzQlkduZht7ehD73KZENYnM/47MSbvJT8PNIsda54c7gDfNfcZaucJY+dl0Zpsn2doKDmDAw=='),('0c427e3c-c50d-4795-98c1-562e4238fdda','14e3c102-a893-40a5-961c-0fe36d06a0bb','allowed-protocol-mapper-types','oidc-usermodel-property-mapper'),('145ec38f-ebfb-4422-a641-5d77bb1d61d2','36fc8c6f-5d3e-4eea-b2dc-053bb6912ebf','secret','LLmcm3cXtVQQsHUYfqDgJA'),('173f1a83-e66b-4fa9-8f08-288e717fa1b8','9f38e557-4317-4fe5-8938-32d48fb9f6f2','allowed-protocol-mapper-types','oidc-sha256-pairwise-sub-mapper'),('19268c57-1596-436d-9605-e9ece3fb1e15','c09d28db-605c-4937-954b-f2144c024e70','algorithm','RSA-OAEP'),('196f4bd6-dc0b-408a-af37-4b3cf8d99ef8','8dfca051-666d-4914-afc5-af61f84185c0','max-clients','200'),('1b2ea8ab-6d55-4a78-8253-4ee982db326d','80a8b8b7-3513-46a9-b12a-30292504bdfa','allowed-protocol-mapper-types','oidc-sha256-pairwise-sub-mapper'),('1ba26caa-76cf-4100-b94b-d6e40dca7296','bfbdfd4d-48be-4c3f-995f-ac9281d56c41','allow-default-scopes','true'),('1e416a8d-c7b8-4cd7-a630-7361fdcdc407','6af6d9c6-9fda-467b-9bfa-13b9a8e955b6','priority','100'),('20ec15b6-8ec4-4408-a31f-629ef87f6da1','d2024cd6-3dde-4c14-be2d-98703b76fd26','host-sending-registration-request-must-match','true'),('221bd897-0b05-4287-97b4-c540bd0ec00e','3f80aa28-d817-4329-a17e-7f93657e3385','max-clients','200'),('2acb15f2-8167-48f3-a288-64696767f75e','c09d28db-605c-4937-954b-f2144c024e70','priority','100'),('2ed0f782-58e3-462b-8872-db2b42b4a8cf','d7cdb808-6d0e-4e8c-b9ce-1295f1eb44f8','priority','100'),('3108d47b-1432-41cf-9b84-b5547ae65203','80a8b8b7-3513-46a9-b12a-30292504bdfa','allowed-protocol-mapper-types','saml-role-list-mapper'),('33b79a7e-fcbc-4759-9bbe-0cbdcd3ec29e','516a37b3-9a35-49c9-8317-9a32000e8a58','certificate','MIICnTCCAYUCBgGV+pNDCzANBgkqhkiG9w0BAQsFADASMRAwDgYDVQQDDAdteXJlYWxtMB4XDTI1MDQwMzA3MzMyOVoXDTM1MDQwMzA3MzUwOVowEjEQMA4GA1UEAwwHbXlyZWFsbTCCASIwDQYJKoZIhvcNAQEBBQADggEPADCCAQoCggEBAJZTJgV8+rJJwXJ56UUMb53e5UxBA1BjvKBHyX4TN9RRX/4Fw6U3xExcYuBTIGQ0Wlp4hJyxYawH3hdct/428v4LnZxMnx/oAxe96yw1lSXIBv8Pl7gOR9cIoENb9Fqh3Bb4yOWR18xd/K9m7wUv4P4xanxZy4wvzcMY8jtVR4Jkti7BiaLI77UaoRe4BtoJX9iCs3dlIOEXr7a84I792wve39OA0v7Gr/iso9BEGnaxIe94jBMKW3N9e3oFPqdMFtACejjj83zhskkd86TJxnyGysi2OLtmE/ngu7mkyRxS9j5+EKb/EBoh/x2Ee5DrNCpLl0cR4UBmJN2dcB8l020CAwEAATANBgkqhkiG9w0BAQsFAAOCAQEAiLjHzAl881BqjTV9+0lUlFE00uHfegJi4fB+eAgx8hDNSx5NJbCxqp1ipR6wy5NihX5bI7fEfIIJQJtnD2zBeYMpHrYN11QdMhLxl8VYDiofSy1GPr03TF6GIGtk/CVfhShpsKsDuhXU5EWDeluGrGM9M1YaxVOIP2WLpTdZyyLfnS/R+hMI4TM2OzcGALUqqDOfSDSkeuWFN1eTkQY+XeWTStmPa4yalJy8oa87ylqpUZaMXfLI+nzazJGPqTa+Zaaf3kiNH7bIG7lciw52F6KopH3OeZfB3vh0pTB0IVfEp6mSYdOxVACFP+nfP14SBaRXBFMICJqVncWG7nBpHQ=='),('392f0bab-e8b4-4caa-a90a-be705be070c3','14e3c102-a893-40a5-961c-0fe36d06a0bb','allowed-protocol-mapper-types','oidc-usermodel-attribute-mapper'),('3b8ee66c-ac92-4251-acb9-f19ec8a38665','9f38e557-4317-4fe5-8938-32d48fb9f6f2','allowed-protocol-mapper-types','oidc-address-mapper'),('3beed280-79ad-4bb7-88cb-b2c54ef6e4e7','fe4e9589-6156-40e0-9bd9-4ef145f03330','keyUse','SIG'),('3d544235-7bc0-42b7-a3f6-87337a5d0335','6af6d9c6-9fda-467b-9bfa-13b9a8e955b6','secret','cdKbBNClv5foYjOoRTnZP1EHwW6X6HbOGfHT0wafF68HftL4A6P2xub6-IQqa06UgcJudbqA_qU86bq3jUn9e3oAb9hPuYX_AmqwOCOg2jV7g69QwLwzm4xLg5ZX5yf4OdrxaEL0-q_I1XnRUR_KF31MFz7yrcGYvu6JEx_wusI'),('411bdb93-d9cf-4364-a2cd-2a00ceed67d0','07cfe2c0-9565-4108-a905-39108d438d52','allowed-protocol-mapper-types','oidc-usermodel-property-mapper'),('4220560d-1d04-433e-ab1e-c2bc7cdebf03','c09d28db-605c-4937-954b-f2144c024e70','keyUse','ENC'),('445ebaf6-401c-46bc-86a4-b705878e74e8','7cb5691d-f5fa-49de-98b8-573e4fc32f2b','kc.user.profile.config','{\"attributes\":[{\"name\":\"username\",\"displayName\":\"${username}\",\"validations\":{\"length\":{\"min\":3,\"max\":255},\"username-prohibited-characters\":{},\"up-username-not-idn-homograph\":{}},\"permissions\":{\"view\":[\"admin\",\"user\"],\"edit\":[\"admin\",\"user\"]},\"multivalued\":false},{\"name\":\"email\",\"displayName\":\"${email}\",\"validations\":{\"email\":{},\"length\":{\"max\":255}},\"permissions\":{\"view\":[\"admin\",\"user\"],\"edit\":[\"admin\",\"user\"]},\"multivalued\":false},{\"name\":\"firstName\",\"displayName\":\"${firstName}\",\"validations\":{\"length\":{\"max\":255},\"person-name-prohibited-characters\":{}},\"permissions\":{\"view\":[\"admin\",\"user\"],\"edit\":[\"admin\",\"user\"]},\"multivalued\":false},{\"name\":\"lastName\",\"displayName\":\"${lastName}\",\"validations\":{\"length\":{\"max\":255},\"person-name-prohibited-characters\":{}},\"permissions\":{\"view\":[\"admin\",\"user\"],\"edit\":[\"admin\",\"user\"]},\"multivalued\":false}],\"groups\":[{\"name\":\"user-metadata\",\"displayHeader\":\"User metadata\",\"displayDescription\":\"Attributes, which refer to user metadata\"}]}'),('48cb5c77-e3b1-486a-9d74-d30236201dd8','6af6d9c6-9fda-467b-9bfa-13b9a8e955b6','algorithm','HS512'),('4f52c2ee-32a9-4461-a97f-988f340a1501','9f38e557-4317-4fe5-8938-32d48fb9f6f2','allowed-protocol-mapper-types','saml-user-attribute-mapper'),('52b0f964-4e9f-4f05-b2fd-0c6b4798e620','07cfe2c0-9565-4108-a905-39108d438d52','allowed-protocol-mapper-types','saml-role-list-mapper'),('54d86068-be07-45c7-9580-f998888caba9','80a8b8b7-3513-46a9-b12a-30292504bdfa','allowed-protocol-mapper-types','saml-user-property-mapper'),('579e4e9a-c21f-4cd7-a142-7cb2ca3f9d58','fe4e9589-6156-40e0-9bd9-4ef145f03330','privateKey','MIIEowIBAAKCAQEAtsUtCYu5dVWr+wAHFswImaN3/zUlOj5y9kVR39oYUtaA/Gr7jAxNMiLp7RxyqhG14uUTIvWRYgvmF9+K5ovNKOUJVSBnZgRc79gBUNbqx2yKXIlzppTBWPHNZgsS6HsNDgZyfYltOW5Zk43Ck+ug+0LicgJFV2NEDx9uZn/9uCTZfrfhhIToYWPjN3qv7/TsXtTokaS3ULGKohjMGdFwU7O7XzVzUg/2lOLcAyeSLubhL1UpVHbjLyho609EZJM1HDcem6vhQjzCAJ3ORdLmGe8I0c+D95d8PbBqmuNuTdoqpNu9KpX5/jXS/jj45KeIBxjfbKHJsa5D7mJCrbktiQIDAQABAoIBABAu92Tv/VT5aAgKoZYQLPbFtbtgTlKQ8wcBblV+70Zufe9b3bgx4qf81W/MZA7REKTtmbsvuVbQLOiSP69YU6s6VJA4FU/ANSZ7nuo0jYdpAftdpGLsqw4gIwrVEjCJrMdAJOUexRAfyEi7da45YAC/lGN59f/d50nbg6AJ10J1wk6ct+ZldFgBAXlwBKO7V8BibeCJ+1bZxyiP1VHzJoNQ8hoL9IwSZRq+RVH+7js6zIDg+zHGBRFx7XIaC/tUyT8PNAUkQ+81er8EUYO1JaQ+7Y6/zg0/tlVFbBc5xNk9S20Kuo+l0ZKRQNhgObfdgqIzMitoYxpZ3c/SrIbopPECgYEA8W7plqXJni9L9+dU/53MEA+zikkBefqkP2FNHabZPtY+1NEyEWPFc30EWpY35GBDjXHCvW72u0lCmJHWmWdnSgzxx5pktl4BQUKkipIFmcJ0OeM9yzN8zapS6DyfX3/viFKHPO6wD7YfRTDoTIkPtEHNFTDOn3WoUUMQYBIOYfUCgYEAwcwtHgtFsL47UpEmszMPKg1NeMxfIZhaDckn4yHSMJZRPLY+YeKw+9SIbyZt4dsfCaQvNA69IUKgvALaBrtRY/xp86/I6B/bmT+JdA0mZTSPPgcrYipq5tK5saGMLsmWQbHVHS3PAnvXwokywlK3QmFLa7ZlbZwbeAr77vqNHMUCgYEAyJ9s1fWAG8WbsC34MM00dChH/mJ6Kp1/fPdi+H/cSN4JqhkILPEmc7hwNMJdQZZIrDHbLEUYHDtdbqDJngISD7O/+iivBegJzOwPBOMgakvu/ud5QvDPBaxCZp9xpA8QwcwqexSxEu05AOsKLgc7GIQRYkmDeXhw3M4IvnxinT0CgYBdXdbmwJuEuUGvV8sDTrghlGMcramvb80DE0SqQuMXEXR2AX8wfZyy1wQcOLF7vKvJY1ZyiB9KZOU3b1BHKfveZf9NrgTnAGI2BMxeIu+6loXkZmPaWYFDT4azM5dr+ybu45Q/CJDRK4UZbiwMPvmXe3RwomFfW3RIc1JJImDV2QKBgGTJWRJC5Y7nv6elgNRzHSvRVpcg/kA2k/QKgITHeoWErh70UErMb6PHbHsrNzjfG4LbIcJvidwVhMvXLU1FlTpDVicpjSPfPl8U9L8rHjZoOcqXfpwUfB6z6tE4yXVnlQlCAteKjj9Kcqvysvk1SJvTyOj6p16wo5LKlCfv+fpa'),('5c5c5d44-2abc-4c96-b309-00e057b6a88e','4bdd25b1-cf91-410b-934e-98bb3a5c1910','kid','31a836d2-2990-483b-a77e-88dcb0b883f8'),('61faa5f9-d671-46c6-99bb-25bbc7c9225b','9f38e557-4317-4fe5-8938-32d48fb9f6f2','allowed-protocol-mapper-types','oidc-usermodel-attribute-mapper'),('67ba1043-3c97-4a82-8983-0aeb42d5829f','fe4e9589-6156-40e0-9bd9-4ef145f03330','certificate','MIICmzCCAYMCBgGV8DxCqjANBgkqhkiG9w0BAQsFADARMQ8wDQYDVQQDDAZtYXN0ZXIwHhcNMjUwNDAxMDcyMjE1WhcNMzUwNDAxMDcyMzU1WjARMQ8wDQYDVQQDDAZtYXN0ZXIwggEiMA0GCSqGSIb3DQEBAQUAA4IBDwAwggEKAoIBAQC2xS0Ji7l1Vav7AAcWzAiZo3f/NSU6PnL2RVHf2hhS1oD8avuMDE0yIuntHHKqEbXi5RMi9ZFiC+YX34rmi80o5QlVIGdmBFzv2AFQ1urHbIpciXOmlMFY8c1mCxLoew0OBnJ9iW05blmTjcKT66D7QuJyAkVXY0QPH25mf/24JNl+t+GEhOhhY+M3eq/v9Oxe1OiRpLdQsYqiGMwZ0XBTs7tfNXNSD/aU4twDJ5Iu5uEvVSlUduMvKGjrT0RkkzUcNx6bq+FCPMIAnc5F0uYZ7wjRz4P3l3w9sGqa425N2iqk270qlfn+NdL+OPjkp4gHGN9socmxrkPuYkKtuS2JAgMBAAEwDQYJKoZIhvcNAQELBQADggEBAFm53etxACNCczwj++CjZlMGpl+gnyJagCczTKsnqMb8J90nc6NRxBjJuJKY3C21G7cXhrssjiQlVsZqvwRr5SN3XpOM3XX4Nw+93/6GdRTT53rGfrFAsWhIXKZe5aIhrqv/qsL3aWoShhFHlieIyR7yMOufHIInlygshk7tIGBFN0mGSHO1KodZ98t+ZSTA0eou5zkVxYzbxNLPfkNJxNLpTzT9xnxl4FXiS3ntvyRrRuwcP3YAj1RSidrtrgNQfGg+XvCJDkSHqfXUccei3Tf6YFzoBZ1Emw0vteO3xyvm3BQvc8j4FGy1AQphD3wJlWDa0kbIBqRPwGXsIvbo6Xw='),('6e68ee10-937f-46ae-9f1e-2260652c0435','14e3c102-a893-40a5-961c-0fe36d06a0bb','allowed-protocol-mapper-types','saml-role-list-mapper'),('728381e1-bf5f-482b-adcf-18e700f37644','14e3c102-a893-40a5-961c-0fe36d06a0bb','allowed-protocol-mapper-types','saml-user-property-mapper'),('73c77933-2b89-4299-9296-b70825771f99','9f38e557-4317-4fe5-8938-32d48fb9f6f2','allowed-protocol-mapper-types','oidc-full-name-mapper'),('745db64e-da64-4e6b-93b5-4cd87a50194a','9f38e557-4317-4fe5-8938-32d48fb9f6f2','allowed-protocol-mapper-types','saml-role-list-mapper'),('773a565e-f263-49e7-9280-ceee7e9e72ea','d7cdb808-6d0e-4e8c-b9ce-1295f1eb44f8','secret','QazqRnpbtJocxWBmfxcayA'),('7a026246-47c5-4cde-a99d-c2ba911aa50c','14e3c102-a893-40a5-961c-0fe36d06a0bb','allowed-protocol-mapper-types','oidc-full-name-mapper'),('7e0899a8-d4ff-43cd-bb0d-db4c0282984d','b2e6f875-28c9-47f4-ba29-d4171e2dbe78','keyUse','SIG'),('80b2e0d5-feec-480d-bbca-6a19b84ba5dc','b2e6f875-28c9-47f4-ba29-d4171e2dbe78','certificate','MIICnTCCAYUCBgGV+pNCYzANBgkqhkiG9w0BAQsFADASMRAwDgYDVQQDDAdteXJlYWxtMB4XDTI1MDQwMzA3MzMyOVoXDTM1MDQwMzA3MzUwOVowEjEQMA4GA1UEAwwHbXlyZWFsbTCCASIwDQYJKoZIhvcNAQEBBQADggEPADCCAQoCggEBAOhaMppMyyoeXdNR2ASg2VBEzYG2PkT1udGjoLzVfHHYq+0MkE4TbjxXgMG0p7ozM3K1YMh0ofWXVEsngqa+JGLFEkSg6zIrhJxogwXw8tN9ZDmQcaib/lyhvLJFNDZXHdhQ1Odf3z0Vk8ElgGnATKPSmgbnV/M6eGdG8W/VlfxOEqmty/FfpPlkiGqCC7PsrXbCkRhv31YiDrRwu40B28OYBX8d9Z/AB7xrd3UwtPLGm4OQ5XDml8owRrAA0SqAVp7/AkT0A/iG9VZGi3X9gLWzKgNls6gIIAKoR0DJcnHX55tieOxW1cNx1TvG9mF22xbnvAEVKzTLv49zKkXww3kCAwEAATANBgkqhkiG9w0BAQsFAAOCAQEABgDOBEUW6P8rrLcVS88Bqo1ZgaWa5d/pYtdD7ZZL/5usGdlVcjHcRNQp3nTH+VNvj8iNQ4zg8NQL2ruZ+yPqQZ601ZRa+1lcuCplUzW9JGiDIGti3/CIfHYOTLSNyCqe0cy9VHyU9Bx7dLWoR3PNV3fOvHlBRdIFIjwPy+m8tE12IuYx05hE/SCLBfuUMC7tUgD8ZKZlozZgZ7ta6gadPFeDuJmpq8NfZ3kE0Ero2jRhM676voxDYz5d/8HWQ7FqmRuCoM5cXakdJHD4UfwFCUTdVKaY6KKpjD7XUQhYJcPdcqVNSgoZUxtZn244Go5dF+auOXA23dY939mQZK28hQ=='),('80f06d58-6b45-41a3-8cd3-7b474533e7ad','14e3c102-a893-40a5-961c-0fe36d06a0bb','allowed-protocol-mapper-types','oidc-address-mapper'),('8127541f-325e-4fd9-a6f7-1f004a5d7396','d2024cd6-3dde-4c14-be2d-98703b76fd26','client-uris-must-match','true'),('8381c776-1eaa-4a9d-b526-620b340e4701','14e3c102-a893-40a5-961c-0fe36d06a0bb','allowed-protocol-mapper-types','saml-user-attribute-mapper'),('8d1b80b4-ec96-4704-b4a0-195323d97e98','b2e6f875-28c9-47f4-ba29-d4171e2dbe78','priority','100'),('8d4c8f72-bf33-4997-a6bc-7619c769f242','07cfe2c0-9565-4108-a905-39108d438d52','allowed-protocol-mapper-types','oidc-sha256-pairwise-sub-mapper'),('9312af92-ed55-4e12-9483-3f124dc8fec2','07cfe2c0-9565-4108-a905-39108d438d52','allowed-protocol-mapper-types','oidc-address-mapper'),('980643ed-1da1-4a4a-8d3a-f5c07955bb23','7444a651-97df-4299-8cf3-8ab3512aee3c','allow-default-scopes','true'),('9b320eba-d1d7-4a84-b784-8d799928809f','2267a4a4-d926-4d76-9f1d-180c5ae97fb1','allow-default-scopes','true'),('9bf404a1-5302-48a6-958e-16b588f866db','d7cdb808-6d0e-4e8c-b9ce-1295f1eb44f8','kid','14b8404a-e50f-41eb-a065-2a82d5417155'),('a140ddcf-1176-4a19-8265-32a876ac487b','42a30dd7-54e0-493f-8add-d9aa1041e087','allow-default-scopes','true'),('a6a97eca-5b5c-4aad-9ac5-a0223c0f9ee8','9f38e557-4317-4fe5-8938-32d48fb9f6f2','allowed-protocol-mapper-types','oidc-usermodel-property-mapper'),('a8a4617b-ac4b-46a8-84d9-500c03c97688','6af6d9c6-9fda-467b-9bfa-13b9a8e955b6','kid','3aa0ad49-d391-4e69-9417-e55e2f777209'),('aa59e05d-24cc-4575-902d-daefd6f56345','07cfe2c0-9565-4108-a905-39108d438d52','allowed-protocol-mapper-types','oidc-full-name-mapper'),('ac4c20a0-685f-435b-96c4-eae459fdacb1','fe4e9589-6156-40e0-9bd9-4ef145f03330','priority','100'),('b210df83-1962-4a69-aaad-eb6d076b51de','516a37b3-9a35-49c9-8317-9a32000e8a58','priority','100'),('b3339e7f-8774-4fd7-a6ff-368f8e36d10e','80a8b8b7-3513-46a9-b12a-30292504bdfa','allowed-protocol-mapper-types','oidc-usermodel-attribute-mapper'),('b3c08a3b-49f2-485c-be62-ada9b2fc747f','80a8b8b7-3513-46a9-b12a-30292504bdfa','allowed-protocol-mapper-types','saml-user-attribute-mapper'),('b6cdbd23-5d4f-4b35-8608-5ea79533b022','516a37b3-9a35-49c9-8317-9a32000e8a58','keyUse','ENC'),('b6f06e2a-0ec7-4420-a8eb-84f3a0394c82','b2e6f875-28c9-47f4-ba29-d4171e2dbe78','privateKey','MIIEowIBAAKCAQEA6FoymkzLKh5d01HYBKDZUETNgbY+RPW50aOgvNV8cdir7QyQThNuPFeAwbSnujMzcrVgyHSh9ZdUSyeCpr4kYsUSRKDrMiuEnGiDBfDy031kOZBxqJv+XKG8skU0Nlcd2FDU51/fPRWTwSWAacBMo9KaBudX8zp4Z0bxb9WV/E4Sqa3L8V+k+WSIaoILs+ytdsKRGG/fViIOtHC7jQHbw5gFfx31n8AHvGt3dTC08sabg5DlcOaXyjBGsADRKoBWnv8CRPQD+Ib1VkaLdf2AtbMqA2WzqAggAqhHQMlycdfnm2J47FbVw3HVO8b2YXbbFue8ARUrNMu/j3MqRfDDeQIDAQABAoIBAAiDcTYhYR0lgJwAXufY12w8dc2zsQol4/A5ced9Xdpjh/V5x9Sj27QIY5UQDXMSKBz4ZkfjVcxZ0OqR3j9bDppTsiDI3HlJqinGHrfiOAQrBI04kfY4OgHoTLGjqBSOIlowKFmOdBo+PvF9UjxTDGkrwNLxhCcrDH6XP+aFvExCuQWLdX7PNPUNlYCoI6Dwv6dT5Mu95A2Ih6aAkDQ3e+sOlP4RM7JqIGhkziIP+SghBlASiNCFNU497qBjGFhlM8jMQ5QeOR3iR16G5SDDciEnuE+xQ1ZIkEpyd3Fb2QAGtQMSmgKcFzihLHT4P1K6kA5OENP3AwILa9nY8CGUmtECgYEA+ixY1BNnzwopNh7khzU36k/2HTcXhbs08w06adUJTo2W5EKKwCjWo3SlVJ5M/mM5+Ig7RgsMrNZufWyowbFmZKyaI3v2NvrtQTEUahVTDaxPkfNonAJ39k+4O7uqwxmhew49wOucyplseiUzmHDwBTiFok+A17QaxENji8Ms7VECgYEA7cOYDD/rpRj13lPhU3/eouu22wTpFu8AQqWDxol5QS5LATqipd38dCiV99GkF8cK2JZGuQSqYleVpW0TXtKOByTxomPkxXoBvsGAVF1HDVM5H2YiZMKhEyL6k1ULLDccS9Y+OsJBmh32i7DxIBB1n4sL03GasKoRViKXHOzcSakCgYBSfNbZLoDXAmmuP6docYK7Tpw+69BktuJxlZYCGU1VSlhLcSlgzNZg1PBCo2ONqVgO+5RXtwL55kZOMsq9+ulhHoxAUPpRDJG4Ih+yDs/wvTULUa/XaPT3ETgU8f8PD19wPLTd7JIpN0dOSv/lLq/leMqPRxmbhfYhanrjNXqV0QKBgQChfYUrZMsH4vE0ZeKYlTRBkjorfqVWt1SE7+iWE8+wzuGQ3yOT5zfOKbbakKCUqdObEk7M4fdcPkLdDj3m3Los7hHVC2ZaHqlKyCECrCxTR6B3zCY2K9+9oLdzFIM3L+NfOxAfVsu6AvnvHWpZLfTGPWn13qaDsa9+wpXCxrpEqQKBgEPoMMs5+j4fU3dQXs5pNgodOncDsdqpRceN9iNiVEFjGWamK5YlJPqqZNzDTlrOSa8spAEeQL3CNBZekHPTAjzxqLq5UIruoYa1Hjuq/NJeBC7hF5VUMiRVcvZRigzn0bQ16knQpSNpS1GqSXzOyDVwhRNj36iPT0OF/9doKg7o'),('be231e9f-deef-4bf6-b2ef-162fb9bf3535','14e3c102-a893-40a5-961c-0fe36d06a0bb','allowed-protocol-mapper-types','oidc-sha256-pairwise-sub-mapper'),('c92c02ef-3727-4da1-936b-f7aa1f376b28','36fc8c6f-5d3e-4eea-b2dc-053bb6912ebf','priority','100'),('cfb0eca3-5bdc-4a6c-8021-3a89440a1b09','80a8b8b7-3513-46a9-b12a-30292504bdfa','allowed-protocol-mapper-types','oidc-full-name-mapper'),('d0b6d394-cda0-4f24-8cf1-40410ac507d6','07cfe2c0-9565-4108-a905-39108d438d52','allowed-protocol-mapper-types','oidc-usermodel-attribute-mapper'),('d3ec8ecf-09db-449b-93e5-92dcdc14e1b5','9f38e557-4317-4fe5-8938-32d48fb9f6f2','allowed-protocol-mapper-types','saml-user-property-mapper'),('d448cf3b-817a-47c4-abad-ee4f60b2594c','07cfe2c0-9565-4108-a905-39108d438d52','allowed-protocol-mapper-types','saml-user-property-mapper'),('dc11b514-26e8-4851-9b3c-c83276d8eb89','c09d28db-605c-4937-954b-f2144c024e70','certificate','MIICmzCCAYMCBgGV8DxD6TANBgkqhkiG9w0BAQsFADARMQ8wDQYDVQQDDAZtYXN0ZXIwHhcNMjUwNDAxMDcyMjE2WhcNMzUwNDAxMDcyMzU2WjARMQ8wDQYDVQQDDAZtYXN0ZXIwggEiMA0GCSqGSIb3DQEBAQUAA4IBDwAwggEKAoIBAQDFnWpxbdjv0pwR/ImXKciGt1lEe6kXTX4FKCEzyzgdsnccV0BORU1GkvymSXYgyeMAIvejLNoeQIpm1+p66e4bk1G1trzk5bIaXjEOWhSIHVMcYEtkcISYUG6mPsRRVHbHdX//t0e9g+w+8iMG1f7F7vjYTv2jop3Vaa2LW7BGNZQ1tq2IbUTPtt8F19/1FhhOL777OFSQJ4FSw8b0qqDNnjOzXNGccH0PX3egUUXdseaU6rBWgfjs55nPAk6VhJHRj9AD0OY39apLNbk6dpGD/eba7+G9U785QUDgw9FQJiPlCyYfeCl08szHMCTod92fgz3EURElHgAmAQhAS56XAgMBAAEwDQYJKoZIhvcNAQELBQADggEBAETpXU0QT0z6RZ3qvU61ZH7X/Ku/ajY7LRtlbrENj4yR5Q4BZIgnx/Xqjj5iDFQo7mGRQifsIVgZLIL7gciUNpqicRjVNtrSJdl1HQ4a8q8yW4C6p3oU1IIgERIUIn0nzxGrYDiZjx/JVpidQeNre587aqtc6R1a7l7a5wUfD87X29kTIfZPuP4H2mPNQZcDj4xf4YsYn6oKf50rvtrwTf0zcVLYVHkXHubr47RBUxNIoikuEkuc0CDb8T+RGKbU9eLEPZKUvb4yw+mG2d9efsGNWhBj5JCqvMDbcpfuHS3LsMRGwDFf8k0KdfVPNXaNW7DvxCTlMieMXKFyoP1Y9ps='),('e3902926-30bb-4151-b339-91f5b41433c9','4bdd25b1-cf91-410b-934e-98bb3a5c1910','secret','93ufr96dqwl0Bc8fBTk93YsKN6qHDLwu26n3-zwUJm4yUpW0EY4jvl8a88-ydZskWFgwR8Vzrhucm60tH2Bk10NIWSSsxJ6MAD4Xw1wvhkcqpbViNwyOa9hkJUPhL3udNBwevrnU-KZHhthC6MlayjefyvkOsT4SsmSWPlZv6dA'),('ec916ec0-f945-4133-97b7-40288c1faa14','4bdd25b1-cf91-410b-934e-98bb3a5c1910','priority','100'),('f2666341-e718-4680-a6a2-86fed464ef70','07cfe2c0-9565-4108-a905-39108d438d52','allowed-protocol-mapper-types','saml-user-attribute-mapper'),('f64102e6-db11-4d03-a6bf-a11dec2cf98d','36fc8c6f-5d3e-4eea-b2dc-053bb6912ebf','kid','b747a4fa-b893-452d-bb50-0aadaa6d9d80'),('f816dbbb-085a-4949-aa8d-2e5f7954d81b','516a37b3-9a35-49c9-8317-9a32000e8a58','algorithm','RSA-OAEP'),('fa1b8e7a-0845-47a8-98e8-f6bfb3dc0d75','4bdd25b1-cf91-410b-934e-98bb3a5c1910','algorithm','HS512');
/*!40000 ALTER TABLE `COMPONENT_CONFIG` ENABLE KEYS */;
UNLOCK TABLES;

--
-- Table structure for table `COMPOSITE_ROLE`
--

DROP TABLE IF EXISTS `COMPOSITE_ROLE`;
/*!40101 SET @saved_cs_client     = @@character_set_client */;
/*!50503 SET character_set_client = utf8mb4 */;
CREATE TABLE `COMPOSITE_ROLE` (
  `COMPOSITE` varchar(36) NOT NULL,
  `CHILD_ROLE` varchar(36) NOT NULL,
  PRIMARY KEY (`COMPOSITE`,`CHILD_ROLE`),
  KEY `IDX_COMPOSITE` (`COMPOSITE`),
  KEY `IDX_COMPOSITE_CHILD` (`CHILD_ROLE`),
  CONSTRAINT `FK_A63WVEKFTU8JO1PNJ81E7MCE2` FOREIGN KEY (`COMPOSITE`) REFERENCES `KEYCLOAK_ROLE` (`ID`),
  CONSTRAINT `FK_GR7THLLB9LU8Q4VQA4524JJY8` FOREIGN KEY (`CHILD_ROLE`) REFERENCES `KEYCLOAK_ROLE` (`ID`)
) ENGINE=InnoDB DEFAULT CHARSET=utf8mb4 COLLATE=utf8mb4_0900_ai_ci;
/*!40101 SET character_set_client = @saved_cs_client */;

--
-- Dumping data for table `COMPOSITE_ROLE`
--

LOCK TABLES `COMPOSITE_ROLE` WRITE;
/*!40000 ALTER TABLE `COMPOSITE_ROLE` DISABLE KEYS */;
INSERT INTO `COMPOSITE_ROLE` VALUES ('15494a19-6122-4041-9778-1f15b09d7cb0','4d61ab69-50e4-4da2-9051-e495c5e61125'),('15494a19-6122-4041-9778-1f15b09d7cb0','57021a29-f378-42c9-878b-3b1f9df6c527'),('26a89c6c-1216-4a74-8b83-7d55c56a838c','002e06eb-1b9a-44f8-9854-61ac838ae690'),('26a89c6c-1216-4a74-8b83-7d55c56a838c','014be0cd-7450-4e2b-a288-7ac5ff8ff800'),('26a89c6c-1216-4a74-8b83-7d55c56a838c','117000f8-392e-41b1-ae84-842bc2f04336'),('26a89c6c-1216-4a74-8b83-7d55c56a838c','1d04191c-7e80-4d7e-a77c-2eb144b37d47'),('26a89c6c-1216-4a74-8b83-7d55c56a838c','2f1084f6-47a5-475a-b2dc-8b0b8ab03cba'),('26a89c6c-1216-4a74-8b83-7d55c56a838c','3859e83a-4adf-4a1a-96ff-2358e2e0275e'),('26a89c6c-1216-4a74-8b83-7d55c56a838c','6663c124-4ace-4999-8c9f-4af36df80eea'),('26a89c6c-1216-4a74-8b83-7d55c56a838c','7d72fb98-8e20-46dc-bacb-a40c8e6ba68d'),('26a89c6c-1216-4a74-8b83-7d55c56a838c','99390fab-69d9-4431-a41a-2a8c37483bc4'),('26a89c6c-1216-4a74-8b83-7d55c56a838c','c352ae61-f538-481e-a5dd-d0efb5759972'),('26a89c6c-1216-4a74-8b83-7d55c56a838c','c50d48f5-cca4-4329-a79e-af3e43642592'),('26a89c6c-1216-4a74-8b83-7d55c56a838c','cacda422-80c3-4f65-951d-11856f4475d6'),('26a89c6c-1216-4a74-8b83-7d55c56a838c','ce6d69f8-c0fe-4c4d-877c-c1e3c2ca3df0'),('26a89c6c-1216-4a74-8b83-7d55c56a838c','d213fb65-032d-44d2-8e60-aa7b92ce2e46'),('26a89c6c-1216-4a74-8b83-7d55c56a838c','d2c54fa4-cc06-4d0b-a76a-ba1049dfb7b3'),('26a89c6c-1216-4a74-8b83-7d55c56a838c','e37ba8f6-c0f0-4a28-b21f-91668440c3aa'),('26a89c6c-1216-4a74-8b83-7d55c56a838c','e52f07cd-f257-4edb-9e01-b0ba4d163f29'),('26a89c6c-1216-4a74-8b83-7d55c56a838c','f93c43c1-afd1-4cd0-acd6-2775723ee75f'),('2d2f8c14-952a-458f-813e-e7cb55dcfcdc','497375f9-4b15-416f-bd79-60d3e6910142'),('2d47399f-f081-4706-9122-75a0b0629e84','51994b50-d23c-4fe2-9557-f43eb4205826'),('31d450bc-ae35-4ed0-9742-a90b7250849f','e7d81011-554c-453d-affe-6299981dd869'),('730237cd-6677-4388-8f4b-d522cf00a5bf','01398bf9-085e-4c53-80c3-451b4452fa3c'),('730237cd-6677-4388-8f4b-d522cf00a5bf','03a81177-3d0b-459a-a2f6-904fc35ef51c'),('730237cd-6677-4388-8f4b-d522cf00a5bf','15494a19-6122-4041-9778-1f15b09d7cb0'),('730237cd-6677-4388-8f4b-d522cf00a5bf','157eb6e1-f96f-4b0d-bad0-4545043636cf'),('730237cd-6677-4388-8f4b-d522cf00a5bf','1675163a-5c63-42a3-ac3d-b4649f7ea6c4'),('730237cd-6677-4388-8f4b-d522cf00a5bf','20dda3f6-9868-4cef-bb48-655b9dc9b15d'),('730237cd-6677-4388-8f4b-d522cf00a5bf','2931431c-5b47-46fd-bf90-1630e72f9f15'),('730237cd-6677-4388-8f4b-d522cf00a5bf','2d359fce-caf0-4cdb-bf1e-b1b1b8754fa6'),('730237cd-6677-4388-8f4b-d522cf00a5bf','2d47399f-f081-4706-9122-75a0b0629e84'),('730237cd-6677-4388-8f4b-d522cf00a5bf','2e24f2ef-dc74-4577-b8f4-865dff608265'),('730237cd-6677-4388-8f4b-d522cf00a5bf','31d450bc-ae35-4ed0-9742-a90b7250849f'),('730237cd-6677-4388-8f4b-d522cf00a5bf','4d61ab69-50e4-4da2-9051-e495c5e61125'),('730237cd-6677-4388-8f4b-d522cf00a5bf','51994b50-d23c-4fe2-9557-f43eb4205826'),('730237cd-6677-4388-8f4b-d522cf00a5bf','5477d77a-ee34-4a75-856b-3e287f4094d8'),('730237cd-6677-4388-8f4b-d522cf00a5bf','553a21e2-af0d-4eca-a886-9030e97c7b2a'),('730237cd-6677-4388-8f4b-d522cf00a5bf','5701c9b4-a128-41ae-859c-e4dcd48ee76b'),('730237cd-6677-4388-8f4b-d522cf00a5bf','57021a29-f378-42c9-878b-3b1f9df6c527'),('730237cd-6677-4388-8f4b-d522cf00a5bf','785c4c4d-568b-4c6b-9f2e-b1206055076c'),('730237cd-6677-4388-8f4b-d522cf00a5bf','8047de40-73d4-43f0-954e-8a76ef27944b'),('730237cd-6677-4388-8f4b-d522cf00a5bf','85ec344d-b529-40f9-b576-acb7cb3512fe'),('730237cd-6677-4388-8f4b-d522cf00a5bf','8d5dd840-1d48-4270-adf0-48f592553fa7'),('730237cd-6677-4388-8f4b-d522cf00a5bf','96ea6f4f-5fe9-49ee-a87e-9af00f7a8d63'),('730237cd-6677-4388-8f4b-d522cf00a5bf','9c322ef2-4730-45a4-a88b-4c21de81ce04'),('730237cd-6677-4388-8f4b-d522cf00a5bf','9f5f5f96-4c88-45a1-b656-4ee05542b246'),('730237cd-6677-4388-8f4b-d522cf00a5bf','a3dfca67-ca58-4a54-a448-4a22bd86ebf7'),('730237cd-6677-4388-8f4b-d522cf00a5bf','ac4acb38-8b35-4035-b696-275172ce751f'),('730237cd-6677-4388-8f4b-d522cf00a5bf','b4f0cfd1-fc79-4cba-bbec-2fde8a751b31'),('730237cd-6677-4388-8f4b-d522cf00a5bf','b9a4f6fb-84dd-428f-bed8-d4d8004258b0'),('730237cd-6677-4388-8f4b-d522cf00a5bf','bcffd841-d321-4d7c-8e54-6b78c17ad82c'),('730237cd-6677-4388-8f4b-d522cf00a5bf','d2792a2c-67a4-4a6b-b243-bed8ed3f49ad'),('730237cd-6677-4388-8f4b-d522cf00a5bf','e3f1fbd2-74c1-4865-a613-bb557bdccd5e'),('730237cd-6677-4388-8f4b-d522cf00a5bf','e68a83e9-3ca5-4d76-843e-1642ed32e984'),('730237cd-6677-4388-8f4b-d522cf00a5bf','e7d81011-554c-453d-affe-6299981dd869'),('730237cd-6677-4388-8f4b-d522cf00a5bf','f7404226-8415-411e-bae8-546a4431544f'),('730237cd-6677-4388-8f4b-d522cf00a5bf','f7743c6e-f81b-4971-b0fb-4bfbf0bf6f56'),('730237cd-6677-4388-8f4b-d522cf00a5bf','fa81170a-8011-4f21-b896-adf5a2dc1c6d'),('730237cd-6677-4388-8f4b-d522cf00a5bf','fdf53816-48d2-4c6c-9b8a-76f8721a3370'),('7ec1b825-b352-4680-a4ca-774e60eb2b68','fba90f54-f34a-470f-ba16-30cd1592dcf2'),('81065132-35a5-4cfb-9bf3-1589627f25dd','afeca97a-50d3-492c-96cf-daa3ab34f142'),('8ce437f2-179c-40a0-af35-c33b6b2bf979','2b1884df-cada-45fc-a66d-06c563148866'),('ac4acb38-8b35-4035-b696-275172ce751f','01398bf9-085e-4c53-80c3-451b4452fa3c'),('ac4acb38-8b35-4035-b696-275172ce751f','20dda3f6-9868-4cef-bb48-655b9dc9b15d'),('b9182ff2-251f-4883-bfd5-4d08f52674eb','2d2f8c14-952a-458f-813e-e7cb55dcfcdc'),('b9182ff2-251f-4883-bfd5-4d08f52674eb','a3f51265-2a20-4669-89f3-aa07c30c22b3'),('b9182ff2-251f-4883-bfd5-4d08f52674eb','b3e6bcaf-4022-4c19-9844-e060e0f80e08'),('b9182ff2-251f-4883-bfd5-4d08f52674eb','ef2d1b0f-3ed9-4290-9505-e658145c6bf5'),('ce6d69f8-c0fe-4c4d-877c-c1e3c2ca3df0','c352ae61-f538-481e-a5dd-d0efb5759972'),('ce6d69f8-c0fe-4c4d-877c-c1e3c2ca3df0','cacda422-80c3-4f65-951d-11856f4475d6'),('d213fb65-032d-44d2-8e60-aa7b92ce2e46','117000f8-392e-41b1-ae84-842bc2f04336'),('d4fa13c7-4c29-4518-8193-efe568f9796d','81065132-35a5-4cfb-9bf3-1589627f25dd'),('d4fa13c7-4c29-4518-8193-efe568f9796d','8aeca213-b1bd-49b6-bd0e-b915552d39ab'),('d4fa13c7-4c29-4518-8193-efe568f9796d','992c78a8-6389-4b2a-8306-60cf1143f15d'),('d4fa13c7-4c29-4518-8193-efe568f9796d','be3b76e8-c9ac-4c58-8c0b-e7874956218a');
/*!40000 ALTER TABLE `COMPOSITE_ROLE` ENABLE KEYS */;
UNLOCK TABLES;

--
-- Table structure for table `CREDENTIAL`
--

DROP TABLE IF EXISTS `CREDENTIAL`;
/*!40101 SET @saved_cs_client     = @@character_set_client */;
/*!50503 SET character_set_client = utf8mb4 */;
CREATE TABLE `CREDENTIAL` (
  `ID` varchar(36) NOT NULL,
  `SALT` tinyblob,
  `TYPE` varchar(255) DEFAULT NULL,
  `USER_ID` varchar(36) DEFAULT NULL,
  `CREATED_DATE` bigint DEFAULT NULL,
  `USER_LABEL` varchar(255) DEFAULT NULL,
  `SECRET_DATA` longtext,
  `CREDENTIAL_DATA` longtext,
  `PRIORITY` int DEFAULT NULL,
  PRIMARY KEY (`ID`),
  KEY `IDX_USER_CREDENTIAL` (`USER_ID`),
  CONSTRAINT `FK_PFYR0GLASQYL0DEI3KL69R6V0` FOREIGN KEY (`USER_ID`) REFERENCES `USER_ENTITY` (`ID`)
) ENGINE=InnoDB DEFAULT CHARSET=utf8mb4 COLLATE=utf8mb4_0900_ai_ci;
/*!40101 SET character_set_client = @saved_cs_client */;

--
-- Dumping data for table `CREDENTIAL`
--

LOCK TABLES `CREDENTIAL` WRITE;
/*!40000 ALTER TABLE `CREDENTIAL` DISABLE KEYS */;
INSERT INTO `CREDENTIAL` VALUES ('6497db69-16ec-4168-8e67-e7afcd1338c9',NULL,'password','60c7bf2d-f5e0-4e08-a856-b0a633bfdb40',1743670115618,'My password','{\"value\":\"TRu90ZQf7zWQPoFla9qNFn4tmLzMTahZHToJwoNlqFU=\",\"salt\":\"xVnGQrA7SBxSwoEz9cip1w==\",\"additionalParameters\":{}}','{\"hashIterations\":5,\"algorithm\":\"argon2\",\"additionalParameters\":{\"hashLength\":[\"32\"],\"memory\":[\"7168\"],\"type\":[\"id\"],\"version\":[\"1.3\"],\"parallelism\":[\"1\"]}}',10),('6e8ec862-3315-43da-8356-440a028f1c6b',NULL,'password','10b872f3-24a6-4227-83a2-81ebedc755b9',1743492236584,NULL,'{\"value\":\"zF/JjiDRAqo0h4Pvj4QDGb2Qo7cRO0nyZlJies/ZwcU=\",\"salt\":\"AUSfh6zXsDaiXzIO4qcYNg==\",\"additionalParameters\":{}}','{\"hashIterations\":5,\"algorithm\":\"argon2\",\"additionalParameters\":{\"hashLength\":[\"32\"],\"memory\":[\"7168\"],\"type\":[\"id\"],\"version\":[\"1.3\"],\"parallelism\":[\"1\"]}}',10);
/*!40000 ALTER TABLE `CREDENTIAL` ENABLE KEYS */;
UNLOCK TABLES;

--
-- Table structure for table `DATABASECHANGELOG`
--

DROP TABLE IF EXISTS `DATABASECHANGELOG`;
/*!40101 SET @saved_cs_client     = @@character_set_client */;
/*!50503 SET character_set_client = utf8mb4 */;
CREATE TABLE `DATABASECHANGELOG` (
  `ID` varchar(255) NOT NULL,
  `AUTHOR` varchar(255) NOT NULL,
  `FILENAME` varchar(255) NOT NULL,
  `DATEEXECUTED` datetime NOT NULL,
  `ORDEREXECUTED` int NOT NULL,
  `EXECTYPE` varchar(10) NOT NULL,
  `MD5SUM` varchar(35) DEFAULT NULL,
  `DESCRIPTION` varchar(255) DEFAULT NULL,
  `COMMENTS` varchar(255) DEFAULT NULL,
  `TAG` varchar(255) DEFAULT NULL,
  `LIQUIBASE` varchar(20) DEFAULT NULL,
  `CONTEXTS` varchar(255) DEFAULT NULL,
  `LABELS` varchar(255) DEFAULT NULL,
  `DEPLOYMENT_ID` varchar(10) DEFAULT NULL
) ENGINE=InnoDB DEFAULT CHARSET=utf8mb4 COLLATE=utf8mb4_0900_ai_ci;
/*!40101 SET character_set_client = @saved_cs_client */;

--
-- Dumping data for table `DATABASECHANGELOG`
--

LOCK TABLES `DATABASECHANGELOG` WRITE;
/*!40000 ALTER TABLE `DATABASECHANGELOG` DISABLE KEYS */;
INSERT INTO `DATABASECHANGELOG` VALUES ('1.0.0.Final-KEYCLOAK-5461','sthorger@redhat.com','META-INF/jpa-changelog-1.0.0.Final.xml','2025-04-01 07:23:23',1,'EXECUTED','9:6f1016664e21e16d26517a4418f5e3df','createTable tableName=APPLICATION_DEFAULT_ROLES; createTable tableName=CLIENT; createTable tableName=CLIENT_SESSION; createTable tableName=CLIENT_SESSION_ROLE; createTable tableName=COMPOSITE_ROLE; createTable tableName=CREDENTIAL; createTable tab...','',NULL,'4.29.1',NULL,NULL,'3492198249'),('1.0.0.Final-KEYCLOAK-5461','sthorger@redhat.com','META-INF/db2-jpa-changelog-1.0.0.Final.xml','2025-04-01 07:23:23',2,'MARK_RAN','9:828775b1596a07d1200ba1d49e5e3941','createTable tableName=APPLICATION_DEFAULT_ROLES; createTable tableName=CLIENT; createTable tableName=CLIENT_SESSION; createTable tableName=CLIENT_SESSION_ROLE; createTable tableName=COMPOSITE_ROLE; createTable tableName=CREDENTIAL; createTable tab...','',NULL,'4.29.1',NULL,NULL,'3492198249'),('1.1.0.Beta1','sthorger@redhat.com','META-INF/jpa-changelog-1.1.0.Beta1.xml','2025-04-01 07:23:23',3,'EXECUTED','9:5f090e44a7d595883c1fb61f4b41fd38','delete tableName=CLIENT_SESSION_ROLE; delete tableName=CLIENT_SESSION; delete tableName=USER_SESSION; createTable tableName=CLIENT_ATTRIBUTES; createTable tableName=CLIENT_SESSION_NOTE; createTable tableName=APP_NODE_REGISTRATIONS; addColumn table...','',NULL,'4.29.1',NULL,NULL,'3492198249'),('1.1.0.Final','sthorger@redhat.com','META-INF/jpa-changelog-1.1.0.Final.xml','2025-04-01 07:23:23',4,'EXECUTED','9:c07e577387a3d2c04d1adc9aaad8730e','renameColumn newColumnName=EVENT_TIME, oldColumnName=TIME, tableName=EVENT_ENTITY','',NULL,'4.29.1',NULL,NULL,'3492198249'),('1.2.0.Beta1','psilva@redhat.com','META-INF/jpa-changelog-1.2.0.Beta1.xml','2025-04-01 07:23:26',5,'EXECUTED','9:b68ce996c655922dbcd2fe6b6ae72686','delete tableName=CLIENT_SESSION_ROLE; delete tableName=CLIENT_SESSION_NOTE; delete tableName=CLIENT_SESSION; delete tableName=USER_SESSION; createTable tableName=PROTOCOL_MAPPER; createTable tableName=PROTOCOL_MAPPER_CONFIG; createTable tableName=...','',NULL,'4.29.1',NULL,NULL,'3492198249'),('1.2.0.Beta1','psilva@redhat.com','META-INF/db2-jpa-changelog-1.2.0.Beta1.xml','2025-04-01 07:23:26',6,'MARK_RAN','9:543b5c9989f024fe35c6f6c5a97de88e','delete tableName=CLIENT_SESSION_ROLE; delete tableName=CLIENT_SESSION_NOTE; delete tableName=CLIENT_SESSION; delete tableName=USER_SESSION; createTable tableName=PROTOCOL_MAPPER; createTable tableName=PROTOCOL_MAPPER_CONFIG; createTable tableName=...','',NULL,'4.29.1',NULL,NULL,'3492198249'),('1.2.0.RC1','bburke@redhat.com','META-INF/jpa-changelog-1.2.0.CR1.xml','2025-04-01 07:23:28',7,'EXECUTED','9:765afebbe21cf5bbca048e632df38336','delete tableName=CLIENT_SESSION_ROLE; delete tableName=CLIENT_SESSION_NOTE; delete tableName=CLIENT_SESSION; delete tableName=USER_SESSION_NOTE; delete tableName=USER_SESSION; createTable tableName=MIGRATION_MODEL; createTable tableName=IDENTITY_P...','',NULL,'4.29.1',NULL,NULL,'3492198249'),('1.2.0.RC1','bburke@redhat.com','META-INF/db2-jpa-changelog-1.2.0.CR1.xml','2025-04-01 07:23:28',8,'MARK_RAN','9:db4a145ba11a6fdaefb397f6dbf829a1','delete tableName=CLIENT_SESSION_ROLE; delete tableName=CLIENT_SESSION_NOTE; delete tableName=CLIENT_SESSION; delete tableName=USER_SESSION_NOTE; delete tableName=USER_SESSION; createTable tableName=MIGRATION_MODEL; createTable tableName=IDENTITY_P...','',NULL,'4.29.1',NULL,NULL,'3492198249'),('1.2.0.Final','keycloak','META-INF/jpa-changelog-1.2.0.Final.xml','2025-04-01 07:23:28',9,'EXECUTED','9:9d05c7be10cdb873f8bcb41bc3a8ab23','update tableName=CLIENT; update tableName=CLIENT; update tableName=CLIENT','',NULL,'4.29.1',NULL,NULL,'3492198249'),('1.3.0','bburke@redhat.com','META-INF/jpa-changelog-1.3.0.xml','2025-04-01 07:23:30',10,'EXECUTED','9:18593702353128d53111f9b1ff0b82b8','delete tableName=CLIENT_SESSION_ROLE; delete tableName=CLIENT_SESSION_PROT_MAPPER; delete tableName=CLIENT_SESSION_NOTE; delete tableName=CLIENT_SESSION; delete tableName=USER_SESSION_NOTE; delete tableName=USER_SESSION; createTable tableName=ADMI...','',NULL,'4.29.1',NULL,NULL,'3492198249'),('1.4.0','bburke@redhat.com','META-INF/jpa-changelog-1.4.0.xml','2025-04-01 07:23:32',11,'EXECUTED','9:6122efe5f090e41a85c0f1c9e52cbb62','delete tableName=CLIENT_SESSION_AUTH_STATUS; delete tableName=CLIENT_SESSION_ROLE; delete tableName=CLIENT_SESSION_PROT_MAPPER; delete tableName=CLIENT_SESSION_NOTE; delete tableName=CLIENT_SESSION; delete tableName=USER_SESSION_NOTE; delete table...','',NULL,'4.29.1',NULL,NULL,'3492198249'),('1.4.0','bburke@redhat.com','META-INF/db2-jpa-changelog-1.4.0.xml','2025-04-01 07:23:32',12,'MARK_RAN','9:e1ff28bf7568451453f844c5d54bb0b5','delete tableName=CLIENT_SESSION_AUTH_STATUS; delete tableName=CLIENT_SESSION_ROLE; delete tableName=CLIENT_SESSION_PROT_MAPPER; delete tableName=CLIENT_SESSION_NOTE; delete tableName=CLIENT_SESSION; delete tableName=USER_SESSION_NOTE; delete table...','',NULL,'4.29.1',NULL,NULL,'3492198249'),('1.5.0','bburke@redhat.com','META-INF/jpa-changelog-1.5.0.xml','2025-04-01 07:23:32',13,'EXECUTED','9:7af32cd8957fbc069f796b61217483fd','delete tableName=CLIENT_SESSION_AUTH_STATUS; delete tableName=CLIENT_SESSION_ROLE; delete tableName=CLIENT_SESSION_PROT_MAPPER; delete tableName=CLIENT_SESSION_NOTE; delete tableName=CLIENT_SESSION; delete tableName=USER_SESSION_NOTE; delete table...','',NULL,'4.29.1',NULL,NULL,'3492198249'),('1.6.1_from15','mposolda@redhat.com','META-INF/jpa-changelog-1.6.1.xml','2025-04-01 07:23:32',14,'EXECUTED','9:6005e15e84714cd83226bf7879f54190','addColumn tableName=REALM; addColumn tableName=KEYCLOAK_ROLE; addColumn tableName=CLIENT; createTable tableName=OFFLINE_USER_SESSION; createTable tableName=OFFLINE_CLIENT_SESSION; addPrimaryKey constraintName=CONSTRAINT_OFFL_US_SES_PK2, tableName=...','',NULL,'4.29.1',NULL,NULL,'3492198249'),('1.6.1_from16-pre','mposolda@redhat.com','META-INF/jpa-changelog-1.6.1.xml','2025-04-01 07:23:32',15,'MARK_RAN','9:bf656f5a2b055d07f314431cae76f06c','delete tableName=OFFLINE_CLIENT_SESSION; delete tableName=OFFLINE_USER_SESSION','',NULL,'4.29.1',NULL,NULL,'3492198249'),('1.6.1_from16','mposolda@redhat.com','META-INF/jpa-changelog-1.6.1.xml','2025-04-01 07:23:32',16,'MARK_RAN','9:f8dadc9284440469dcf71e25ca6ab99b','dropPrimaryKey constraintName=CONSTRAINT_OFFLINE_US_SES_PK, tableName=OFFLINE_USER_SESSION; dropPrimaryKey constraintName=CONSTRAINT_OFFLINE_CL_SES_PK, tableName=OFFLINE_CLIENT_SESSION; addColumn tableName=OFFLINE_USER_SESSION; update tableName=OF...','',NULL,'4.29.1',NULL,NULL,'3492198249'),('1.6.1','mposolda@redhat.com','META-INF/jpa-changelog-1.6.1.xml','2025-04-01 07:23:32',17,'EXECUTED','9:d41d8cd98f00b204e9800998ecf8427e','empty','',NULL,'4.29.1',NULL,NULL,'3492198249'),('1.7.0','bburke@redhat.com','META-INF/jpa-changelog-1.7.0.xml','2025-04-01 07:23:34',18,'EXECUTED','9:3368ff0be4c2855ee2dd9ca813b38d8e','createTable tableName=KEYCLOAK_GROUP; createTable tableName=GROUP_ROLE_MAPPING; createTable tableName=GROUP_ATTRIBUTE; createTable tableName=USER_GROUP_MEMBERSHIP; createTable tableName=REALM_DEFAULT_GROUPS; addColumn tableName=IDENTITY_PROVIDER; ...','',NULL,'4.29.1',NULL,NULL,'3492198249'),('1.8.0','mposolda@redhat.com','META-INF/jpa-changelog-1.8.0.xml','2025-04-01 07:23:35',19,'EXECUTED','9:8ac2fb5dd030b24c0570a763ed75ed20','addColumn tableName=IDENTITY_PROVIDER; createTable tableName=CLIENT_TEMPLATE; createTable tableName=CLIENT_TEMPLATE_ATTRIBUTES; createTable tableName=TEMPLATE_SCOPE_MAPPING; dropNotNullConstraint columnName=CLIENT_ID, tableName=PROTOCOL_MAPPER; ad...','',NULL,'4.29.1',NULL,NULL,'3492198249'),('1.8.0-2','keycloak','META-INF/jpa-changelog-1.8.0.xml','2025-04-01 07:23:35',20,'EXECUTED','9:f91ddca9b19743db60e3057679810e6c','dropDefaultValue columnName=ALGORITHM, tableName=CREDENTIAL; update tableName=CREDENTIAL','',NULL,'4.29.1',NULL,NULL,'3492198249'),('1.8.0','mposolda@redhat.com','META-INF/db2-jpa-changelog-1.8.0.xml','2025-04-01 07:23:35',21,'MARK_RAN','9:831e82914316dc8a57dc09d755f23c51','addColumn tableName=IDENTITY_PROVIDER; createTable tableName=CLIENT_TEMPLATE; createTable tableName=CLIENT_TEMPLATE_ATTRIBUTES; createTable tableName=TEMPLATE_SCOPE_MAPPING; dropNotNullConstraint columnName=CLIENT_ID, tableName=PROTOCOL_MAPPER; ad...','',NULL,'4.29.1',NULL,NULL,'3492198249'),('1.8.0-2','keycloak','META-INF/db2-jpa-changelog-1.8.0.xml','2025-04-01 07:23:35',22,'MARK_RAN','9:f91ddca9b19743db60e3057679810e6c','dropDefaultValue columnName=ALGORITHM, tableName=CREDENTIAL; update tableName=CREDENTIAL','',NULL,'4.29.1',NULL,NULL,'3492198249'),('1.9.0','mposolda@redhat.com','META-INF/jpa-changelog-1.9.0.xml','2025-04-01 07:23:35',23,'EXECUTED','9:bc3d0f9e823a69dc21e23e94c7a94bb1','update tableName=REALM; update tableName=REALM; update tableName=REALM; update tableName=REALM; update tableName=CREDENTIAL; update tableName=CREDENTIAL; update tableName=CREDENTIAL; update tableName=REALM; update tableName=REALM; customChange; dr...','',NULL,'4.29.1',NULL,NULL,'3492198249'),('1.9.1','keycloak','META-INF/jpa-changelog-1.9.1.xml','2025-04-01 07:23:35',24,'EXECUTED','9:c9999da42f543575ab790e76439a2679','modifyDataType columnName=PRIVATE_KEY, tableName=REALM; modifyDataType columnName=PUBLIC_KEY, tableName=REALM; modifyDataType columnName=CERTIFICATE, tableName=REALM','',NULL,'4.29.1',NULL,NULL,'3492198249'),('1.9.1','keycloak','META-INF/db2-jpa-changelog-1.9.1.xml','2025-04-01 07:23:35',25,'MARK_RAN','9:0d6c65c6f58732d81569e77b10ba301d','modifyDataType columnName=PRIVATE_KEY, tableName=REALM; modifyDataType columnName=CERTIFICATE, tableName=REALM','',NULL,'4.29.1',NULL,NULL,'3492198249'),('1.9.2','keycloak','META-INF/jpa-changelog-1.9.2.xml','2025-04-01 07:23:35',26,'EXECUTED','9:fc576660fc016ae53d2d4778d84d86d0','createIndex indexName=IDX_USER_EMAIL, tableName=USER_ENTITY; createIndex indexName=IDX_USER_ROLE_MAPPING, tableName=USER_ROLE_MAPPING; createIndex indexName=IDX_USER_GROUP_MAPPING, tableName=USER_GROUP_MEMBERSHIP; createIndex indexName=IDX_USER_CO...','',NULL,'4.29.1',NULL,NULL,'3492198249'),('authz-2.0.0','psilva@redhat.com','META-INF/jpa-changelog-authz-2.0.0.xml','2025-04-01 07:23:37',27,'EXECUTED','9:43ed6b0da89ff77206289e87eaa9c024','createTable tableName=RESOURCE_SERVER; addPrimaryKey constraintName=CONSTRAINT_FARS, tableName=RESOURCE_SERVER; addUniqueConstraint constraintName=UK_AU8TT6T700S9V50BU18WS5HA6, tableName=RESOURCE_SERVER; createTable tableName=RESOURCE_SERVER_RESOU...','',NULL,'4.29.1',NULL,NULL,'3492198249'),('authz-2.5.1','psilva@redhat.com','META-INF/jpa-changelog-authz-2.5.1.xml','2025-04-01 07:23:37',28,'EXECUTED','9:44bae577f551b3738740281eceb4ea70','update tableName=RESOURCE_SERVER_POLICY','',NULL,'4.29.1',NULL,NULL,'3492198249'),('2.1.0-KEYCLOAK-5461','bburke@redhat.com','META-INF/jpa-changelog-2.1.0.xml','2025-04-01 07:23:38',29,'EXECUTED','9:bd88e1f833df0420b01e114533aee5e8','createTable tableName=BROKER_LINK; createTable tableName=FED_USER_ATTRIBUTE; createTable tableName=FED_USER_CONSENT; createTable tableName=FED_USER_CONSENT_ROLE; createTable tableName=FED_USER_CONSENT_PROT_MAPPER; createTable tableName=FED_USER_CR...','',NULL,'4.29.1',NULL,NULL,'3492198249'),('2.2.0','bburke@redhat.com','META-INF/jpa-changelog-2.2.0.xml','2025-04-01 07:23:38',30,'EXECUTED','9:a7022af5267f019d020edfe316ef4371','addColumn tableName=ADMIN_EVENT_ENTITY; createTable tableName=CREDENTIAL_ATTRIBUTE; createTable tableName=FED_CREDENTIAL_ATTRIBUTE; modifyDataType columnName=VALUE, tableName=CREDENTIAL; addForeignKeyConstraint baseTableName=FED_CREDENTIAL_ATTRIBU...','',NULL,'4.29.1',NULL,NULL,'3492198249'),('2.3.0','bburke@redhat.com','META-INF/jpa-changelog-2.3.0.xml','2025-04-01 07:23:38',31,'EXECUTED','9:fc155c394040654d6a79227e56f5e25a','createTable tableName=FEDERATED_USER; addPrimaryKey constraintName=CONSTR_FEDERATED_USER, tableName=FEDERATED_USER; dropDefaultValue columnName=TOTP, tableName=USER_ENTITY; dropColumn columnName=TOTP, tableName=USER_ENTITY; addColumn tableName=IDE...','',NULL,'4.29.1',NULL,NULL,'3492198249'),('2.4.0','bburke@redhat.com','META-INF/jpa-changelog-2.4.0.xml','2025-04-01 07:23:38',32,'EXECUTED','9:eac4ffb2a14795e5dc7b426063e54d88','customChange','',NULL,'4.29.1',NULL,NULL,'3492198249'),('2.5.0','bburke@redhat.com','META-INF/jpa-changelog-2.5.0.xml','2025-04-01 07:23:39',33,'EXECUTED','9:54937c05672568c4c64fc9524c1e9462','customChange; modifyDataType columnName=USER_ID, tableName=OFFLINE_USER_SESSION','',NULL,'4.29.1',NULL,NULL,'3492198249'),('2.5.0-unicode-oracle','hmlnarik@redhat.com','META-INF/jpa-changelog-2.5.0.xml','2025-04-01 07:23:39',34,'MARK_RAN','9:3a32bace77c84d7678d035a7f5a8084e','modifyDataType columnName=DESCRIPTION, tableName=AUTHENTICATION_FLOW; modifyDataType columnName=DESCRIPTION, tableName=CLIENT_TEMPLATE; modifyDataType columnName=DESCRIPTION, tableName=RESOURCE_SERVER_POLICY; modifyDataType columnName=DESCRIPTION,...','',NULL,'4.29.1',NULL,NULL,'3492198249'),('2.5.0-unicode-other-dbs','hmlnarik@redhat.com','META-INF/jpa-changelog-2.5.0.xml','2025-04-01 07:23:40',35,'EXECUTED','9:33d72168746f81f98ae3a1e8e0ca3554','modifyDataType columnName=DESCRIPTION, tableName=AUTHENTICATION_FLOW; modifyDataType columnName=DESCRIPTION, tableName=CLIENT_TEMPLATE; modifyDataType columnName=DESCRIPTION, tableName=RESOURCE_SERVER_POLICY; modifyDataType columnName=DESCRIPTION,...','',NULL,'4.29.1',NULL,NULL,'3492198249'),('2.5.0-duplicate-email-support','slawomir@dabek.name','META-INF/jpa-changelog-2.5.0.xml','2025-04-01 07:23:40',36,'EXECUTED','9:61b6d3d7a4c0e0024b0c839da283da0c','addColumn tableName=REALM','',NULL,'4.29.1',NULL,NULL,'3492198249'),('2.5.0-unique-group-names','hmlnarik@redhat.com','META-INF/jpa-changelog-2.5.0.xml','2025-04-01 07:23:40',37,'EXECUTED','9:8dcac7bdf7378e7d823cdfddebf72fda','addUniqueConstraint constraintName=SIBLING_NAMES, tableName=KEYCLOAK_GROUP','',NULL,'4.29.1',NULL,NULL,'3492198249'),('2.5.1','bburke@redhat.com','META-INF/jpa-changelog-2.5.1.xml','2025-04-01 07:23:40',38,'EXECUTED','9:a2b870802540cb3faa72098db5388af3','addColumn tableName=FED_USER_CONSENT','',NULL,'4.29.1',NULL,NULL,'3492198249'),('3.0.0','bburke@redhat.com','META-INF/jpa-changelog-3.0.0.xml','2025-04-01 07:23:40',39,'EXECUTED','9:132a67499ba24bcc54fb5cbdcfe7e4c0','addColumn tableName=IDENTITY_PROVIDER','',NULL,'4.29.1',NULL,NULL,'3492198249'),('3.2.0-fix','keycloak','META-INF/jpa-changelog-3.2.0.xml','2025-04-01 07:23:40',40,'MARK_RAN','9:938f894c032f5430f2b0fafb1a243462','addNotNullConstraint columnName=REALM_ID, tableName=CLIENT_INITIAL_ACCESS','',NULL,'4.29.1',NULL,NULL,'3492198249'),('3.2.0-fix-with-keycloak-5416','keycloak','META-INF/jpa-changelog-3.2.0.xml','2025-04-01 07:23:40',41,'MARK_RAN','9:845c332ff1874dc5d35974b0babf3006','dropIndex indexName=IDX_CLIENT_INIT_ACC_REALM, tableName=CLIENT_INITIAL_ACCESS; addNotNullConstraint columnName=REALM_ID, tableName=CLIENT_INITIAL_ACCESS; createIndex indexName=IDX_CLIENT_INIT_ACC_REALM, tableName=CLIENT_INITIAL_ACCESS','',NULL,'4.29.1',NULL,NULL,'3492198249'),('3.2.0-fix-offline-sessions','hmlnarik','META-INF/jpa-changelog-3.2.0.xml','2025-04-01 07:23:40',42,'EXECUTED','9:fc86359c079781adc577c5a217e4d04c','customChange','',NULL,'4.29.1',NULL,NULL,'3492198249'),('3.2.0-fixed','keycloak','META-INF/jpa-changelog-3.2.0.xml','2025-04-01 07:23:42',43,'EXECUTED','9:59a64800e3c0d09b825f8a3b444fa8f4','addColumn tableName=REALM; dropPrimaryKey constraintName=CONSTRAINT_OFFL_CL_SES_PK2, tableName=OFFLINE_CLIENT_SESSION; dropColumn columnName=CLIENT_SESSION_ID, tableName=OFFLINE_CLIENT_SESSION; addPrimaryKey constraintName=CONSTRAINT_OFFL_CL_SES_P...','',NULL,'4.29.1',NULL,NULL,'3492198249'),('3.3.0','keycloak','META-INF/jpa-changelog-3.3.0.xml','2025-04-01 07:23:42',44,'EXECUTED','9:d48d6da5c6ccf667807f633fe489ce88','addColumn tableName=USER_ENTITY','',NULL,'4.29.1',NULL,NULL,'3492198249'),('authz-3.4.0.CR1-resource-server-pk-change-part1','glavoie@gmail.com','META-INF/jpa-changelog-authz-3.4.0.CR1.xml','2025-04-01 07:23:42',45,'EXECUTED','9:dde36f7973e80d71fceee683bc5d2951','addColumn tableName=RESOURCE_SERVER_POLICY; addColumn tableName=RESOURCE_SERVER_RESOURCE; addColumn tableName=RESOURCE_SERVER_SCOPE','',NULL,'4.29.1',NULL,NULL,'3492198249'),('authz-3.4.0.CR1-resource-server-pk-change-part2-KEYCLOAK-6095','hmlnarik@redhat.com','META-INF/jpa-changelog-authz-3.4.0.CR1.xml','2025-04-01 07:23:42',46,'EXECUTED','9:b855e9b0a406b34fa323235a0cf4f640','customChange','',NULL,'4.29.1',NULL,NULL,'3492198249'),('authz-3.4.0.CR1-resource-server-pk-change-part3-fixed','glavoie@gmail.com','META-INF/jpa-changelog-authz-3.4.0.CR1.xml','2025-04-01 07:23:42',47,'MARK_RAN','9:51abbacd7b416c50c4421a8cabf7927e','dropIndex indexName=IDX_RES_SERV_POL_RES_SERV, tableName=RESOURCE_SERVER_POLICY; dropIndex indexName=IDX_RES_SRV_RES_RES_SRV, tableName=RESOURCE_SERVER_RESOURCE; dropIndex indexName=IDX_RES_SRV_SCOPE_RES_SRV, tableName=RESOURCE_SERVER_SCOPE','',NULL,'4.29.1',NULL,NULL,'3492198249'),('authz-3.4.0.CR1-resource-server-pk-change-part3-fixed-nodropindex','glavoie@gmail.com','META-INF/jpa-changelog-authz-3.4.0.CR1.xml','2025-04-01 07:23:43',48,'EXECUTED','9:bdc99e567b3398bac83263d375aad143','addNotNullConstraint columnName=RESOURCE_SERVER_CLIENT_ID, tableName=RESOURCE_SERVER_POLICY; addNotNullConstraint columnName=RESOURCE_SERVER_CLIENT_ID, tableName=RESOURCE_SERVER_RESOURCE; addNotNullConstraint columnName=RESOURCE_SERVER_CLIENT_ID, ...','',NULL,'4.29.1',NULL,NULL,'3492198249'),('authn-3.4.0.CR1-refresh-token-max-reuse','glavoie@gmail.com','META-INF/jpa-changelog-authz-3.4.0.CR1.xml','2025-04-01 07:23:43',49,'EXECUTED','9:d198654156881c46bfba39abd7769e69','addColumn tableName=REALM','',NULL,'4.29.1',NULL,NULL,'3492198249'),('3.4.0','keycloak','META-INF/jpa-changelog-3.4.0.xml','2025-04-01 07:23:44',50,'EXECUTED','9:cfdd8736332ccdd72c5256ccb42335db','addPrimaryKey constraintName=CONSTRAINT_REALM_DEFAULT_ROLES, tableName=REALM_DEFAULT_ROLES; addPrimaryKey constraintName=CONSTRAINT_COMPOSITE_ROLE, tableName=COMPOSITE_ROLE; addPrimaryKey constraintName=CONSTR_REALM_DEFAULT_GROUPS, tableName=REALM...','',NULL,'4.29.1',NULL,NULL,'3492198249'),('3.4.0-KEYCLOAK-5230','hmlnarik@redhat.com','META-INF/jpa-changelog-3.4.0.xml','2025-04-01 07:23:44',51,'EXECUTED','9:7c84de3d9bd84d7f077607c1a4dcb714','createIndex indexName=IDX_FU_ATTRIBUTE, tableName=FED_USER_ATTRIBUTE; createIndex indexName=IDX_FU_CONSENT, tableName=FED_USER_CONSENT; createIndex indexName=IDX_FU_CONSENT_RU, tableName=FED_USER_CONSENT; createIndex indexName=IDX_FU_CREDENTIAL, t...','',NULL,'4.29.1',NULL,NULL,'3492198249'),('3.4.1','psilva@redhat.com','META-INF/jpa-changelog-3.4.1.xml','2025-04-01 07:23:44',52,'EXECUTED','9:5a6bb36cbefb6a9d6928452c0852af2d','modifyDataType columnName=VALUE, tableName=CLIENT_ATTRIBUTES','',NULL,'4.29.1',NULL,NULL,'3492198249'),('3.4.2','keycloak','META-INF/jpa-changelog-3.4.2.xml','2025-04-01 07:23:44',53,'EXECUTED','9:8f23e334dbc59f82e0a328373ca6ced0','update tableName=REALM','',NULL,'4.29.1',NULL,NULL,'3492198249'),('3.4.2-KEYCLOAK-5172','mkanis@redhat.com','META-INF/jpa-changelog-3.4.2.xml','2025-04-01 07:23:44',54,'EXECUTED','9:9156214268f09d970cdf0e1564d866af','update tableName=CLIENT','',NULL,'4.29.1',NULL,NULL,'3492198249'),('4.0.0-KEYCLOAK-6335','bburke@redhat.com','META-INF/jpa-changelog-4.0.0.xml','2025-04-01 07:23:44',55,'EXECUTED','9:db806613b1ed154826c02610b7dbdf74','createTable tableName=CLIENT_AUTH_FLOW_BINDINGS; addPrimaryKey constraintName=C_CLI_FLOW_BIND, tableName=CLIENT_AUTH_FLOW_BINDINGS','',NULL,'4.29.1',NULL,NULL,'3492198249'),('4.0.0-CLEANUP-UNUSED-TABLE','bburke@redhat.com','META-INF/jpa-changelog-4.0.0.xml','2025-04-01 07:23:44',56,'EXECUTED','9:229a041fb72d5beac76bb94a5fa709de','dropTable tableName=CLIENT_IDENTITY_PROV_MAPPING','',NULL,'4.29.1',NULL,NULL,'3492198249'),('4.0.0-KEYCLOAK-6228','bburke@redhat.com','META-INF/jpa-changelog-4.0.0.xml','2025-04-01 07:23:44',57,'EXECUTED','9:079899dade9c1e683f26b2aa9ca6ff04','dropUniqueConstraint constraintName=UK_JKUWUVD56ONTGSUHOGM8UEWRT, tableName=USER_CONSENT; dropNotNullConstraint columnName=CLIENT_ID, tableName=USER_CONSENT; addColumn tableName=USER_CONSENT; addUniqueConstraint constraintName=UK_JKUWUVD56ONTGSUHO...','',NULL,'4.29.1',NULL,NULL,'3492198249'),('4.0.0-KEYCLOAK-5579-fixed','mposolda@redhat.com','META-INF/jpa-changelog-4.0.0.xml','2025-04-01 07:23:47',58,'EXECUTED','9:139b79bcbbfe903bb1c2d2a4dbf001d9','dropForeignKeyConstraint baseTableName=CLIENT_TEMPLATE_ATTRIBUTES, constraintName=FK_CL_TEMPL_ATTR_TEMPL; renameTable newTableName=CLIENT_SCOPE_ATTRIBUTES, oldTableName=CLIENT_TEMPLATE_ATTRIBUTES; renameColumn newColumnName=SCOPE_ID, oldColumnName...','',NULL,'4.29.1',NULL,NULL,'3492198249'),('authz-4.0.0.CR1','psilva@redhat.com','META-INF/jpa-changelog-authz-4.0.0.CR1.xml','2025-04-01 07:23:47',59,'EXECUTED','9:b55738ad889860c625ba2bf483495a04','createTable tableName=RESOURCE_SERVER_PERM_TICKET; addPrimaryKey constraintName=CONSTRAINT_FAPMT, tableName=RESOURCE_SERVER_PERM_TICKET; addForeignKeyConstraint baseTableName=RESOURCE_SERVER_PERM_TICKET, constraintName=FK_FRSRHO213XCX4WNKOG82SSPMT...','',NULL,'4.29.1',NULL,NULL,'3492198249'),('authz-4.0.0.Beta3','psilva@redhat.com','META-INF/jpa-changelog-authz-4.0.0.Beta3.xml','2025-04-01 07:23:47',60,'EXECUTED','9:e0057eac39aa8fc8e09ac6cfa4ae15fe','addColumn tableName=RESOURCE_SERVER_POLICY; addColumn tableName=RESOURCE_SERVER_PERM_TICKET; addForeignKeyConstraint baseTableName=RESOURCE_SERVER_PERM_TICKET, constraintName=FK_FRSRPO2128CX4WNKOG82SSRFY, referencedTableName=RESOURCE_SERVER_POLICY','',NULL,'4.29.1',NULL,NULL,'3492198249'),('authz-4.2.0.Final','mhajas@redhat.com','META-INF/jpa-changelog-authz-4.2.0.Final.xml','2025-04-01 07:23:48',61,'EXECUTED','9:42a33806f3a0443fe0e7feeec821326c','createTable tableName=RESOURCE_URIS; addForeignKeyConstraint baseTableName=RESOURCE_URIS, constraintName=FK_RESOURCE_SERVER_URIS, referencedTableName=RESOURCE_SERVER_RESOURCE; customChange; dropColumn columnName=URI, tableName=RESOURCE_SERVER_RESO...','',NULL,'4.29.1',NULL,NULL,'3492198249'),('authz-4.2.0.Final-KEYCLOAK-9944','hmlnarik@redhat.com','META-INF/jpa-changelog-authz-4.2.0.Final.xml','2025-04-01 07:23:48',62,'EXECUTED','9:9968206fca46eecc1f51db9c024bfe56','addPrimaryKey constraintName=CONSTRAINT_RESOUR_URIS_PK, tableName=RESOURCE_URIS','',NULL,'4.29.1',NULL,NULL,'3492198249'),('4.2.0-KEYCLOAK-6313','wadahiro@gmail.com','META-INF/jpa-changelog-4.2.0.xml','2025-04-01 07:23:48',63,'EXECUTED','9:92143a6daea0a3f3b8f598c97ce55c3d','addColumn tableName=REQUIRED_ACTION_PROVIDER','',NULL,'4.29.1',NULL,NULL,'3492198249'),('4.3.0-KEYCLOAK-7984','wadahiro@gmail.com','META-INF/jpa-changelog-4.3.0.xml','2025-04-01 07:23:48',64,'EXECUTED','9:82bab26a27195d889fb0429003b18f40','update tableName=REQUIRED_ACTION_PROVIDER','',NULL,'4.29.1',NULL,NULL,'3492198249'),('4.6.0-KEYCLOAK-7950','psilva@redhat.com','META-INF/jpa-changelog-4.6.0.xml','2025-04-01 07:23:48',65,'EXECUTED','9:e590c88ddc0b38b0ae4249bbfcb5abc3','update tableName=RESOURCE_SERVER_RESOURCE','',NULL,'4.29.1',NULL,NULL,'3492198249'),('4.6.0-KEYCLOAK-8377','keycloak','META-INF/jpa-changelog-4.6.0.xml','2025-04-01 07:23:48',66,'EXECUTED','9:5c1f475536118dbdc38d5d7977950cc0','createTable tableName=ROLE_ATTRIBUTE; addPrimaryKey constraintName=CONSTRAINT_ROLE_ATTRIBUTE_PK, tableName=ROLE_ATTRIBUTE; addForeignKeyConstraint baseTableName=ROLE_ATTRIBUTE, constraintName=FK_ROLE_ATTRIBUTE_ID, referencedTableName=KEYCLOAK_ROLE...','',NULL,'4.29.1',NULL,NULL,'3492198249'),('4.6.0-KEYCLOAK-8555','gideonray@gmail.com','META-INF/jpa-changelog-4.6.0.xml','2025-04-01 07:23:48',67,'EXECUTED','9:e7c9f5f9c4d67ccbbcc215440c718a17','createIndex indexName=IDX_COMPONENT_PROVIDER_TYPE, tableName=COMPONENT','',NULL,'4.29.1',NULL,NULL,'3492198249'),('4.7.0-KEYCLOAK-1267','sguilhen@redhat.com','META-INF/jpa-changelog-4.7.0.xml','2025-04-01 07:23:48',68,'EXECUTED','9:88e0bfdda924690d6f4e430c53447dd5','addColumn tableName=REALM','',NULL,'4.29.1',NULL,NULL,'3492198249'),('4.7.0-KEYCLOAK-7275','keycloak','META-INF/jpa-changelog-4.7.0.xml','2025-04-01 07:23:48',69,'EXECUTED','9:f53177f137e1c46b6a88c59ec1cb5218','renameColumn newColumnName=CREATED_ON, oldColumnName=LAST_SESSION_REFRESH, tableName=OFFLINE_USER_SESSION; addNotNullConstraint columnName=CREATED_ON, tableName=OFFLINE_USER_SESSION; addColumn tableName=OFFLINE_USER_SESSION; customChange; createIn...','',NULL,'4.29.1',NULL,NULL,'3492198249'),('4.8.0-KEYCLOAK-8835','sguilhen@redhat.com','META-INF/jpa-changelog-4.8.0.xml','2025-04-01 07:23:48',70,'EXECUTED','9:a74d33da4dc42a37ec27121580d1459f','addNotNullConstraint columnName=SSO_MAX_LIFESPAN_REMEMBER_ME, tableName=REALM; addNotNullConstraint columnName=SSO_IDLE_TIMEOUT_REMEMBER_ME, tableName=REALM','',NULL,'4.29.1',NULL,NULL,'3492198249'),('authz-7.0.0-KEYCLOAK-10443','psilva@redhat.com','META-INF/jpa-changelog-authz-7.0.0.xml','2025-04-01 07:23:48',71,'EXECUTED','9:fd4ade7b90c3b67fae0bfcfcb42dfb5f','addColumn tableName=RESOURCE_SERVER','',NULL,'4.29.1',NULL,NULL,'3492198249'),('8.0.0-adding-credential-columns','keycloak','META-INF/jpa-changelog-8.0.0.xml','2025-04-01 07:23:48',72,'EXECUTED','9:aa072ad090bbba210d8f18781b8cebf4','addColumn tableName=CREDENTIAL; addColumn tableName=FED_USER_CREDENTIAL','',NULL,'4.29.1',NULL,NULL,'3492198249'),('8.0.0-updating-credential-data-not-oracle-fixed','keycloak','META-INF/jpa-changelog-8.0.0.xml','2025-04-01 07:23:48',73,'EXECUTED','9:1ae6be29bab7c2aa376f6983b932be37','update tableName=CREDENTIAL; update tableName=CREDENTIAL; update tableName=CREDENTIAL; update tableName=FED_USER_CREDENTIAL; update tableName=FED_USER_CREDENTIAL; update tableName=FED_USER_CREDENTIAL','',NULL,'4.29.1',NULL,NULL,'3492198249'),('8.0.0-updating-credential-data-oracle-fixed','keycloak','META-INF/jpa-changelog-8.0.0.xml','2025-04-01 07:23:48',74,'MARK_RAN','9:14706f286953fc9a25286dbd8fb30d97','update tableName=CREDENTIAL; update tableName=CREDENTIAL; update tableName=CREDENTIAL; update tableName=FED_USER_CREDENTIAL; update tableName=FED_USER_CREDENTIAL; update tableName=FED_USER_CREDENTIAL','',NULL,'4.29.1',NULL,NULL,'3492198249'),('8.0.0-credential-cleanup-fixed','keycloak','META-INF/jpa-changelog-8.0.0.xml','2025-04-01 07:23:49',75,'EXECUTED','9:2b9cc12779be32c5b40e2e67711a218b','dropDefaultValue columnName=COUNTER, tableName=CREDENTIAL; dropDefaultValue columnName=DIGITS, tableName=CREDENTIAL; dropDefaultValue columnName=PERIOD, tableName=CREDENTIAL; dropDefaultValue columnName=ALGORITHM, tableName=CREDENTIAL; dropColumn ...','',NULL,'4.29.1',NULL,NULL,'3492198249'),('8.0.0-resource-tag-support','keycloak','META-INF/jpa-changelog-8.0.0.xml','2025-04-01 07:23:49',76,'EXECUTED','9:91fa186ce7a5af127a2d7a91ee083cc5','addColumn tableName=MIGRATION_MODEL; createIndex indexName=IDX_UPDATE_TIME, tableName=MIGRATION_MODEL','',NULL,'4.29.1',NULL,NULL,'3492198249'),('9.0.0-always-display-client','keycloak','META-INF/jpa-changelog-9.0.0.xml','2025-04-01 07:23:49',77,'EXECUTED','9:6335e5c94e83a2639ccd68dd24e2e5ad','addColumn tableName=CLIENT','',NULL,'4.29.1',NULL,NULL,'3492198249'),('9.0.0-drop-constraints-for-column-increase','keycloak','META-INF/jpa-changelog-9.0.0.xml','2025-04-01 07:23:49',78,'MARK_RAN','9:6bdb5658951e028bfe16fa0a8228b530','dropUniqueConstraint constraintName=UK_FRSR6T700S9V50BU18WS5PMT, tableName=RESOURCE_SERVER_PERM_TICKET; dropUniqueConstraint constraintName=UK_FRSR6T700S9V50BU18WS5HA6, tableName=RESOURCE_SERVER_RESOURCE; dropPrimaryKey constraintName=CONSTRAINT_O...','',NULL,'4.29.1',NULL,NULL,'3492198249'),('9.0.0-increase-column-size-federated-fk','keycloak','META-INF/jpa-changelog-9.0.0.xml','2025-04-01 07:23:50',79,'EXECUTED','9:d5bc15a64117ccad481ce8792d4c608f','modifyDataType columnName=CLIENT_ID, tableName=FED_USER_CONSENT; modifyDataType columnName=CLIENT_REALM_CONSTRAINT, tableName=KEYCLOAK_ROLE; modifyDataType columnName=OWNER, tableName=RESOURCE_SERVER_POLICY; modifyDataType columnName=CLIENT_ID, ta...','',NULL,'4.29.1',NULL,NULL,'3492198249'),('9.0.0-recreate-constraints-after-column-increase','keycloak','META-INF/jpa-changelog-9.0.0.xml','2025-04-01 07:23:50',80,'MARK_RAN','9:077cba51999515f4d3e7ad5619ab592c','addNotNullConstraint columnName=CLIENT_ID, tableName=OFFLINE_CLIENT_SESSION; addNotNullConstraint columnName=OWNER, tableName=RESOURCE_SERVER_PERM_TICKET; addNotNullConstraint columnName=REQUESTER, tableName=RESOURCE_SERVER_PERM_TICKET; addNotNull...','',NULL,'4.29.1',NULL,NULL,'3492198249'),('9.0.1-add-index-to-client.client_id','keycloak','META-INF/jpa-changelog-9.0.1.xml','2025-04-01 07:23:50',81,'EXECUTED','9:be969f08a163bf47c6b9e9ead8ac2afb','createIndex indexName=IDX_CLIENT_ID, tableName=CLIENT','',NULL,'4.29.1',NULL,NULL,'3492198249'),('9.0.1-KEYCLOAK-12579-drop-constraints','keycloak','META-INF/jpa-changelog-9.0.1.xml','2025-04-01 07:23:50',82,'MARK_RAN','9:6d3bb4408ba5a72f39bd8a0b301ec6e3','dropUniqueConstraint constraintName=SIBLING_NAMES, tableName=KEYCLOAK_GROUP','',NULL,'4.29.1',NULL,NULL,'3492198249'),('9.0.1-KEYCLOAK-12579-add-not-null-constraint','keycloak','META-INF/jpa-changelog-9.0.1.xml','2025-04-01 07:23:50',83,'EXECUTED','9:966bda61e46bebf3cc39518fbed52fa7','addNotNullConstraint columnName=PARENT_GROUP, tableName=KEYCLOAK_GROUP','',NULL,'4.29.1',NULL,NULL,'3492198249'),('9.0.1-KEYCLOAK-12579-recreate-constraints','keycloak','META-INF/jpa-changelog-9.0.1.xml','2025-04-01 07:23:50',84,'MARK_RAN','9:8dcac7bdf7378e7d823cdfddebf72fda','addUniqueConstraint constraintName=SIBLING_NAMES, tableName=KEYCLOAK_GROUP','',NULL,'4.29.1',NULL,NULL,'3492198249'),('9.0.1-add-index-to-events','keycloak','META-INF/jpa-changelog-9.0.1.xml','2025-04-01 07:23:50',85,'EXECUTED','9:7d93d602352a30c0c317e6a609b56599','createIndex indexName=IDX_EVENT_TIME, tableName=EVENT_ENTITY','',NULL,'4.29.1',NULL,NULL,'3492198249'),('map-remove-ri','keycloak','META-INF/jpa-changelog-11.0.0.xml','2025-04-01 07:23:50',86,'EXECUTED','9:71c5969e6cdd8d7b6f47cebc86d37627','dropForeignKeyConstraint baseTableName=REALM, constraintName=FK_TRAF444KK6QRKMS7N56AIWQ5Y; dropForeignKeyConstraint baseTableName=KEYCLOAK_ROLE, constraintName=FK_KJHO5LE2C0RAL09FL8CM9WFW9','',NULL,'4.29.1',NULL,NULL,'3492198249'),('map-remove-ri','keycloak','META-INF/jpa-changelog-12.0.0.xml','2025-04-01 07:23:50',87,'EXECUTED','9:a9ba7d47f065f041b7da856a81762021','dropForeignKeyConstraint baseTableName=REALM_DEFAULT_GROUPS, constraintName=FK_DEF_GROUPS_GROUP; dropForeignKeyConstraint baseTableName=REALM_DEFAULT_ROLES, constraintName=FK_H4WPD7W4HSOOLNI3H0SW7BTJE; dropForeignKeyConstraint baseTableName=CLIENT...','',NULL,'4.29.1',NULL,NULL,'3492198249'),('12.1.0-add-realm-localization-table','keycloak','META-INF/jpa-changelog-12.0.0.xml','2025-04-01 07:23:50',88,'EXECUTED','9:fffabce2bc01e1a8f5110d5278500065','createTable tableName=REALM_LOCALIZATIONS; addPrimaryKey tableName=REALM_LOCALIZATIONS','',NULL,'4.29.1',NULL,NULL,'3492198249'),('default-roles','keycloak','META-INF/jpa-changelog-13.0.0.xml','2025-04-01 07:23:50',89,'EXECUTED','9:fa8a5b5445e3857f4b010bafb5009957','addColumn tableName=REALM; customChange','',NULL,'4.29.1',NULL,NULL,'3492198249'),('default-roles-cleanup','keycloak','META-INF/jpa-changelog-13.0.0.xml','2025-04-01 07:23:50',90,'EXECUTED','9:67ac3241df9a8582d591c5ed87125f39','dropTable tableName=REALM_DEFAULT_ROLES; dropTable tableName=CLIENT_DEFAULT_ROLES','',NULL,'4.29.1',NULL,NULL,'3492198249'),('13.0.0-KEYCLOAK-16844','keycloak','META-INF/jpa-changelog-13.0.0.xml','2025-04-01 07:23:50',91,'EXECUTED','9:ad1194d66c937e3ffc82386c050ba089','createIndex indexName=IDX_OFFLINE_USS_PRELOAD, tableName=OFFLINE_USER_SESSION','',NULL,'4.29.1',NULL,NULL,'3492198249'),('map-remove-ri-13.0.0','keycloak','META-INF/jpa-changelog-13.0.0.xml','2025-04-01 07:23:51',92,'EXECUTED','9:d9be619d94af5a2f5d07b9f003543b91','dropForeignKeyConstraint baseTableName=DEFAULT_CLIENT_SCOPE, constraintName=FK_R_DEF_CLI_SCOPE_SCOPE; dropForeignKeyConstraint baseTableName=CLIENT_SCOPE_CLIENT, constraintName=FK_C_CLI_SCOPE_SCOPE; dropForeignKeyConstraint baseTableName=CLIENT_SC...','',NULL,'4.29.1',NULL,NULL,'3492198249'),('13.0.0-KEYCLOAK-17992-drop-constraints','keycloak','META-INF/jpa-changelog-13.0.0.xml','2025-04-01 07:23:51',93,'MARK_RAN','9:544d201116a0fcc5a5da0925fbbc3bde','dropPrimaryKey constraintName=C_CLI_SCOPE_BIND, tableName=CLIENT_SCOPE_CLIENT; dropIndex indexName=IDX_CLSCOPE_CL, tableName=CLIENT_SCOPE_CLIENT; dropIndex indexName=IDX_CL_CLSCOPE, tableName=CLIENT_SCOPE_CLIENT','',NULL,'4.29.1',NULL,NULL,'3492198249'),('13.0.0-increase-column-size-federated','keycloak','META-INF/jpa-changelog-13.0.0.xml','2025-04-01 07:23:51',94,'EXECUTED','9:43c0c1055b6761b4b3e89de76d612ccf','modifyDataType columnName=CLIENT_ID, tableName=CLIENT_SCOPE_CLIENT; modifyDataType columnName=SCOPE_ID, tableName=CLIENT_SCOPE_CLIENT','',NULL,'4.29.1',NULL,NULL,'3492198249'),('13.0.0-KEYCLOAK-17992-recreate-constraints','keycloak','META-INF/jpa-changelog-13.0.0.xml','2025-04-01 07:23:51',95,'MARK_RAN','9:8bd711fd0330f4fe980494ca43ab1139','addNotNullConstraint columnName=CLIENT_ID, tableName=CLIENT_SCOPE_CLIENT; addNotNullConstraint columnName=SCOPE_ID, tableName=CLIENT_SCOPE_CLIENT; addPrimaryKey constraintName=C_CLI_SCOPE_BIND, tableName=CLIENT_SCOPE_CLIENT; createIndex indexName=...','',NULL,'4.29.1',NULL,NULL,'3492198249'),('json-string-accomodation-fixed','keycloak','META-INF/jpa-changelog-13.0.0.xml','2025-04-01 07:23:51',96,'EXECUTED','9:e07d2bc0970c348bb06fb63b1f82ddbf','addColumn tableName=REALM_ATTRIBUTE; update tableName=REALM_ATTRIBUTE; dropColumn columnName=VALUE, tableName=REALM_ATTRIBUTE; renameColumn newColumnName=VALUE, oldColumnName=VALUE_NEW, tableName=REALM_ATTRIBUTE','',NULL,'4.29.1',NULL,NULL,'3492198249'),('14.0.0-KEYCLOAK-11019','keycloak','META-INF/jpa-changelog-14.0.0.xml','2025-04-01 07:23:51',97,'EXECUTED','9:24fb8611e97f29989bea412aa38d12b7','createIndex indexName=IDX_OFFLINE_CSS_PRELOAD, tableName=OFFLINE_CLIENT_SESSION; createIndex indexName=IDX_OFFLINE_USS_BY_USER, tableName=OFFLINE_USER_SESSION; createIndex indexName=IDX_OFFLINE_USS_BY_USERSESS, tableName=OFFLINE_USER_SESSION','',NULL,'4.29.1',NULL,NULL,'3492198249'),('14.0.0-KEYCLOAK-18286','keycloak','META-INF/jpa-changelog-14.0.0.xml','2025-04-01 07:23:51',98,'MARK_RAN','9:259f89014ce2506ee84740cbf7163aa7','createIndex indexName=IDX_CLIENT_ATT_BY_NAME_VALUE, tableName=CLIENT_ATTRIBUTES','',NULL,'4.29.1',NULL,NULL,'3492198249'),('14.0.0-KEYCLOAK-18286-revert','keycloak','META-INF/jpa-changelog-14.0.0.xml','2025-04-01 07:23:51',99,'MARK_RAN','9:04baaf56c116ed19951cbc2cca584022','dropIndex indexName=IDX_CLIENT_ATT_BY_NAME_VALUE, tableName=CLIENT_ATTRIBUTES','',NULL,'4.29.1',NULL,NULL,'3492198249'),('14.0.0-KEYCLOAK-18286-supported-dbs','keycloak','META-INF/jpa-changelog-14.0.0.xml','2025-04-01 07:23:51',100,'EXECUTED','9:bd2bd0fc7768cf0845ac96a8786fa735','createIndex indexName=IDX_CLIENT_ATT_BY_NAME_VALUE, tableName=CLIENT_ATTRIBUTES','',NULL,'4.29.1',NULL,NULL,'3492198249'),('14.0.0-KEYCLOAK-18286-unsupported-dbs','keycloak','META-INF/jpa-changelog-14.0.0.xml','2025-04-01 07:23:51',101,'MARK_RAN','9:d3d977031d431db16e2c181ce49d73e9','createIndex indexName=IDX_CLIENT_ATT_BY_NAME_VALUE, tableName=CLIENT_ATTRIBUTES','',NULL,'4.29.1',NULL,NULL,'3492198249'),('KEYCLOAK-17267-add-index-to-user-attributes','keycloak','META-INF/jpa-changelog-14.0.0.xml','2025-04-01 07:23:51',102,'EXECUTED','9:0b305d8d1277f3a89a0a53a659ad274c','createIndex indexName=IDX_USER_ATTRIBUTE_NAME, tableName=USER_ATTRIBUTE','',NULL,'4.29.1',NULL,NULL,'3492198249'),('KEYCLOAK-18146-add-saml-art-binding-identifier','keycloak','META-INF/jpa-changelog-14.0.0.xml','2025-04-01 07:23:51',103,'EXECUTED','9:2c374ad2cdfe20e2905a84c8fac48460','customChange','',NULL,'4.29.1',NULL,NULL,'3492198249'),('15.0.0-KEYCLOAK-18467','keycloak','META-INF/jpa-changelog-15.0.0.xml','2025-04-01 07:23:51',104,'EXECUTED','9:47a760639ac597360a8219f5b768b4de','addColumn tableName=REALM_LOCALIZATIONS; update tableName=REALM_LOCALIZATIONS; dropColumn columnName=TEXTS, tableName=REALM_LOCALIZATIONS; renameColumn newColumnName=TEXTS, oldColumnName=TEXTS_NEW, tableName=REALM_LOCALIZATIONS; addNotNullConstrai...','',NULL,'4.29.1',NULL,NULL,'3492198249'),('17.0.0-9562','keycloak','META-INF/jpa-changelog-17.0.0.xml','2025-04-01 07:23:51',105,'EXECUTED','9:a6272f0576727dd8cad2522335f5d99e','createIndex indexName=IDX_USER_SERVICE_ACCOUNT, tableName=USER_ENTITY','',NULL,'4.29.1',NULL,NULL,'3492198249'),('18.0.0-10625-IDX_ADMIN_EVENT_TIME','keycloak','META-INF/jpa-changelog-18.0.0.xml','2025-04-01 07:23:51',106,'EXECUTED','9:015479dbd691d9cc8669282f4828c41d','createIndex indexName=IDX_ADMIN_EVENT_TIME, tableName=ADMIN_EVENT_ENTITY','',NULL,'4.29.1',NULL,NULL,'3492198249'),('18.0.15-30992-index-consent','keycloak','META-INF/jpa-changelog-18.0.15.xml','2025-04-01 07:23:51',107,'EXECUTED','9:80071ede7a05604b1f4906f3bf3b00f0','createIndex indexName=IDX_USCONSENT_SCOPE_ID, tableName=USER_CONSENT_CLIENT_SCOPE','',NULL,'4.29.1',NULL,NULL,'3492198249'),('19.0.0-10135','keycloak','META-INF/jpa-changelog-19.0.0.xml','2025-04-01 07:23:51',108,'EXECUTED','9:9518e495fdd22f78ad6425cc30630221','customChange','',NULL,'4.29.1',NULL,NULL,'3492198249'),('20.0.0-12964-supported-dbs','keycloak','META-INF/jpa-changelog-20.0.0.xml','2025-04-01 07:23:51',109,'EXECUTED','9:f2e1331a71e0aa85e5608fe42f7f681c','createIndex indexName=IDX_GROUP_ATT_BY_NAME_VALUE, tableName=GROUP_ATTRIBUTE','',NULL,'4.29.1',NULL,NULL,'3492198249'),('20.0.0-12964-unsupported-dbs','keycloak','META-INF/jpa-changelog-20.0.0.xml','2025-04-01 07:23:51',110,'MARK_RAN','9:1a6fcaa85e20bdeae0a9ce49b41946a5','createIndex indexName=IDX_GROUP_ATT_BY_NAME_VALUE, tableName=GROUP_ATTRIBUTE','',NULL,'4.29.1',NULL,NULL,'3492198249'),('client-attributes-string-accomodation-fixed','keycloak','META-INF/jpa-changelog-20.0.0.xml','2025-04-01 07:23:51',111,'EXECUTED','9:3f332e13e90739ed0c35b0b25b7822ca','addColumn tableName=CLIENT_ATTRIBUTES; update tableName=CLIENT_ATTRIBUTES; dropColumn columnName=VALUE, tableName=CLIENT_ATTRIBUTES; renameColumn newColumnName=VALUE, oldColumnName=VALUE_NEW, tableName=CLIENT_ATTRIBUTES','',NULL,'4.29.1',NULL,NULL,'3492198249'),('21.0.2-17277','keycloak','META-INF/jpa-changelog-21.0.2.xml','2025-04-01 07:23:51',112,'EXECUTED','9:7ee1f7a3fb8f5588f171fb9a6ab623c0','customChange','',NULL,'4.29.1',NULL,NULL,'3492198249'),('21.1.0-19404','keycloak','META-INF/jpa-changelog-21.1.0.xml','2025-04-01 07:23:51',113,'EXECUTED','9:3d7e830b52f33676b9d64f7f2b2ea634','modifyDataType columnName=DECISION_STRATEGY, tableName=RESOURCE_SERVER_POLICY; modifyDataType columnName=LOGIC, tableName=RESOURCE_SERVER_POLICY; modifyDataType columnName=POLICY_ENFORCE_MODE, tableName=RESOURCE_SERVER','',NULL,'4.29.1',NULL,NULL,'3492198249'),('21.1.0-19404-2','keycloak','META-INF/jpa-changelog-21.1.0.xml','2025-04-01 07:23:51',114,'MARK_RAN','9:627d032e3ef2c06c0e1f73d2ae25c26c','addColumn tableName=RESOURCE_SERVER_POLICY; update tableName=RESOURCE_SERVER_POLICY; dropColumn columnName=DECISION_STRATEGY, tableName=RESOURCE_SERVER_POLICY; renameColumn newColumnName=DECISION_STRATEGY, oldColumnName=DECISION_STRATEGY_NEW, tabl...','',NULL,'4.29.1',NULL,NULL,'3492198249'),('22.0.0-17484-updated','keycloak','META-INF/jpa-changelog-22.0.0.xml','2025-04-01 07:23:52',115,'EXECUTED','9:90af0bfd30cafc17b9f4d6eccd92b8b3','customChange','',NULL,'4.29.1',NULL,NULL,'3492198249'),('22.0.5-24031','keycloak','META-INF/jpa-changelog-22.0.0.xml','2025-04-01 07:23:52',116,'MARK_RAN','9:a60d2d7b315ec2d3eba9e2f145f9df28','customChange','',NULL,'4.29.1',NULL,NULL,'3492198249'),('23.0.0-12062','keycloak','META-INF/jpa-changelog-23.0.0.xml','2025-04-01 07:23:52',117,'EXECUTED','9:2168fbe728fec46ae9baf15bf80927b8','addColumn tableName=COMPONENT_CONFIG; update tableName=COMPONENT_CONFIG; dropColumn columnName=VALUE, tableName=COMPONENT_CONFIG; renameColumn newColumnName=VALUE, oldColumnName=VALUE_NEW, tableName=COMPONENT_CONFIG','',NULL,'4.29.1',NULL,NULL,'3492198249'),('23.0.0-17258','keycloak','META-INF/jpa-changelog-23.0.0.xml','2025-04-01 07:23:52',118,'EXECUTED','9:36506d679a83bbfda85a27ea1864dca8','addColumn tableName=EVENT_ENTITY','',NULL,'4.29.1',NULL,NULL,'3492198249'),('24.0.0-9758','keycloak','META-INF/jpa-changelog-24.0.0.xml','2025-04-01 07:23:52',119,'EXECUTED','9:502c557a5189f600f0f445a9b49ebbce','addColumn tableName=USER_ATTRIBUTE; addColumn tableName=FED_USER_ATTRIBUTE; createIndex indexName=USER_ATTR_LONG_VALUES, tableName=USER_ATTRIBUTE; createIndex indexName=FED_USER_ATTR_LONG_VALUES, tableName=FED_USER_ATTRIBUTE; createIndex indexName...','',NULL,'4.29.1',NULL,NULL,'3492198249'),('24.0.0-9758-2','keycloak','META-INF/jpa-changelog-24.0.0.xml','2025-04-01 07:23:52',120,'EXECUTED','9:bf0fdee10afdf597a987adbf291db7b2','customChange','',NULL,'4.29.1',NULL,NULL,'3492198249'),('24.0.0-26618-drop-index-if-present','keycloak','META-INF/jpa-changelog-24.0.0.xml','2025-04-01 07:23:52',121,'EXECUTED','9:04baaf56c116ed19951cbc2cca584022','dropIndex indexName=IDX_CLIENT_ATT_BY_NAME_VALUE, tableName=CLIENT_ATTRIBUTES','',NULL,'4.29.1',NULL,NULL,'3492198249'),('24.0.0-26618-reindex','keycloak','META-INF/jpa-changelog-24.0.0.xml','2025-04-01 07:23:52',122,'EXECUTED','9:bd2bd0fc7768cf0845ac96a8786fa735','createIndex indexName=IDX_CLIENT_ATT_BY_NAME_VALUE, tableName=CLIENT_ATTRIBUTES','',NULL,'4.29.1',NULL,NULL,'3492198249'),('24.0.2-27228','keycloak','META-INF/jpa-changelog-24.0.2.xml','2025-04-01 07:23:52',123,'EXECUTED','9:eaee11f6b8aa25d2cc6a84fb86fc6238','customChange','',NULL,'4.29.1',NULL,NULL,'3492198249'),('24.0.2-27967-drop-index-if-present','keycloak','META-INF/jpa-changelog-24.0.2.xml','2025-04-01 07:23:52',124,'MARK_RAN','9:04baaf56c116ed19951cbc2cca584022','dropIndex indexName=IDX_CLIENT_ATT_BY_NAME_VALUE, tableName=CLIENT_ATTRIBUTES','',NULL,'4.29.1',NULL,NULL,'3492198249'),('24.0.2-27967-reindex','keycloak','META-INF/jpa-changelog-24.0.2.xml','2025-04-01 07:23:52',125,'MARK_RAN','9:d3d977031d431db16e2c181ce49d73e9','createIndex indexName=IDX_CLIENT_ATT_BY_NAME_VALUE, tableName=CLIENT_ATTRIBUTES','',NULL,'4.29.1',NULL,NULL,'3492198249'),('25.0.0-28265-tables','keycloak','META-INF/jpa-changelog-25.0.0.xml','2025-04-01 07:23:52',126,'EXECUTED','9:deda2df035df23388af95bbd36c17cef','addColumn tableName=OFFLINE_USER_SESSION; addColumn tableName=OFFLINE_CLIENT_SESSION','',NULL,'4.29.1',NULL,NULL,'3492198249'),('25.0.0-28265-index-creation','keycloak','META-INF/jpa-changelog-25.0.0.xml','2025-04-01 07:23:52',127,'EXECUTED','9:3e96709818458ae49f3c679ae58d263a','createIndex indexName=IDX_OFFLINE_USS_BY_LAST_SESSION_REFRESH, tableName=OFFLINE_USER_SESSION','',NULL,'4.29.1',NULL,NULL,'3492198249'),('25.0.0-28265-index-cleanup-uss-createdon','keycloak','META-INF/jpa-changelog-25.0.0.xml','2025-04-01 07:23:52',128,'EXECUTED','9:78ab4fc129ed5e8265dbcc3485fba92f','dropIndex indexName=IDX_OFFLINE_USS_CREATEDON, tableName=OFFLINE_USER_SESSION','',NULL,'4.29.1',NULL,NULL,'3492198249'),('25.0.0-28265-index-cleanup-uss-preload','keycloak','META-INF/jpa-changelog-25.0.0.xml','2025-04-01 07:23:52',129,'EXECUTED','9:de5f7c1f7e10994ed8b62e621d20eaab','dropIndex indexName=IDX_OFFLINE_USS_PRELOAD, tableName=OFFLINE_USER_SESSION','',NULL,'4.29.1',NULL,NULL,'3492198249'),('25.0.0-28265-index-cleanup-uss-by-usersess','keycloak','META-INF/jpa-changelog-25.0.0.xml','2025-04-01 07:23:52',130,'EXECUTED','9:6eee220d024e38e89c799417ec33667f','dropIndex indexName=IDX_OFFLINE_USS_BY_USERSESS, tableName=OFFLINE_USER_SESSION','',NULL,'4.29.1',NULL,NULL,'3492198249'),('25.0.0-28265-index-cleanup-css-preload','keycloak','META-INF/jpa-changelog-25.0.0.xml','2025-04-01 07:23:52',131,'EXECUTED','9:5411d2fb2891d3e8d63ddb55dfa3c0c9','dropIndex indexName=IDX_OFFLINE_CSS_PRELOAD, tableName=OFFLINE_CLIENT_SESSION','',NULL,'4.29.1',NULL,NULL,'3492198249'),('25.0.0-28265-index-2-mysql','keycloak','META-INF/jpa-changelog-25.0.0.xml','2025-04-01 07:23:52',132,'EXECUTED','9:b7ef76036d3126bb83c2423bf4d449d6','createIndex indexName=IDX_OFFLINE_USS_BY_BROKER_SESSION_ID, tableName=OFFLINE_USER_SESSION','',NULL,'4.29.1',NULL,NULL,'3492198249'),('25.0.0-28265-index-2-not-mysql','keycloak','META-INF/jpa-changelog-25.0.0.xml','2025-04-01 07:23:52',133,'MARK_RAN','9:23396cf51ab8bc1ae6f0cac7f9f6fcf7','createIndex indexName=IDX_OFFLINE_USS_BY_BROKER_SESSION_ID, tableName=OFFLINE_USER_SESSION','',NULL,'4.29.1',NULL,NULL,'3492198249'),('25.0.0-org','keycloak','META-INF/jpa-changelog-25.0.0.xml','2025-04-01 07:23:52',134,'EXECUTED','9:5c859965c2c9b9c72136c360649af157','createTable tableName=ORG; addUniqueConstraint constraintName=UK_ORG_NAME, tableName=ORG; addUniqueConstraint constraintName=UK_ORG_GROUP, tableName=ORG; createTable tableName=ORG_DOMAIN','',NULL,'4.29.1',NULL,NULL,'3492198249'),('unique-consentuser','keycloak','META-INF/jpa-changelog-25.0.0.xml','2025-04-01 07:23:52',135,'MARK_RAN','9:5857626a2ea8767e9a6c66bf3a2cb32f','customChange; dropUniqueConstraint constraintName=UK_JKUWUVD56ONTGSUHOGM8UEWRT, tableName=USER_CONSENT; addUniqueConstraint constraintName=UK_LOCAL_CONSENT, tableName=USER_CONSENT; addUniqueConstraint constraintName=UK_EXTERNAL_CONSENT, tableName=...','',NULL,'4.29.1',NULL,NULL,'3492198249'),('unique-consentuser-mysql','keycloak','META-INF/jpa-changelog-25.0.0.xml','2025-04-01 07:23:52',136,'EXECUTED','9:b79478aad5adaa1bc428e31563f55e8e','customChange; dropUniqueConstraint constraintName=UK_JKUWUVD56ONTGSUHOGM8UEWRT, tableName=USER_CONSENT; addUniqueConstraint constraintName=UK_LOCAL_CONSENT, tableName=USER_CONSENT; addUniqueConstraint constraintName=UK_EXTERNAL_CONSENT, tableName=...','',NULL,'4.29.1',NULL,NULL,'3492198249'),('25.0.0-28861-index-creation','keycloak','META-INF/jpa-changelog-25.0.0.xml','2025-04-01 07:23:52',137,'EXECUTED','9:b9acb58ac958d9ada0fe12a5d4794ab1','createIndex indexName=IDX_PERM_TICKET_REQUESTER, tableName=RESOURCE_SERVER_PERM_TICKET; createIndex indexName=IDX_PERM_TICKET_OWNER, tableName=RESOURCE_SERVER_PERM_TICKET','',NULL,'4.29.1',NULL,NULL,'3492198249'),('26.0.0-org-alias','keycloak','META-INF/jpa-changelog-26.0.0.xml','2025-04-01 07:23:53',138,'EXECUTED','9:6ef7d63e4412b3c2d66ed179159886a4','addColumn tableName=ORG; update tableName=ORG; addNotNullConstraint columnName=ALIAS, tableName=ORG; addUniqueConstraint constraintName=UK_ORG_ALIAS, tableName=ORG','',NULL,'4.29.1',NULL,NULL,'3492198249'),('26.0.0-org-group','keycloak','META-INF/jpa-changelog-26.0.0.xml','2025-04-01 07:23:53',139,'EXECUTED','9:da8e8087d80ef2ace4f89d8c5b9ca223','addColumn tableName=KEYCLOAK_GROUP; update tableName=KEYCLOAK_GROUP; addNotNullConstraint columnName=TYPE, tableName=KEYCLOAK_GROUP; customChange','',NULL,'4.29.1',NULL,NULL,'3492198249'),('26.0.0-org-indexes','keycloak','META-INF/jpa-changelog-26.0.0.xml','2025-04-01 07:23:53',140,'EXECUTED','9:79b05dcd610a8c7f25ec05135eec0857','createIndex indexName=IDX_ORG_DOMAIN_ORG_ID, tableName=ORG_DOMAIN','',NULL,'4.29.1',NULL,NULL,'3492198249'),('26.0.0-org-group-membership','keycloak','META-INF/jpa-changelog-26.0.0.xml','2025-04-01 07:23:53',141,'EXECUTED','9:a6ace2ce583a421d89b01ba2a28dc2d4','addColumn tableName=USER_GROUP_MEMBERSHIP; update tableName=USER_GROUP_MEMBERSHIP; addNotNullConstraint columnName=MEMBERSHIP_TYPE, tableName=USER_GROUP_MEMBERSHIP','',NULL,'4.29.1',NULL,NULL,'3492198249'),('31296-persist-revoked-access-tokens','keycloak','META-INF/jpa-changelog-26.0.0.xml','2025-04-01 07:23:53',142,'EXECUTED','9:64ef94489d42a358e8304b0e245f0ed4','createTable tableName=REVOKED_TOKEN; addPrimaryKey constraintName=CONSTRAINT_RT, tableName=REVOKED_TOKEN','',NULL,'4.29.1',NULL,NULL,'3492198249'),('31725-index-persist-revoked-access-tokens','keycloak','META-INF/jpa-changelog-26.0.0.xml','2025-04-01 07:23:53',143,'EXECUTED','9:b994246ec2bf7c94da881e1d28782c7b','createIndex indexName=IDX_REV_TOKEN_ON_EXPIRE, tableName=REVOKED_TOKEN','',NULL,'4.29.1',NULL,NULL,'3492198249'),('26.0.0-idps-for-login','keycloak','META-INF/jpa-changelog-26.0.0.xml','2025-04-01 07:23:53',144,'EXECUTED','9:51f5fffadf986983d4bd59582c6c1604','addColumn tableName=IDENTITY_PROVIDER; createIndex indexName=IDX_IDP_REALM_ORG, tableName=IDENTITY_PROVIDER; createIndex indexName=IDX_IDP_FOR_LOGIN, tableName=IDENTITY_PROVIDER; customChange','',NULL,'4.29.1',NULL,NULL,'3492198249'),('26.0.0-32583-drop-redundant-index-on-client-session','keycloak','META-INF/jpa-changelog-26.0.0.xml','2025-04-01 07:23:53',145,'EXECUTED','9:24972d83bf27317a055d234187bb4af9','dropIndex indexName=IDX_US_SESS_ID_ON_CL_SESS, tableName=OFFLINE_CLIENT_SESSION','',NULL,'4.29.1',NULL,NULL,'3492198249'),('26.0.0.32582-remove-tables-user-session-user-session-note-and-client-session','keycloak','META-INF/jpa-changelog-26.0.0.xml','2025-04-01 07:23:53',146,'EXECUTED','9:febdc0f47f2ed241c59e60f58c3ceea5','dropTable tableName=CLIENT_SESSION_ROLE; dropTable tableName=CLIENT_SESSION_NOTE; dropTable tableName=CLIENT_SESSION_PROT_MAPPER; dropTable tableName=CLIENT_SESSION_AUTH_STATUS; dropTable tableName=CLIENT_USER_SESSION_NOTE; dropTable tableName=CLI...','',NULL,'4.29.1',NULL,NULL,'3492198249'),('26.0.0-33201-org-redirect-url','keycloak','META-INF/jpa-changelog-26.0.0.xml','2025-04-01 07:23:53',147,'EXECUTED','9:4d0e22b0ac68ebe9794fa9cb752ea660','addColumn tableName=ORG','',NULL,'4.29.1',NULL,NULL,'3492198249'),('29399-jdbc-ping-default','keycloak','META-INF/jpa-changelog-26.1.0.xml','2025-04-01 07:23:53',148,'EXECUTED','9:007dbe99d7203fca403b89d4edfdf21e','createTable tableName=JGROUPS_PING; addPrimaryKey constraintName=CONSTRAINT_JGROUPS_PING, tableName=JGROUPS_PING','',NULL,'4.29.1',NULL,NULL,'3492198249'),('26.1.0-34013','keycloak','META-INF/jpa-changelog-26.1.0.xml','2025-04-01 07:23:53',149,'EXECUTED','9:e6b686a15759aef99a6d758a5c4c6a26','addColumn tableName=ADMIN_EVENT_ENTITY','',NULL,'4.29.1',NULL,NULL,'3492198249'),('26.1.0-34380','keycloak','META-INF/jpa-changelog-26.1.0.xml','2025-04-01 07:23:53',150,'EXECUTED','9:ac8b9edb7c2b6c17a1c7a11fcf5ccf01','dropTable tableName=USERNAME_LOGIN_FAILURE','',NULL,'4.29.1',NULL,NULL,'3492198249');
/*!40000 ALTER TABLE `DATABASECHANGELOG` ENABLE KEYS */;
UNLOCK TABLES;

--
-- Table structure for table `DATABASECHANGELOGLOCK`
--

DROP TABLE IF EXISTS `DATABASECHANGELOGLOCK`;
/*!40101 SET @saved_cs_client     = @@character_set_client */;
/*!50503 SET character_set_client = utf8mb4 */;
CREATE TABLE `DATABASECHANGELOGLOCK` (
  `ID` int NOT NULL,
  `LOCKED` tinyint NOT NULL,
  `LOCKGRANTED` datetime DEFAULT NULL,
  `LOCKEDBY` varchar(255) DEFAULT NULL,
  PRIMARY KEY (`ID`)
) ENGINE=InnoDB DEFAULT CHARSET=utf8mb4 COLLATE=utf8mb4_0900_ai_ci;
/*!40101 SET character_set_client = @saved_cs_client */;

--
-- Dumping data for table `DATABASECHANGELOGLOCK`
--

LOCK TABLES `DATABASECHANGELOGLOCK` WRITE;
/*!40000 ALTER TABLE `DATABASECHANGELOGLOCK` DISABLE KEYS */;
INSERT INTO `DATABASECHANGELOGLOCK` VALUES (1,0,NULL,NULL),(1000,0,NULL,NULL);
/*!40000 ALTER TABLE `DATABASECHANGELOGLOCK` ENABLE KEYS */;
UNLOCK TABLES;

--
-- Table structure for table `DEFAULT_CLIENT_SCOPE`
--

DROP TABLE IF EXISTS `DEFAULT_CLIENT_SCOPE`;
/*!40101 SET @saved_cs_client     = @@character_set_client */;
/*!50503 SET character_set_client = utf8mb4 */;
CREATE TABLE `DEFAULT_CLIENT_SCOPE` (
  `REALM_ID` varchar(36) NOT NULL,
  `SCOPE_ID` varchar(36) NOT NULL,
  `DEFAULT_SCOPE` tinyint NOT NULL DEFAULT '0',
  PRIMARY KEY (`REALM_ID`,`SCOPE_ID`),
  KEY `IDX_DEFCLS_REALM` (`REALM_ID`),
  KEY `IDX_DEFCLS_SCOPE` (`SCOPE_ID`),
  CONSTRAINT `FK_R_DEF_CLI_SCOPE_REALM` FOREIGN KEY (`REALM_ID`) REFERENCES `REALM` (`ID`)
) ENGINE=InnoDB DEFAULT CHARSET=utf8mb4 COLLATE=utf8mb4_0900_ai_ci;
/*!40101 SET character_set_client = @saved_cs_client */;

--
-- Dumping data for table `DEFAULT_CLIENT_SCOPE`
--

LOCK TABLES `DEFAULT_CLIENT_SCOPE` WRITE;
/*!40000 ALTER TABLE `DEFAULT_CLIENT_SCOPE` DISABLE KEYS */;
INSERT INTO `DEFAULT_CLIENT_SCOPE` VALUES ('e50ee46d-dbef-4c14-8389-4018de132723','01662085-1296-4356-909f-8da382b71424',1),('e50ee46d-dbef-4c14-8389-4018de132723','0b018607-bb90-44d8-8fb5-97f9f7565903',1),('e50ee46d-dbef-4c14-8389-4018de132723','2d44fc60-0a0f-4f2e-ba93-325cc15e1ced',1),('e50ee46d-dbef-4c14-8389-4018de132723','4a0d188b-c0a1-4af2-b172-fddee99e46fa',0),('e50ee46d-dbef-4c14-8389-4018de132723','512e00e8-a96c-45b2-9d26-51531a929a2d',1),('e50ee46d-dbef-4c14-8389-4018de132723','5f0251b2-632a-4f64-a554-ac292d474555',0),('e50ee46d-dbef-4c14-8389-4018de132723','6d28ac3b-4a05-492b-8591-f66210006277',1),('e50ee46d-dbef-4c14-8389-4018de132723','8a9748df-f527-46e4-9fdb-7e1b19bedb35',1),('e50ee46d-dbef-4c14-8389-4018de132723','977615ff-1bc4-4e46-af06-347908d8ac7b',1),('e50ee46d-dbef-4c14-8389-4018de132723','a6a02cce-3ea0-448a-82da-60da7df40ebb',0),('e50ee46d-dbef-4c14-8389-4018de132723','a9a2ed80-0f1a-4c2c-aa23-782742ebf247',1),('e50ee46d-dbef-4c14-8389-4018de132723','e75641e9-815c-4ff3-ab9a-58165e3a8034',0),('e50ee46d-dbef-4c14-8389-4018de132723','f4f74f75-3c4b-4091-a109-da30e6a0a6bb',0),('f1946406-82b6-4136-8051-6fb1a90c99f5','353828fe-dd39-4393-ade1-4c301d0fb83a',1),('f1946406-82b6-4136-8051-6fb1a90c99f5','55081448-2b92-4565-8b81-f2e189bafe6d',1),('f1946406-82b6-4136-8051-6fb1a90c99f5','6f92e875-0a37-4ce5-ab69-327eaf580c6e',0),('f1946406-82b6-4136-8051-6fb1a90c99f5','74b36060-3972-415c-af50-a191f3450bce',1),('f1946406-82b6-4136-8051-6fb1a90c99f5','76598644-4afe-433d-aff4-19edfb38dcc9',1),('f1946406-82b6-4136-8051-6fb1a90c99f5','94df5a57-21b5-4726-9717-416d3028602b',1),('f1946406-82b6-4136-8051-6fb1a90c99f5','b7c98de3-b9b8-4327-9a3c-27f198358886',0),('f1946406-82b6-4136-8051-6fb1a90c99f5','c244afbe-d529-4821-aac0-0e6b90e73b7c',0),('f1946406-82b6-4136-8051-6fb1a90c99f5','c574538a-3cff-4ee0-a367-d8c20f020390',1),('f1946406-82b6-4136-8051-6fb1a90c99f5','d0fa7c83-16b9-4273-a4ca-794296c3cbbe',1),('f1946406-82b6-4136-8051-6fb1a90c99f5','e9f19276-5d23-4a5e-82bd-9514b5c45e91',1),('f1946406-82b6-4136-8051-6fb1a90c99f5','effd8339-fc5c-48b8-9209-e5c20ae226d8',0),('f1946406-82b6-4136-8051-6fb1a90c99f5','f2178f14-ed52-4e8f-894e-0a3946ba2cb5',0);
/*!40000 ALTER TABLE `DEFAULT_CLIENT_SCOPE` ENABLE KEYS */;
UNLOCK TABLES;

--
-- Table structure for table `EVENT_ENTITY`
--

DROP TABLE IF EXISTS `EVENT_ENTITY`;
/*!40101 SET @saved_cs_client     = @@character_set_client */;
/*!50503 SET character_set_client = utf8mb4 */;
CREATE TABLE `EVENT_ENTITY` (
  `ID` varchar(36) NOT NULL,
  `CLIENT_ID` varchar(255) DEFAULT NULL,
  `DETAILS_JSON` text,
  `ERROR` varchar(255) DEFAULT NULL,
  `IP_ADDRESS` varchar(255) DEFAULT NULL,
  `REALM_ID` varchar(255) DEFAULT NULL,
  `SESSION_ID` varchar(255) DEFAULT NULL,
  `EVENT_TIME` bigint DEFAULT NULL,
  `TYPE` varchar(255) DEFAULT NULL,
  `USER_ID` varchar(255) DEFAULT NULL,
  `DETAILS_JSON_LONG_VALUE` longtext CHARACTER SET utf8mb3 COLLATE utf8mb3_general_ci,
  PRIMARY KEY (`ID`),
  KEY `IDX_EVENT_TIME` (`REALM_ID`,`EVENT_TIME`)
) ENGINE=InnoDB DEFAULT CHARSET=utf8mb4 COLLATE=utf8mb4_0900_ai_ci;
/*!40101 SET character_set_client = @saved_cs_client */;

--
-- Dumping data for table `EVENT_ENTITY`
--

LOCK TABLES `EVENT_ENTITY` WRITE;
/*!40000 ALTER TABLE `EVENT_ENTITY` DISABLE KEYS */;
INSERT INTO `EVENT_ENTITY` VALUES ('00f32e45-1fc8-43b6-b729-d4c705ddb46e','mytrainer2client',NULL,NULL,'172.18.0.1','e50ee46d-dbef-4c14-8389-4018de132723','ce00afc5-f112-4d67-bab4-3e81dcf9c5ec',1748448152349,'LOGIN','60c7bf2d-f5e0-4e08-a856-b0a633bfdb40','{\"auth_method\":\"openid-connect\",\"auth_type\":\"code\",\"redirect_uri\":\"com.mvfitness.mytrainer2client://oauthredirect\",\"remember_me\":\"true\",\"consent\":\"no_consent_required\",\"code_id\":\"ce00afc5-f112-4d67-bab4-3e81dcf9c5ec\",\"username\":\"trainer1\"}'),('0144a636-3355-4341-9414-23053b883c1d','mytrainer2client',NULL,NULL,'172.18.0.1','e50ee46d-dbef-4c14-8389-4018de132723','495141a0-8852-4264-b966-e90f0bc812bb',1746288383549,'LOGOUT','60c7bf2d-f5e0-4e08-a856-b0a633bfdb40','{\"redirect_uri\":\"com.mvfitness.mytrainer2client://logoutredirect\"}'),('0150d160-5fb3-483a-ad2c-c1fc6b7b873f','mytrainer2client',NULL,NULL,'172.18.0.1','e50ee46d-dbef-4c14-8389-4018de132723','1b70e7ec-dbf3-4294-83f8-81dcad00197c',1747807951073,'CODE_TO_TOKEN','60c7bf2d-f5e0-4e08-a856-b0a633bfdb40','{\"token_id\":\"c28fa72b-8977-43f3-bae8-80d131793b59\",\"grant_type\":\"authorization_code\",\"refresh_token_type\":\"Refresh\",\"scope\":\"openid email profile\",\"refresh_token_id\":\"3143fe43-3be8-495d-b1f0-6b0a8e8893aa\",\"code_id\":\"1b70e7ec-dbf3-4294-83f8-81dcad00197c\",\"client_auth_method\":\"client-secret\"}'),('024fabd0-75e9-48cc-a851-1a3e27ff8e80','mytrainer2client',NULL,NULL,'172.18.0.1','e50ee46d-dbef-4c14-8389-4018de132723','0d1d8970-3fd4-4284-a5f7-6df788268d94',1746089366077,'LOGIN','60c7bf2d-f5e0-4e08-a856-b0a633bfdb40','{\"auth_method\":\"openid-connect\",\"auth_type\":\"code\",\"redirect_uri\":\"com.mvfitness.mytrainer2client://callback\",\"consent\":\"no_consent_required\",\"code_id\":\"0d1d8970-3fd4-4284-a5f7-6df788268d94\",\"username\":\"trainer1\"}'),('039f389b-e710-4b39-849c-aab3c76ad120','mytrainer2client',NULL,NULL,'172.18.0.1','e50ee46d-dbef-4c14-8389-4018de132723','5124ddc8-18be-43aa-9de3-698c54d929dc',1748846351960,'CODE_TO_TOKEN','60c7bf2d-f5e0-4e08-a856-b0a633bfdb40','{\"token_id\":\"c7be07f3-f91b-4172-b9d1-c96cdf817805\",\"grant_type\":\"authorization_code\",\"refresh_token_type\":\"Offline\",\"scope\":\"openid email offline_access profile\",\"refresh_token_id\":\"bb6f5a99-02d6-4b46-bc95-2554827186a1\",\"code_id\":\"5124ddc8-18be-43aa-9de3-698c54d929dc\",\"client_auth_method\":\"client-secret\"}'),('043430c0-d170-4f82-9ba9-b4149bb58094','mytrainer2client',NULL,NULL,'172.18.0.1','e50ee46d-dbef-4c14-8389-4018de132723','67329fa8-7f18-4b42-b3c4-378c2046a792',1748065551594,'CODE_TO_TOKEN','60c7bf2d-f5e0-4e08-a856-b0a633bfdb40','{\"token_id\":\"1dd764ce-8823-411a-ba5a-3abbd2c365e6\",\"grant_type\":\"authorization_code\",\"refresh_token_type\":\"Refresh\",\"scope\":\"openid email profile\",\"refresh_token_id\":\"e45231df-ce14-4975-980b-29e33d145e71\",\"code_id\":\"67329fa8-7f18-4b42-b3c4-378c2046a792\",\"client_auth_method\":\"client-secret\"}'),('043debed-d3bf-49fe-8cb4-579d046b1425','mytrainer2client',NULL,NULL,'172.18.0.1','e50ee46d-dbef-4c14-8389-4018de132723','495141a0-8852-4264-b966-e90f0bc812bb',1746288378069,'CODE_TO_TOKEN','60c7bf2d-f5e0-4e08-a856-b0a633bfdb40','{\"token_id\":\"0faaf43e-ad7a-4edc-9d22-ead06b94ca44\",\"grant_type\":\"authorization_code\",\"refresh_token_type\":\"Refresh\",\"scope\":\"openid email profile\",\"refresh_token_id\":\"f8296b34-a59d-4a27-a276-cfdcab625e8b\",\"code_id\":\"495141a0-8852-4264-b966-e90f0bc812bb\",\"client_auth_method\":\"client-secret\"}'),('044e534d-e5a3-491c-943f-aa4fa13c85ae','mytrainer2client',NULL,NULL,'172.18.0.1','e50ee46d-dbef-4c14-8389-4018de132723','ffd9d88c-ea91-4f74-82f0-e4aaad10c0e0',1746101954241,'LOGIN','60c7bf2d-f5e0-4e08-a856-b0a633bfdb40','{\"auth_method\":\"openid-connect\",\"auth_type\":\"code\",\"redirect_uri\":\"http://localhost/login\",\"consent\":\"no_consent_required\",\"code_id\":\"ffd9d88c-ea91-4f74-82f0-e4aaad10c0e0\",\"username\":\"trainer1\"}'),('04809ec7-4218-421c-af8b-659aeeed9357','mytrainer2client',NULL,NULL,'172.18.0.1','e50ee46d-dbef-4c14-8389-4018de132723','a17d3425-3a62-49d9-abe9-1988c83aca5a',1746094279858,'LOGIN','60c7bf2d-f5e0-4e08-a856-b0a633bfdb40','{\"auth_method\":\"openid-connect\",\"auth_type\":\"code\",\"response_type\":\"code\",\"redirect_uri\":\"com.mvfitness.mytrainer2client://oauthredirect\",\"consent\":\"no_consent_required\",\"code_id\":\"a17d3425-3a62-49d9-abe9-1988c83aca5a\",\"response_mode\":\"query\",\"username\":\"trainer1\"}'),('05fffc59-92c4-442c-8db8-cd331abf6469','mytrainer2client',NULL,NULL,'172.18.0.1','e50ee46d-dbef-4c14-8389-4018de132723','081648eb-217f-4262-9e9c-75bd64bd592b',1748179259310,'LOGIN','60c7bf2d-f5e0-4e08-a856-b0a633bfdb40','{\"auth_method\":\"openid-connect\",\"auth_type\":\"code\",\"redirect_uri\":\"com.mvfitness.mytrainer2client://oauthredirect\",\"consent\":\"no_consent_required\",\"code_id\":\"081648eb-217f-4262-9e9c-75bd64bd592b\",\"username\":\"trainer1\"}'),('0654b0c3-7e15-4527-9c96-6810c8f6d080','mytrainer2client',NULL,NULL,'172.18.0.1','e50ee46d-dbef-4c14-8389-4018de132723','39fd495e-af69-45b1-9bbe-f073545b1d5e',1748247978517,'LOGIN','60c7bf2d-f5e0-4e08-a856-b0a633bfdb40','{\"auth_method\":\"openid-connect\",\"auth_type\":\"code\",\"redirect_uri\":\"com.mvfitness.mytrainer2client://oauthredirect\",\"remember_me\":\"true\",\"consent\":\"no_consent_required\",\"code_id\":\"39fd495e-af69-45b1-9bbe-f073545b1d5e\",\"username\":\"trainer1\"}'),('068fd8af-ad37-4ea6-8403-b4165f690d1e','mytrainer2client',NULL,NULL,'172.18.0.1','e50ee46d-dbef-4c14-8389-4018de132723','15ddd8c7-2df9-47ff-ae8e-5795490da733',1748440145811,'LOGIN','60c7bf2d-f5e0-4e08-a856-b0a633bfdb40','{\"auth_method\":\"openid-connect\",\"auth_type\":\"code\",\"redirect_uri\":\"com.mvfitness.mytrainer2client://oauthredirect\",\"remember_me\":\"true\",\"consent\":\"no_consent_required\",\"code_id\":\"15ddd8c7-2df9-47ff-ae8e-5795490da733\",\"username\":\"trainer1\"}'),('068ff9bb-c054-487c-8dc9-26b17a74a1e6','mytrainer2client',NULL,NULL,'172.18.0.1','e50ee46d-dbef-4c14-8389-4018de132723','557dec4c-6655-44ef-9674-548081a69095',1746521480156,'LOGIN','60c7bf2d-f5e0-4e08-a856-b0a633bfdb40','{\"auth_method\":\"openid-connect\",\"auth_type\":\"code\",\"redirect_uri\":\"com.mvfitness.mytrainer2client://oauthredirect\",\"consent\":\"no_consent_required\",\"code_id\":\"557dec4c-6655-44ef-9674-548081a69095\",\"username\":\"trainer1\"}'),('06f5c415-a5ad-4456-b908-6fd455d38edf','mytrainer2client',NULL,NULL,'172.18.0.1','e50ee46d-dbef-4c14-8389-4018de132723','a008a150-dd84-4cd6-99b9-11c5581a7197',1746088615535,'LOGIN','60c7bf2d-f5e0-4e08-a856-b0a633bfdb40','{\"auth_method\":\"openid-connect\",\"auth_type\":\"code\",\"redirect_uri\":\"com.mvfitness.mytrainer2client://callback\",\"consent\":\"no_consent_required\",\"code_id\":\"a008a150-dd84-4cd6-99b9-11c5581a7197\",\"username\":\"trainer1\"}'),('0843fb24-2d80-459c-89fd-115a57cbb67a','mytrainer2client',NULL,NULL,'172.18.0.1','e50ee46d-dbef-4c14-8389-4018de132723','b7f3c2cf-de31-460a-8cb9-e7fc3a4ea494',1745735110538,'LOGIN','60c7bf2d-f5e0-4e08-a856-b0a633bfdb40','{\"auth_method\":\"openid-connect\",\"auth_type\":\"code\",\"redirect_uri\":\"http://localhost/login\",\"consent\":\"no_consent_required\",\"code_id\":\"b7f3c2cf-de31-460a-8cb9-e7fc3a4ea494\",\"username\":\"trainer1\"}'),('08648bd4-f30c-4b9e-b368-b57b6b8c1b8e','mytrainer2client',NULL,NULL,'172.18.0.1','e50ee46d-dbef-4c14-8389-4018de132723','386de2e3-abc1-474f-aa1d-57ec6b4674f6',1746289284259,'LOGOUT','60c7bf2d-f5e0-4e08-a856-b0a633bfdb40','{\"redirect_uri\":\"com.mvfitness.mytrainer2client://logoutredirect\"}'),('08bda428-3f57-497c-83cd-eefac396332d','mytrainer2client',NULL,NULL,'172.18.0.1','e50ee46d-dbef-4c14-8389-4018de132723','49df6e9c-60dc-4b37-91c9-7cd55c54e754',1746100615651,'LOGIN','60c7bf2d-f5e0-4e08-a856-b0a633bfdb40','{\"auth_method\":\"openid-connect\",\"auth_type\":\"code\",\"redirect_uri\":\"http://localhost:57006/login\",\"consent\":\"no_consent_required\",\"code_id\":\"49df6e9c-60dc-4b37-91c9-7cd55c54e754\",\"username\":\"trainer1\"}'),('08d88b81-6376-44da-a909-432c17bcb39b','mytrainer2client',NULL,NULL,'172.18.0.1','e50ee46d-dbef-4c14-8389-4018de132723','7775fbbe-abc5-458c-89f8-25be8d6e8d7d',1746519080180,'LOGIN','60c7bf2d-f5e0-4e08-a856-b0a633bfdb40','{\"auth_method\":\"openid-connect\",\"auth_type\":\"code\",\"response_type\":\"code\",\"redirect_uri\":\"com.mvfitness.mytrainer2client://oauthredirect\",\"consent\":\"no_consent_required\",\"code_id\":\"7775fbbe-abc5-458c-89f8-25be8d6e8d7d\",\"response_mode\":\"query\",\"username\":\"trainer1\"}'),('09137375-06e3-4e77-b8c6-3cd46b498884','mytrainer2client',NULL,NULL,'172.18.0.1','e50ee46d-dbef-4c14-8389-4018de132723','4b55905a-b358-479c-97e1-4d4fb6245d8e',1747852946510,'CODE_TO_TOKEN','60c7bf2d-f5e0-4e08-a856-b0a633bfdb40','{\"token_id\":\"5337cd8d-a49b-41b5-87b3-0441150e77b5\",\"grant_type\":\"authorization_code\",\"refresh_token_type\":\"Refresh\",\"scope\":\"openid email profile\",\"refresh_token_id\":\"bc02da38-02b3-468a-9d31-dbc8a5b9d7eb\",\"code_id\":\"4b55905a-b358-479c-97e1-4d4fb6245d8e\",\"client_auth_method\":\"client-secret\"}'),('0924639b-f119-40dd-ba74-2ec5e8d09aa6','mytrainer2client',NULL,NULL,'172.18.0.1','e50ee46d-dbef-4c14-8389-4018de132723','7595bf95-8dc5-447b-938d-f91053c43851',1748072410235,'CODE_TO_TOKEN','60c7bf2d-f5e0-4e08-a856-b0a633bfdb40','{\"token_id\":\"56a6000d-161f-4f87-8c8d-f059ad2ae7f7\",\"grant_type\":\"authorization_code\",\"refresh_token_type\":\"Refresh\",\"scope\":\"openid email profile\",\"refresh_token_id\":\"c88c7c64-45ce-49af-8eec-64593fc637ac\",\"code_id\":\"7595bf95-8dc5-447b-938d-f91053c43851\",\"client_auth_method\":\"client-secret\"}'),('098a317f-337f-4120-9596-1cb3cc3f86a5','mytrainer2client',NULL,NULL,'172.18.0.1','e50ee46d-dbef-4c14-8389-4018de132723','fe661f1c-eb31-44df-960e-3989ecafac6b',1748173105995,'LOGOUT','60c7bf2d-f5e0-4e08-a856-b0a633bfdb40','{\"redirect_uri\":\"com.mvfitness.mytrainer2client://logoutredirect\"}'),('09ea97e5-54d6-469c-a3e4-ec61bf9e8487','mytrainer2client',NULL,NULL,'172.18.0.1','e50ee46d-dbef-4c14-8389-4018de132723','52825023-5d64-4d64-b738-c76b3bb4a992',1748429106947,'CODE_TO_TOKEN','60c7bf2d-f5e0-4e08-a856-b0a633bfdb40','{\"token_id\":\"3b3c0277-7b68-4035-936d-73b875c135da\",\"grant_type\":\"authorization_code\",\"refresh_token_type\":\"Offline\",\"scope\":\"openid email offline_access profile\",\"refresh_token_id\":\"3d286f09-11bb-49e9-9ce8-e68d27cebb80\",\"code_id\":\"52825023-5d64-4d64-b738-c76b3bb4a992\",\"client_auth_method\":\"client-secret\"}'),('0b01afbe-c1d6-4591-a644-d834b1a99994','mytrainer2client',NULL,NULL,'172.18.0.1','e50ee46d-dbef-4c14-8389-4018de132723','b460de5e-f42f-4af2-ae28-8a215ea702b5',1746099475500,'LOGIN','60c7bf2d-f5e0-4e08-a856-b0a633bfdb40','{\"auth_method\":\"openid-connect\",\"auth_type\":\"code\",\"redirect_uri\":\"com.mvfitness.mytrainer2client://oauthredirect\",\"consent\":\"no_consent_required\",\"code_id\":\"b460de5e-f42f-4af2-ae28-8a215ea702b5\",\"username\":\"trainer1\"}'),('0b2242f0-5798-4a72-9488-98a659eac0b1','mytrainer2client',NULL,NULL,'172.18.0.1','e50ee46d-dbef-4c14-8389-4018de132723','0022ccef-8317-480b-8964-e7eabaca75e6',1745683570882,'LOGOUT','60c7bf2d-f5e0-4e08-a856-b0a633bfdb40','{\"redirect_uri\":\"http://localhost\"}'),('0b7a06f2-3cd5-49c0-8b6e-cbf38b4f3216','mytrainer2client',NULL,NULL,'172.18.0.1','e50ee46d-dbef-4c14-8389-4018de132723','ac6d9a54-7b38-4df6-9973-2fca88cb4186',1746885842980,'LOGOUT','60c7bf2d-f5e0-4e08-a856-b0a633bfdb40','{\"redirect_uri\":\"com.mvfitness.mytrainer2client://logoutredirect\"}'),('0d1d4bf0-c749-48c7-89c1-ca83f1bfe009','mytrainer2client',NULL,NULL,'172.18.0.1','e50ee46d-dbef-4c14-8389-4018de132723','1555e8a6-bc6a-49f0-8ae1-de03e0f8b6b2',1749013889890,'CODE_TO_TOKEN','60c7bf2d-f5e0-4e08-a856-b0a633bfdb40','{\"token_id\":\"495ef83e-0de1-4107-8508-59f5182f048b\",\"grant_type\":\"authorization_code\",\"refresh_token_type\":\"Offline\",\"scope\":\"openid email offline_access profile\",\"refresh_token_id\":\"1e0f3f9f-a228-416f-9dc9-f1ecad830a90\",\"code_id\":\"1555e8a6-bc6a-49f0-8ae1-de03e0f8b6b2\",\"client_auth_method\":\"client-secret\"}'),('0d49776c-b0d8-470f-bff5-46994dc80cbc','mytrainer2client',NULL,NULL,'172.18.0.1','e50ee46d-dbef-4c14-8389-4018de132723','12d8d279-e8eb-4315-bde6-71e6251d18d7',1748178452742,'LOGOUT','60c7bf2d-f5e0-4e08-a856-b0a633bfdb40','{\"redirect_uri\":\"com.mvfitness.mytrainer2client://logoutredirect\"}'),('0d513270-ce64-41a3-8a90-f330b8136ed1','mytrainer2client',NULL,NULL,'172.18.0.1','e50ee46d-dbef-4c14-8389-4018de132723','081648eb-217f-4262-9e9c-75bd64bd592b',1748179259806,'CODE_TO_TOKEN','60c7bf2d-f5e0-4e08-a856-b0a633bfdb40','{\"token_id\":\"4fb29e52-e9bc-4200-a30e-29dcb20f06e3\",\"grant_type\":\"authorization_code\",\"refresh_token_type\":\"Refresh\",\"scope\":\"openid email profile\",\"refresh_token_id\":\"00dddf6e-ad6a-4873-839d-13a5daa4412b\",\"code_id\":\"081648eb-217f-4262-9e9c-75bd64bd592b\",\"client_auth_method\":\"client-secret\"}'),('0dab8f93-ea29-4a22-a1e0-75aff443e870','mytrainer2client',NULL,NULL,'172.18.0.1','e50ee46d-dbef-4c14-8389-4018de132723','2fdb132d-a61a-4ab6-b30d-eb5096716137',1748845136017,'CODE_TO_TOKEN','60c7bf2d-f5e0-4e08-a856-b0a633bfdb40','{\"token_id\":\"173baea0-230d-49b0-a51e-1b3031ef3a27\",\"grant_type\":\"authorization_code\",\"refresh_token_type\":\"Offline\",\"scope\":\"openid email offline_access profile\",\"refresh_token_id\":\"770e4e25-7b6d-47bc-892f-0f7d15010564\",\"code_id\":\"2fdb132d-a61a-4ab6-b30d-eb5096716137\",\"client_auth_method\":\"client-secret\"}'),('0e2cb7f5-9e6c-4e3d-b4ff-88ecc6241a1c','mytrainer2client',NULL,NULL,'172.18.0.1','e50ee46d-dbef-4c14-8389-4018de132723','33d52446-5937-4a3c-b380-298f48036951',1746101871724,'LOGIN','60c7bf2d-f5e0-4e08-a856-b0a633bfdb40','{\"auth_method\":\"openid-connect\",\"auth_type\":\"code\",\"response_type\":\"id_token token\",\"redirect_uri\":\"http://localhost/login\",\"consent\":\"no_consent_required\",\"code_id\":\"33d52446-5937-4a3c-b380-298f48036951\",\"response_mode\":\"fragment\",\"username\":\"trainer1\"}'),('0e304781-c797-4b36-8c10-c4ebd13c65e3','mytrainer2client',NULL,NULL,'172.18.0.1','e50ee46d-dbef-4c14-8389-4018de132723','f52d85b4-2f5a-4831-8512-af94e6fe7c5b',1746289228270,'CODE_TO_TOKEN','60c7bf2d-f5e0-4e08-a856-b0a633bfdb40','{\"token_id\":\"6a28d199-d822-4ee0-bfc5-b6dd564c8587\",\"grant_type\":\"authorization_code\",\"refresh_token_type\":\"Refresh\",\"scope\":\"openid email profile\",\"refresh_token_id\":\"2ddd1d3a-f9a9-451e-b651-cbfd971b81c6\",\"code_id\":\"f52d85b4-2f5a-4831-8512-af94e6fe7c5b\",\"client_auth_method\":\"client-secret\"}'),('0e3cacc6-1ca3-4c55-b532-3d423760ebd3','mytrainer2client',NULL,NULL,'172.18.0.1','e50ee46d-dbef-4c14-8389-4018de132723','df177212-52e4-4ae8-bf26-447c8499c9ad',1748191352437,'CODE_TO_TOKEN','60c7bf2d-f5e0-4e08-a856-b0a633bfdb40','{\"token_id\":\"4d286e60-7fab-4876-8ada-d0e226c252f3\",\"grant_type\":\"authorization_code\",\"refresh_token_type\":\"Refresh\",\"scope\":\"openid email profile\",\"refresh_token_id\":\"d12cd912-e98a-4a3f-b707-002d0c161184\",\"code_id\":\"df177212-52e4-4ae8-bf26-447c8499c9ad\",\"client_auth_method\":\"client-secret\"}'),('0e50fa28-d386-4403-b298-d9b577e30fad','mytrainer2client',NULL,NULL,'172.18.0.1','e50ee46d-dbef-4c14-8389-4018de132723','b4f7fe24-eea1-4567-aa28-b18f31654fab',1749119476032,'CODE_TO_TOKEN','60c7bf2d-f5e0-4e08-a856-b0a633bfdb40','{\"token_id\":\"5255663c-335b-4b00-9291-e5aa82ca6b3b\",\"grant_type\":\"authorization_code\",\"refresh_token_type\":\"Offline\",\"scope\":\"openid email offline_access profile\",\"refresh_token_id\":\"378ec47e-a7e0-4c5b-b92c-bf5ae941ff31\",\"code_id\":\"b4f7fe24-eea1-4567-aa28-b18f31654fab\",\"client_auth_method\":\"client-secret\"}'),('0e7e12e2-2190-4e4a-ab0f-387cb216e872','mytrainer2client',NULL,NULL,'172.18.0.1','e50ee46d-dbef-4c14-8389-4018de132723','a8f76735-02aa-4193-8483-b06a4bd49d31',1748444659146,'LOGIN','60c7bf2d-f5e0-4e08-a856-b0a633bfdb40','{\"auth_method\":\"openid-connect\",\"auth_type\":\"code\",\"redirect_uri\":\"com.mvfitness.mytrainer2client://oauthredirect\",\"remember_me\":\"true\",\"consent\":\"no_consent_required\",\"code_id\":\"a8f76735-02aa-4193-8483-b06a4bd49d31\",\"username\":\"trainer1\"}'),('0ef6f297-3bf5-4be5-96e8-000834d4edf2','mytrainer2client',NULL,'invalid_user_credentials','172.18.0.1','e50ee46d-dbef-4c14-8389-4018de132723',NULL,1746096780682,'LOGIN_ERROR','60c7bf2d-f5e0-4e08-a856-b0a633bfdb40','{\"auth_method\":\"openid-connect\",\"auth_type\":\"code\",\"redirect_uri\":\"com.mvfitness.mytrainer2client://oauthredirect\",\"code_id\":\"487e3945-1516-4493-b6ec-d3bed4be57f7\",\"username\":\"trainer1\"}'),('0fad1e89-6bbd-4bde-83e0-f375e9a93ace','mytrainer2client',NULL,NULL,'172.18.0.1','e50ee46d-dbef-4c14-8389-4018de132723','33d52446-5937-4a3c-b380-298f48036951',1746101888072,'LOGIN','60c7bf2d-f5e0-4e08-a856-b0a633bfdb40','{\"auth_method\":\"openid-connect\",\"auth_type\":\"code\",\"response_type\":\"id_token token\",\"redirect_uri\":\"http://localhost/login\",\"consent\":\"no_consent_required\",\"code_id\":\"33d52446-5937-4a3c-b380-298f48036951\",\"response_mode\":\"fragment\",\"username\":\"trainer1\"}'),('0fdde312-46ca-4a54-927e-2741e7f29eb9','mytrainer2client',NULL,NULL,'172.18.0.1','e50ee46d-dbef-4c14-8389-4018de132723','037abf74-9389-4544-91a8-cb2d2a6e4dda',1746874938475,'LOGOUT','60c7bf2d-f5e0-4e08-a856-b0a633bfdb40','{\"redirect_uri\":\"com.mvfitness.mytrainer2client://logoutredirect\"}'),('10765e3a-1877-4bf0-bc61-eeb357150094','mytrainer2client',NULL,NULL,'172.18.0.1','e50ee46d-dbef-4c14-8389-4018de132723','cfdc1397-ef79-4847-ac31-1a26390def91',1746883308537,'LOGOUT','60c7bf2d-f5e0-4e08-a856-b0a633bfdb40','{\"redirect_uri\":\"com.mvfitness.mytrainer2client://logoutredirect\"}'),('107dca37-88e5-4758-9af0-e8606b1a02ef','provisioning-client',NULL,NULL,'172.18.0.1','e50ee46d-dbef-4c14-8389-4018de132723','e9d90ce6-c391-4d90-af12-fbc4a3a77969',1745611722628,'CLIENT_LOGIN','2f2b1ea7-e8d3-47c8-af7c-67971f1c494a','{\"token_id\":\"b0250194-cd75-4bbe-a985-d9d85c540d80\",\"grant_type\":\"client_credentials\",\"scope\":\"email profile\",\"client_auth_method\":\"client-secret\",\"username\":\"service-account-provisioning-client\"}'),('108611d7-f6a5-4185-a2ba-c28ea8fa883a','mytrainer2client',NULL,NULL,'172.18.0.1','e50ee46d-dbef-4c14-8389-4018de132723','4b55905a-b358-479c-97e1-4d4fb6245d8e',1747852938986,'CODE_TO_TOKEN','60c7bf2d-f5e0-4e08-a856-b0a633bfdb40','{\"token_id\":\"c7cdc925-5366-42ab-b13c-10df10546b0f\",\"grant_type\":\"authorization_code\",\"refresh_token_type\":\"Refresh\",\"scope\":\"openid email profile\",\"refresh_token_id\":\"82c1cc7e-b2aa-4262-89b8-570840129ac4\",\"code_id\":\"4b55905a-b358-479c-97e1-4d4fb6245d8e\",\"client_auth_method\":\"client-secret\"}'),('11140466-1e07-474b-8fba-3e90a20e8fe0','mytrainer2client',NULL,NULL,'172.18.0.1','e50ee46d-dbef-4c14-8389-4018de132723','a452dfe4-9056-45e2-b83c-5fd73f2e29b4',1745682335804,'LOGOUT','60c7bf2d-f5e0-4e08-a856-b0a633bfdb40','{\"redirect_uri\":\"http://localhost\"}'),('1153c6c4-ad7d-4077-a71d-38cffdb80c6a','mytrainer2client',NULL,NULL,'172.18.0.1','e50ee46d-dbef-4c14-8389-4018de132723','e9e9463c-8ef2-4600-9761-56267a25778f',1746092582250,'LOGIN','60c7bf2d-f5e0-4e08-a856-b0a633bfdb40','{\"auth_method\":\"openid-connect\",\"auth_type\":\"code\",\"response_type\":\"id_token token\",\"redirect_uri\":\"http://localhost:58694/login\",\"consent\":\"no_consent_required\",\"code_id\":\"e9e9463c-8ef2-4600-9761-56267a25778f\",\"response_mode\":\"fragment\",\"username\":\"trainer1\"}'),('1158dcfd-c78d-450b-9395-7080ec9226f3','mytrainer2client',NULL,NULL,'172.18.0.1','e50ee46d-dbef-4c14-8389-4018de132723','a7c898ba-e168-43c8-8f51-774dacafee50',1746520186241,'LOGIN','60c7bf2d-f5e0-4e08-a856-b0a633bfdb40','{\"auth_method\":\"openid-connect\",\"auth_type\":\"code\",\"redirect_uri\":\"com.mvfitness.mytrainer2client://oauthredirect\",\"consent\":\"no_consent_required\",\"code_id\":\"a7c898ba-e168-43c8-8f51-774dacafee50\",\"username\":\"trainer1\"}'),('12d6fd69-608f-4fce-a487-47381bf1c413','mytrainer2client',NULL,NULL,'172.18.0.1','e50ee46d-dbef-4c14-8389-4018de132723','aacef841-718c-49c7-97a8-6b99776cbc24',1748190964733,'CODE_TO_TOKEN','60c7bf2d-f5e0-4e08-a856-b0a633bfdb40','{\"token_id\":\"bf556223-7f51-4982-8c60-708cbecec2a9\",\"grant_type\":\"authorization_code\",\"refresh_token_type\":\"Refresh\",\"scope\":\"openid email profile\",\"refresh_token_id\":\"1b470dc8-4e14-4211-803a-4105a56d4723\",\"code_id\":\"aacef841-718c-49c7-97a8-6b99776cbc24\",\"client_auth_method\":\"client-secret\"}'),('133e6d39-7df1-41f0-83d7-d3471b6dd8fe','mytrainer2client',NULL,NULL,'172.18.0.1','e50ee46d-dbef-4c14-8389-4018de132723','1f261938-7bc7-4169-88ae-a7de0a0e2f2d',1746520172843,'LOGOUT','60c7bf2d-f5e0-4e08-a856-b0a633bfdb40','{\"redirect_uri\":\"com.mvfitness.mytrainer2client://logoutredirect\"}'),('14407c2b-21d4-40b0-a3e6-96129c5ac6e8','mytrainer2client',NULL,'session_expired','172.18.0.1','e50ee46d-dbef-4c14-8389-4018de132723',NULL,1746982590175,'LOGOUT_ERROR',NULL,NULL),('14c6e5ed-dd9c-4b88-9020-2289325d3015','mytrainer2client',NULL,NULL,'172.18.0.1','e50ee46d-dbef-4c14-8389-4018de132723','487e3945-1516-4493-b6ec-d3bed4be57f7',1746096800937,'CODE_TO_TOKEN','60c7bf2d-f5e0-4e08-a856-b0a633bfdb40','{\"token_id\":\"ae760452-079c-46f4-aaa7-e187fed4b1ea\",\"grant_type\":\"authorization_code\",\"refresh_token_type\":\"Refresh\",\"scope\":\"openid email profile\",\"refresh_token_id\":\"cfc86135-234f-4342-a301-4b1bdb05f5f4\",\"code_id\":\"487e3945-1516-4493-b6ec-d3bed4be57f7\",\"client_auth_method\":\"client-secret\"}'),('16009014-33c3-4aba-b5b1-951504e88b26','mytrainer2client',NULL,NULL,'172.18.0.1','e50ee46d-dbef-4c14-8389-4018de132723','cd2e7bc0-855b-4339-a47e-6548ab5dda76',1748064139970,'LOGIN','60c7bf2d-f5e0-4e08-a856-b0a633bfdb40','{\"auth_method\":\"openid-connect\",\"auth_type\":\"code\",\"redirect_uri\":\"com.mvfitness.mytrainer2client://oauthredirect\",\"consent\":\"no_consent_required\",\"code_id\":\"cd2e7bc0-855b-4339-a47e-6548ab5dda76\",\"username\":\"trainer1\"}'),('1611c320-15be-4421-b475-22cdb6b7404a','mytrainer2client',NULL,NULL,'172.18.0.1','e50ee46d-dbef-4c14-8389-4018de132723','0cb36af0-79c9-4b07-b9c5-908e959aae2a',1748244745209,'CODE_TO_TOKEN','60c7bf2d-f5e0-4e08-a856-b0a633bfdb40','{\"token_id\":\"564bef6e-17d0-490c-a902-8ee0cf1a2f0c\",\"grant_type\":\"authorization_code\",\"refresh_token_type\":\"Offline\",\"scope\":\"openid email offline_access profile\",\"refresh_token_id\":\"98ed2561-da0a-482a-baa2-0e866030f21b\",\"code_id\":\"0cb36af0-79c9-4b07-b9c5-908e959aae2a\",\"client_auth_method\":\"client-secret\"}'),('1692b407-bede-4d85-9aff-39287e910711','mytrainer2client',NULL,NULL,'172.18.0.1','e50ee46d-dbef-4c14-8389-4018de132723','f52d85b4-2f5a-4831-8512-af94e6fe7c5b',1746288396518,'LOGIN','60c7bf2d-f5e0-4e08-a856-b0a633bfdb40','{\"auth_method\":\"openid-connect\",\"auth_type\":\"code\",\"redirect_uri\":\"com.mvfitness.mytrainer2client://oauthredirect\",\"consent\":\"no_consent_required\",\"code_id\":\"f52d85b4-2f5a-4831-8512-af94e6fe7c5b\",\"username\":\"trainer1\"}'),('194dd080-b323-4bab-b25d-d9fbc6f11723','mytrainer2client',NULL,NULL,'172.18.0.1','e50ee46d-dbef-4c14-8389-4018de132723','87fb8ac3-3a2d-4006-b614-c9fca0fce3e3',1749565125354,'LOGIN','60c7bf2d-f5e0-4e08-a856-b0a633bfdb40','{\"auth_method\":\"openid-connect\",\"auth_type\":\"code\",\"redirect_uri\":\"http://localhost/login\",\"consent\":\"no_consent_required\",\"code_id\":\"87fb8ac3-3a2d-4006-b614-c9fca0fce3e3\",\"username\":\"trainer1\"}'),('19724043-afbf-499f-bfa6-be7100ad1950','mytrainer2client',NULL,NULL,'172.18.0.1','e50ee46d-dbef-4c14-8389-4018de132723','33d52446-5937-4a3c-b380-298f48036951',1746101577433,'LOGIN','60c7bf2d-f5e0-4e08-a856-b0a633bfdb40','{\"auth_method\":\"openid-connect\",\"auth_type\":\"code\",\"response_type\":\"id_token token\",\"redirect_uri\":\"http://localhost/login\",\"consent\":\"no_consent_required\",\"code_id\":\"33d52446-5937-4a3c-b380-298f48036951\",\"response_mode\":\"fragment\",\"username\":\"trainer1\"}'),('19a9d518-64db-4ef6-8e9a-24ca1c90cf41','mytrainer2client',NULL,NULL,'172.18.0.1','e50ee46d-dbef-4c14-8389-4018de132723','2110078f-d5fb-44b1-888a-9be314fcb6c5',1748068080710,'LOGIN','60c7bf2d-f5e0-4e08-a856-b0a633bfdb40','{\"auth_method\":\"openid-connect\",\"auth_type\":\"code\",\"redirect_uri\":\"com.mvfitness.mytrainer2client://oauthredirect\",\"consent\":\"no_consent_required\",\"code_id\":\"2110078f-d5fb-44b1-888a-9be314fcb6c5\",\"username\":\"trainer1\"}'),('19eb542a-9fd1-4e98-ac7a-4aa250623c0e','mytrainer2client',NULL,NULL,'172.18.0.1','e50ee46d-dbef-4c14-8389-4018de132723','87f588da-d505-4237-90fc-e59954bc32ac',1748721832595,'CODE_TO_TOKEN','60c7bf2d-f5e0-4e08-a856-b0a633bfdb40','{\"token_id\":\"0a2fc209-b31d-4275-b85c-2adac51e3e84\",\"grant_type\":\"authorization_code\",\"refresh_token_type\":\"Offline\",\"scope\":\"openid email offline_access profile\",\"refresh_token_id\":\"51b7d0ad-b5b9-4077-93e0-230f75c68e62\",\"code_id\":\"87f588da-d505-4237-90fc-e59954bc32ac\",\"client_auth_method\":\"client-secret\"}'),('1a582b9e-1d60-463f-8ab2-962c61585f7e','mytrainer2client',NULL,NULL,'172.18.0.1','e50ee46d-dbef-4c14-8389-4018de132723','247667a1-1679-4400-b8ea-0c15cb5896a1',1746102019751,'LOGIN','60c7bf2d-f5e0-4e08-a856-b0a633bfdb40','{\"auth_method\":\"openid-connect\",\"auth_type\":\"code\",\"redirect_uri\":\"http://localhost:59137/login\",\"consent\":\"no_consent_required\",\"code_id\":\"247667a1-1679-4400-b8ea-0c15cb5896a1\",\"username\":\"trainer1\"}'),('1aa3e52d-159f-41ab-98bc-b2081e41861d','mytrainer2client',NULL,NULL,'172.18.0.1','e50ee46d-dbef-4c14-8389-4018de132723','76a01f94-485a-40d0-9c19-565e6bd842e5',1746289072271,'LOGOUT','60c7bf2d-f5e0-4e08-a856-b0a633bfdb40','{\"redirect_uri\":\"http://localhost\"}'),('1c656cf4-1ec6-4f1b-9bd6-61825cf1eb40','mytrainer2client',NULL,NULL,'172.18.0.1','e50ee46d-dbef-4c14-8389-4018de132723','295d5b1d-ad66-4704-892d-725cecd20050',1749015438083,'LOGIN','60c7bf2d-f5e0-4e08-a856-b0a633bfdb40','{\"auth_method\":\"openid-connect\",\"auth_type\":\"code\",\"redirect_uri\":\"com.mvfitness.mytrainer2client://oauthredirect\",\"remember_me\":\"true\",\"consent\":\"no_consent_required\",\"code_id\":\"295d5b1d-ad66-4704-892d-725cecd20050\",\"username\":\"trainer1\"}'),('1c6d19fe-abd8-49fd-8e3a-7a931326dee6','mytrainer2client',NULL,NULL,'172.18.0.1','e50ee46d-dbef-4c14-8389-4018de132723','f46fc1a1-6747-45d2-bd8d-aeb460a4dd33',1748437561139,'LOGIN','60c7bf2d-f5e0-4e08-a856-b0a633bfdb40','{\"auth_method\":\"openid-connect\",\"auth_type\":\"code\",\"redirect_uri\":\"com.mvfitness.mytrainer2client://oauthredirect\",\"remember_me\":\"true\",\"consent\":\"no_consent_required\",\"code_id\":\"f46fc1a1-6747-45d2-bd8d-aeb460a4dd33\",\"username\":\"trainer1\"}'),('1c9a9bc2-e261-47c0-be7b-8f2df156fcc4','mytrainer2client',NULL,NULL,'172.18.0.1','e50ee46d-dbef-4c14-8389-4018de132723','ac6d9a54-7b38-4df6-9973-2fca88cb4186',1746885508425,'CODE_TO_TOKEN','60c7bf2d-f5e0-4e08-a856-b0a633bfdb40','{\"token_id\":\"1e6cd6a5-b399-4962-9fc5-99c7dfea6741\",\"grant_type\":\"authorization_code\",\"refresh_token_type\":\"Refresh\",\"scope\":\"openid email profile\",\"refresh_token_id\":\"5a526f23-49f9-426c-b138-666f3173bb71\",\"code_id\":\"ac6d9a54-7b38-4df6-9973-2fca88cb4186\",\"client_auth_method\":\"client-secret\"}'),('1dfc74e7-fe7e-4cf8-9d0f-0ba573908a4d','mytrainer2client',NULL,NULL,'172.18.0.1','e50ee46d-dbef-4c14-8389-4018de132723','99b4dcfe-d654-4cce-b6e6-e39a2189b1c1',1746983436206,'LOGIN','60c7bf2d-f5e0-4e08-a856-b0a633bfdb40','{\"auth_method\":\"openid-connect\",\"auth_type\":\"code\",\"response_type\":\"code\",\"redirect_uri\":\"com.mvfitness.mytrainer2client://oauthredirect\",\"consent\":\"no_consent_required\",\"code_id\":\"99b4dcfe-d654-4cce-b6e6-e39a2189b1c1\",\"response_mode\":\"query\",\"username\":\"trainer1\"}'),('1e4b2e20-41e3-4661-bffb-7bcd031281a8','mytrainer2client',NULL,NULL,'172.18.0.1','e50ee46d-dbef-4c14-8389-4018de132723','e9af82fc-c91c-4eaf-8757-108d555f2986',1748173667264,'LOGIN','60c7bf2d-f5e0-4e08-a856-b0a633bfdb40','{\"auth_method\":\"openid-connect\",\"auth_type\":\"code\",\"redirect_uri\":\"com.mvfitness.mytrainer2client://oauthredirect\",\"consent\":\"no_consent_required\",\"code_id\":\"e9af82fc-c91c-4eaf-8757-108d555f2986\",\"username\":\"trainer1\"}'),('1ee68f21-3789-4011-875f-6aa2e53e5b83','mytrainer2client',NULL,NULL,'172.18.0.1','e50ee46d-dbef-4c14-8389-4018de132723','b4f7fe24-eea1-4567-aa28-b18f31654fab',1749119474960,'LOGIN','60c7bf2d-f5e0-4e08-a856-b0a633bfdb40','{\"auth_method\":\"openid-connect\",\"auth_type\":\"code\",\"redirect_uri\":\"com.mvfitness.mytrainer2client://oauthredirect\",\"remember_me\":\"true\",\"consent\":\"no_consent_required\",\"code_id\":\"b4f7fe24-eea1-4567-aa28-b18f31654fab\",\"username\":\"trainer1\"}'),('1f3c6867-9b7b-4616-85dd-dd59334575cb','mytrainer2client',NULL,NULL,'172.18.0.1','e50ee46d-dbef-4c14-8389-4018de132723',NULL,1745441488339,'IDENTITY_PROVIDER_FIRST_LOGIN',NULL,'{\"identity_provider\":\"google\",\"identity_provider_identity\":\"simeonov230@gmail.com\",\"code_id\":\"993d7a4c-a45e-48ad-ad6e-d0430618740a\"}'),('1f758af2-b352-4bd9-9b49-387163b6a3b7','mytrainer2client',NULL,NULL,'172.18.0.1','e50ee46d-dbef-4c14-8389-4018de132723','42f11d92-5cdf-418f-b8e5-e167f9b7ac1b',1745440454806,'LOGOUT','ef51fb99-e0b5-43c9-9ee9-7e763fc1bf30','{\"redirect_uri\":\"http://localhost\"}'),('20ba2007-c406-4c28-883c-ea66b87ffa44','mytrainer2client',NULL,NULL,'172.18.0.1','e50ee46d-dbef-4c14-8389-4018de132723','12d8d279-e8eb-4315-bde6-71e6251d18d7',1748176912035,'CODE_TO_TOKEN','60c7bf2d-f5e0-4e08-a856-b0a633bfdb40','{\"token_id\":\"28e7470f-34f1-42d6-a0f8-91008fc79b11\",\"grant_type\":\"authorization_code\",\"refresh_token_type\":\"Refresh\",\"scope\":\"openid email profile\",\"refresh_token_id\":\"4ed8ee9f-b01c-4c9e-82b3-b65ea8004994\",\"code_id\":\"12d8d279-e8eb-4315-bde6-71e6251d18d7\",\"client_auth_method\":\"client-secret\"}'),('21412f72-b87a-4b57-88bd-28d1f5281e6c','mytrainer2client',NULL,NULL,'172.18.0.1','e50ee46d-dbef-4c14-8389-4018de132723','fd12d462-4dc8-4731-8536-aa50838b9cfd',1748246971753,'CODE_TO_TOKEN','60c7bf2d-f5e0-4e08-a856-b0a633bfdb40','{\"token_id\":\"1d72b784-936a-46f7-974d-43cd01fd5f25\",\"grant_type\":\"authorization_code\",\"refresh_token_type\":\"Offline\",\"scope\":\"openid email offline_access profile\",\"refresh_token_id\":\"3553f5c1-9e27-4b72-b5e4-03195ace2843\",\"code_id\":\"fd12d462-4dc8-4731-8536-aa50838b9cfd\",\"client_auth_method\":\"client-secret\"}'),('2165b428-a608-4957-9f12-2e7f0cc4f968','mytrainer2client',NULL,NULL,'172.18.0.1','e50ee46d-dbef-4c14-8389-4018de132723','4b55905a-b358-479c-97e1-4d4fb6245d8e',1747852937458,'LOGIN','60c7bf2d-f5e0-4e08-a856-b0a633bfdb40','{\"auth_method\":\"openid-connect\",\"auth_type\":\"code\",\"redirect_uri\":\"com.mvfitness.mytrainer2client://oauthredirect\",\"consent\":\"no_consent_required\",\"code_id\":\"4b55905a-b358-479c-97e1-4d4fb6245d8e\",\"username\":\"trainer1\"}'),('21ee03fa-fbcd-4817-8a4f-fc2a1d8b5644','mytrainer2client',NULL,NULL,'172.18.0.1','e50ee46d-dbef-4c14-8389-4018de132723','d7bff202-a23c-4a22-a84f-1a11c7296de0',1748426950418,'LOGIN','60c7bf2d-f5e0-4e08-a856-b0a633bfdb40','{\"auth_method\":\"openid-connect\",\"auth_type\":\"code\",\"redirect_uri\":\"com.mvfitness.mytrainer2client://oauthredirect\",\"remember_me\":\"true\",\"consent\":\"no_consent_required\",\"code_id\":\"d7bff202-a23c-4a22-a84f-1a11c7296de0\",\"username\":\"trainer1\"}'),('2212d2eb-c7bb-4804-8282-36dc8091ede0','mytrainer2client',NULL,NULL,'172.18.0.1','e50ee46d-dbef-4c14-8389-4018de132723','f52d85b4-2f5a-4831-8512-af94e6fe7c5b',1746289219206,'LOGIN','60c7bf2d-f5e0-4e08-a856-b0a633bfdb40','{\"auth_method\":\"openid-connect\",\"auth_type\":\"code\",\"response_type\":\"code\",\"redirect_uri\":\"com.mvfitness.mytrainer2client://oauthredirect\",\"consent\":\"no_consent_required\",\"code_id\":\"f52d85b4-2f5a-4831-8512-af94e6fe7c5b\",\"response_mode\":\"query\",\"username\":\"trainer1\"}'),('233ed85b-b4e9-496c-b714-643a52205f09','mytrainer2client',NULL,NULL,'172.18.0.1','e50ee46d-dbef-4c14-8389-4018de132723','3d060fad-f9ee-490f-8c3e-003fcd3b69ed',1748438403074,'CODE_TO_TOKEN','60c7bf2d-f5e0-4e08-a856-b0a633bfdb40','{\"token_id\":\"9ffd6ae8-e330-4d67-a80a-7d33f4631f98\",\"grant_type\":\"authorization_code\",\"refresh_token_type\":\"Offline\",\"scope\":\"openid email offline_access profile\",\"refresh_token_id\":\"8d34aedc-b7ac-4105-91ce-f87f7646141a\",\"code_id\":\"3d060fad-f9ee-490f-8c3e-003fcd3b69ed\",\"client_auth_method\":\"client-secret\"}'),('23548a4c-0273-4945-aa48-3e74f2896059','mytrainer2client',NULL,NULL,'172.18.0.1','e50ee46d-dbef-4c14-8389-4018de132723','0d3354b1-6a5b-456a-883d-482ba6ff980d',1746285233217,'LOGOUT','60c7bf2d-f5e0-4e08-a856-b0a633bfdb40','{\"redirect_uri\":\"http://localhost\"}'),('2416298d-8032-417b-b1c5-0970b34061bb','mytrainer2client',NULL,NULL,'172.18.0.1','e50ee46d-dbef-4c14-8389-4018de132723','11a37eba-e532-4c53-ae66-2e72fd7a444b',1746099122916,'LOGIN','60c7bf2d-f5e0-4e08-a856-b0a633bfdb40','{\"auth_method\":\"openid-connect\",\"auth_type\":\"code\",\"redirect_uri\":\"http://localhost/login\",\"consent\":\"no_consent_required\",\"code_id\":\"11a37eba-e532-4c53-ae66-2e72fd7a444b\",\"username\":\"trainer1\"}'),('24a537be-e8bc-4c71-bd52-8c9339e17789','mytrainer2client',NULL,NULL,'172.18.0.1','e50ee46d-dbef-4c14-8389-4018de132723','23cea48a-8fb4-4bd9-ad3b-2a734d60b254',1748429604034,'CODE_TO_TOKEN','60c7bf2d-f5e0-4e08-a856-b0a633bfdb40','{\"token_id\":\"6e08c9e2-e979-475c-ba32-ff42d9594258\",\"grant_type\":\"authorization_code\",\"refresh_token_type\":\"Offline\",\"scope\":\"openid email offline_access profile\",\"refresh_token_id\":\"882dec32-a5a6-48b5-8089-7251a17ee2c4\",\"code_id\":\"23cea48a-8fb4-4bd9-ad3b-2a734d60b254\",\"client_auth_method\":\"client-secret\"}'),('24edb2d7-38ca-408b-96d0-749a3624680f','mytrainer2client',NULL,NULL,'172.18.0.1','e50ee46d-dbef-4c14-8389-4018de132723','4f9ab544-3417-4a3f-9d60-7aefe790a3e5',1746982649268,'LOGIN','60c7bf2d-f5e0-4e08-a856-b0a633bfdb40','{\"auth_method\":\"openid-connect\",\"auth_type\":\"code\",\"redirect_uri\":\"com.mvfitness.mytrainer2client://oauthredirect\",\"consent\":\"no_consent_required\",\"code_id\":\"4f9ab544-3417-4a3f-9d60-7aefe790a3e5\",\"username\":\"trainer1\"}'),('25169cae-8878-4635-a933-875ed3df3554','mytrainer2client',NULL,NULL,'172.18.0.1','e50ee46d-dbef-4c14-8389-4018de132723','21b517a6-4bc3-4491-8806-26691e3c5d06',1748441582827,'LOGIN','60c7bf2d-f5e0-4e08-a856-b0a633bfdb40','{\"auth_method\":\"openid-connect\",\"auth_type\":\"code\",\"redirect_uri\":\"com.mvfitness.mytrainer2client://oauthredirect\",\"remember_me\":\"true\",\"consent\":\"no_consent_required\",\"code_id\":\"21b517a6-4bc3-4491-8806-26691e3c5d06\",\"username\":\"trainer1\"}'),('2568cd53-dfb2-4479-b912-f4e25571c162','mytrainer2client',NULL,NULL,'172.18.0.1','e50ee46d-dbef-4c14-8389-4018de132723','b55b8f34-295f-4d31-8d78-ab003f4a9271',1745614416124,'LOGIN','60c7bf2d-f5e0-4e08-a856-b0a633bfdb40','{\"auth_method\":\"openid-connect\",\"token_id\":\"25786240-5d89-47eb-852f-dcaeab00829c\",\"grant_type\":\"password\",\"refresh_token_type\":\"Refresh\",\"scope\":\"openid email profile\",\"refresh_token_id\":\"e12c828f-9e21-4112-84ff-6c29903f967c\",\"client_auth_method\":\"client-secret\",\"username\":\"trainer1\"}'),('25beb06d-81da-4fde-a781-8442e3316dfc','mytrainer2client',NULL,NULL,'172.18.0.1','e50ee46d-dbef-4c14-8389-4018de132723','4b55905a-b358-479c-97e1-4d4fb6245d8e',1747853259604,'CODE_TO_TOKEN','60c7bf2d-f5e0-4e08-a856-b0a633bfdb40','{\"token_id\":\"c49f3e6e-215c-4a97-b40b-79f6a377c34b\",\"grant_type\":\"authorization_code\",\"refresh_token_type\":\"Refresh\",\"scope\":\"openid email profile\",\"refresh_token_id\":\"0467c5ef-522d-4bbc-9b4b-a616ae30f76a\",\"code_id\":\"4b55905a-b358-479c-97e1-4d4fb6245d8e\",\"client_auth_method\":\"client-secret\"}'),('2693f9e1-39b3-4a82-a8ae-45e24191e9c4','mytrainer2client',NULL,NULL,'172.18.0.1','e50ee46d-dbef-4c14-8389-4018de132723','f18b9682-b0ca-4269-9ab2-b39a8ebc844e',1746522478181,'CODE_TO_TOKEN','60c7bf2d-f5e0-4e08-a856-b0a633bfdb40','{\"token_id\":\"ec19edce-b3cb-4f4e-a7c5-acde324e0e68\",\"grant_type\":\"authorization_code\",\"refresh_token_type\":\"Refresh\",\"scope\":\"openid email profile\",\"refresh_token_id\":\"a7d98bab-f1be-4bab-aa28-6b61cb1396e0\",\"code_id\":\"f18b9682-b0ca-4269-9ab2-b39a8ebc844e\",\"client_auth_method\":\"client-secret\"}'),('271981bf-b4ab-46cc-b46e-e56e05432395','mytrainer2client',NULL,NULL,'172.18.0.1','e50ee46d-dbef-4c14-8389-4018de132723','271b79da-5a01-4e1c-a08f-aa1d200d0112',1748426931754,'CODE_TO_TOKEN','60c7bf2d-f5e0-4e08-a856-b0a633bfdb40','{\"token_id\":\"0c2bc890-ca17-4129-b602-983c13dba4d9\",\"grant_type\":\"authorization_code\",\"refresh_token_type\":\"Offline\",\"scope\":\"openid email offline_access profile\",\"refresh_token_id\":\"04acb9e5-57fc-4d4f-897d-e2f2fecee9dc\",\"code_id\":\"271b79da-5a01-4e1c-a08f-aa1d200d0112\",\"client_auth_method\":\"client-secret\"}'),('2728cb3d-dec6-4cc4-b981-1275ffb1b286','mytrainer2client',NULL,NULL,'172.18.0.1','e50ee46d-dbef-4c14-8389-4018de132723','7775fbbe-abc5-458c-89f8-25be8d6e8d7d',1746519557946,'LOGOUT','60c7bf2d-f5e0-4e08-a856-b0a633bfdb40','{\"redirect_uri\":\"com.mvfitness.mytrainer2client://logoutredirect\"}'),('276471d2-1244-486c-bc32-2549b2af9612','mytrainer2client',NULL,NULL,'172.18.0.1','e50ee46d-dbef-4c14-8389-4018de132723','67329fa8-7f18-4b42-b3c4-378c2046a792',1748065413434,'CODE_TO_TOKEN','60c7bf2d-f5e0-4e08-a856-b0a633bfdb40','{\"token_id\":\"ed38fa3f-8798-4f59-b8dd-c045e141a1a4\",\"grant_type\":\"authorization_code\",\"refresh_token_type\":\"Refresh\",\"scope\":\"openid email profile\",\"refresh_token_id\":\"d5244595-9a6c-4c24-a067-b994306ca40e\",\"code_id\":\"67329fa8-7f18-4b42-b3c4-378c2046a792\",\"client_auth_method\":\"client-secret\"}'),('2770e525-a3e7-4d8d-8764-f3ab87ed7dd0','mytrainer2client',NULL,NULL,'172.18.0.1','e50ee46d-dbef-4c14-8389-4018de132723','a14f514a-aefa-452b-91bf-a9fd0e061dfe',1745612745101,'LOGIN','60c7bf2d-f5e0-4e08-a856-b0a633bfdb40','{\"auth_method\":\"openid-connect\",\"token_id\":\"2d3dec07-be87-40ef-bddf-81f63c491725\",\"grant_type\":\"password\",\"refresh_token_type\":\"Refresh\",\"scope\":\"openid email profile\",\"refresh_token_id\":\"75a747b0-ed7e-4215-82f5-9de62e8e2033\",\"client_auth_method\":\"client-secret\",\"username\":\"trainer1\"}'),('27919b5e-a9a0-4b3a-b9e1-2d5457be396e','mytrainer2client',NULL,'session_expired','172.18.0.1','e50ee46d-dbef-4c14-8389-4018de132723',NULL,1746041106648,'LOGOUT_ERROR',NULL,NULL),('27ca76f0-77d2-4505-9716-db4619616801','mytrainer2client',NULL,NULL,'172.18.0.1','e50ee46d-dbef-4c14-8389-4018de132723','70c446e4-8ff6-4118-9c29-923626d509d8',1746092756403,'LOGIN','60c7bf2d-f5e0-4e08-a856-b0a633bfdb40','{\"auth_method\":\"openid-connect\",\"auth_type\":\"code\",\"redirect_uri\":\"http://localhost/login\",\"consent\":\"no_consent_required\",\"code_id\":\"70c446e4-8ff6-4118-9c29-923626d509d8\",\"username\":\"trainer1\"}'),('289b3936-f676-442e-905e-2385bcdc4f78','mytrainer2client',NULL,NULL,'172.18.0.1','e50ee46d-dbef-4c14-8389-4018de132723','7595bf95-8dc5-447b-938d-f91053c43851',1748072737411,'LOGOUT','60c7bf2d-f5e0-4e08-a856-b0a633bfdb40','{\"redirect_uri\":\"com.mvfitness.mytrainer2client://logoutredirect\"}'),('28c9b83d-4d28-4650-84d7-62d712c74b61','mytrainer2client',NULL,NULL,'172.18.0.1','e50ee46d-dbef-4c14-8389-4018de132723','b0285a0b-c170-47df-aa79-0cbfd284c8d2',1748189940560,'CODE_TO_TOKEN','60c7bf2d-f5e0-4e08-a856-b0a633bfdb40','{\"token_id\":\"6e497b98-075b-4dec-8ca2-96cbb693dec0\",\"grant_type\":\"authorization_code\",\"refresh_token_type\":\"Refresh\",\"scope\":\"openid email profile\",\"refresh_token_id\":\"de7f0f19-122c-45a7-8a3d-c073440230f4\",\"code_id\":\"b0285a0b-c170-47df-aa79-0cbfd284c8d2\",\"client_auth_method\":\"client-secret\"}'),('28dea28e-727d-4a43-8ca1-2192a3d5de10','mytrainer2client',NULL,NULL,'172.18.0.1','e50ee46d-dbef-4c14-8389-4018de132723','f8375226-9936-4e6b-8f28-93b49747415b',1746368924316,'LOGIN','60c7bf2d-f5e0-4e08-a856-b0a633bfdb40','{\"auth_method\":\"openid-connect\",\"auth_type\":\"code\",\"redirect_uri\":\"http://localhost/login\",\"consent\":\"no_consent_required\",\"code_id\":\"f8375226-9936-4e6b-8f28-93b49747415b\",\"username\":\"trainer1\"}'),('29993574-2276-40a0-b93f-bc5d7b7baabb','mytrainer2client',NULL,NULL,'172.18.0.1','e50ee46d-dbef-4c14-8389-4018de132723','76a01f94-485a-40d0-9c19-565e6bd842e5',1746288317772,'LOGIN','60c7bf2d-f5e0-4e08-a856-b0a633bfdb40','{\"auth_method\":\"openid-connect\",\"auth_type\":\"code\",\"redirect_uri\":\"http://localhost/login\",\"consent\":\"no_consent_required\",\"code_id\":\"76a01f94-485a-40d0-9c19-565e6bd842e5\",\"username\":\"trainer1\"}'),('2a0cdb1b-a1c0-409c-8416-ac7a4d46dd8f','mytrainer2client',NULL,NULL,'172.18.0.1','e50ee46d-dbef-4c14-8389-4018de132723','4f5dcd2c-f257-4b3b-819f-c5a7bda07159',1746096249590,'LOGOUT','60c7bf2d-f5e0-4e08-a856-b0a633bfdb40','{\"redirect_uri\":\"com.mvfitness.mytrainer2client://logoutredirect\"}'),('2acaf7d6-8f1f-42e9-a0fd-6c2ae1e7a3cd','provisioning-client',NULL,NULL,'172.18.0.1','e50ee46d-dbef-4c14-8389-4018de132723','9b10419c-28ba-4d78-8905-712ea1c591cb',1745613313496,'CLIENT_LOGIN','2f2b1ea7-e8d3-47c8-af7c-67971f1c494a','{\"token_id\":\"b3867ce3-02ff-46fd-bdc2-ec6ed0377ebc\",\"grant_type\":\"client_credentials\",\"scope\":\"email profile\",\"client_auth_method\":\"client-secret\",\"username\":\"service-account-provisioning-client\"}'),('2b0b2a24-7d5b-430d-8460-ff942f173dae','mytrainer2client',NULL,NULL,'172.18.0.1','e50ee46d-dbef-4c14-8389-4018de132723','c2e59dfb-91b0-4079-ba50-442898ef1bc3',1748926404676,'CODE_TO_TOKEN','60c7bf2d-f5e0-4e08-a856-b0a633bfdb40','{\"token_id\":\"19e43f1a-c584-42e2-9cd6-5ac1988452fb\",\"grant_type\":\"authorization_code\",\"refresh_token_type\":\"Offline\",\"scope\":\"openid email offline_access profile\",\"refresh_token_id\":\"6d6d0f51-332c-4485-821a-becc782e5787\",\"code_id\":\"c2e59dfb-91b0-4079-ba50-442898ef1bc3\",\"client_auth_method\":\"client-secret\"}'),('2b8532f4-71e3-48c8-9e3e-69c0bb328f17','mytrainer2client',NULL,NULL,'172.18.0.1','e50ee46d-dbef-4c14-8389-4018de132723','65a6cba6-7736-41bd-a7dc-73b1ad4f8d7a',1748845157166,'LOGIN','60c7bf2d-f5e0-4e08-a856-b0a633bfdb40','{\"auth_method\":\"openid-connect\",\"auth_type\":\"code\",\"redirect_uri\":\"com.mvfitness.mytrainer2client://oauthredirect\",\"remember_me\":\"true\",\"consent\":\"no_consent_required\",\"code_id\":\"65a6cba6-7736-41bd-a7dc-73b1ad4f8d7a\",\"username\":\"trainer1\"}'),('2cab78b0-1105-405d-8840-caf2e44b34a1','mytrainer2client',NULL,'invalid_user_credentials','172.18.0.1','e50ee46d-dbef-4c14-8389-4018de132723',NULL,1746882738669,'LOGIN_ERROR','60c7bf2d-f5e0-4e08-a856-b0a633bfdb40','{\"auth_method\":\"openid-connect\",\"auth_type\":\"code\",\"redirect_uri\":\"com.mvfitness.mytrainer2client://oauthredirect\",\"code_id\":\"cfdc1397-ef79-4847-ac31-1a26390def91\",\"username\":\"trainer1\"}'),('2cb0fbfa-25f7-4253-8ee1-42555f24b03b','mytrainer2client',NULL,NULL,'172.18.0.1','e50ee46d-dbef-4c14-8389-4018de132723','f52d85b4-2f5a-4831-8512-af94e6fe7c5b',1746289235419,'LOGOUT','60c7bf2d-f5e0-4e08-a856-b0a633bfdb40','{\"redirect_uri\":\"com.mvfitness.mytrainer2client://logoutredirect\"}'),('2cb5d1d6-a33d-44d9-af42-96fe45112788','mytrainer2client',NULL,'user_not_found','172.18.0.1','e50ee46d-dbef-4c14-8389-4018de132723',NULL,1747852912991,'LOGIN_ERROR',NULL,'{\"auth_method\":\"openid-connect\",\"auth_type\":\"code\",\"redirect_uri\":\"com.mvfitness.mytrainer2client://oauthredirect\",\"code_id\":\"4b55905a-b358-479c-97e1-4d4fb6245d8e\",\"username\":\"ttrainer1\"}'),('2debe68a-546d-41fe-9c5d-141c77dcc7ad','mytrainer2client',NULL,NULL,'172.18.0.1','e50ee46d-dbef-4c14-8389-4018de132723',NULL,1745439756836,'CUSTOM_REQUIRED_ACTION','ef51fb99-e0b5-43c9-9ee9-7e763fc1bf30','{\"auth_method\":\"openid-connect\",\"custom_required_action\":\"TERMS_AND_CONDITIONS\",\"response_type\":\"id_token token\",\"redirect_uri\":\"http://localhost/login\",\"remember_me\":\"false\",\"code_id\":\"42f11d92-5cdf-418f-b8e5-e167f9b7ac1b\",\"response_mode\":\"fragment\",\"username\":\"trainer11\"}'),('2df64516-1635-433c-98d3-8bacd3cc812f','mytrainer2client',NULL,NULL,'172.18.0.1','e50ee46d-dbef-4c14-8389-4018de132723','bb10c7da-be19-486e-a4dd-cd7597e2ec65',1748244134625,'LOGIN','60c7bf2d-f5e0-4e08-a856-b0a633bfdb40','{\"auth_method\":\"openid-connect\",\"auth_type\":\"code\",\"redirect_uri\":\"com.mvfitness.mytrainer2client://oauthredirect\",\"consent\":\"no_consent_required\",\"code_id\":\"bb10c7da-be19-486e-a4dd-cd7597e2ec65\",\"username\":\"trainer1\"}'),('2e6870c8-f43c-48ab-98b6-487567d266e7','mytrainer2client',NULL,NULL,'172.18.0.1','e50ee46d-dbef-4c14-8389-4018de132723','deec188d-7e62-490d-95fe-af28b8e483c5',1751614279027,'LOGOUT','60c7bf2d-f5e0-4e08-a856-b0a633bfdb40','{\"redirect_uri\":\"http://localhost\"}'),('2e7e2fcc-885d-4991-a47f-1c6e65632cbe','mytrainer2client',NULL,NULL,'172.18.0.1','e50ee46d-dbef-4c14-8389-4018de132723','7f4caf45-2bac-4ac6-9050-9469f7dd1a8f',1746368914113,'LOGOUT','60c7bf2d-f5e0-4e08-a856-b0a633bfdb40','{\"redirect_uri\":\"http://localhost\"}'),('2ef76723-518a-4263-bf5c-9b2e1e65118a','mytrainer2client',NULL,NULL,'172.18.0.1','e50ee46d-dbef-4c14-8389-4018de132723',NULL,1745440519689,'IDENTITY_PROVIDER_FIRST_LOGIN',NULL,'{\"identity_provider\":\"google\",\"identity_provider_identity\":\"simeonov230@gmail.com\",\"code_id\":\"a3603ea1-b9a5-441e-a6e5-3ed97fefe4e3\"}'),('30eeae84-62f0-4752-9d98-8e0217f3bfdd','mytrainer2client',NULL,NULL,'172.18.0.1','e50ee46d-dbef-4c14-8389-4018de132723','cd2e7bc0-855b-4339-a47e-6548ab5dda76',1748064501498,'CODE_TO_TOKEN','60c7bf2d-f5e0-4e08-a856-b0a633bfdb40','{\"token_id\":\"d69f5407-d7b6-468d-89a0-2627426caf7d\",\"grant_type\":\"authorization_code\",\"refresh_token_type\":\"Refresh\",\"scope\":\"openid email profile\",\"refresh_token_id\":\"a7ef887b-5178-4f6e-a72b-90e403b332b2\",\"code_id\":\"cd2e7bc0-855b-4339-a47e-6548ab5dda76\",\"client_auth_method\":\"client-secret\"}'),('31032eb2-7d75-4a6f-b306-dfbf104c9245','mytrainer2client',NULL,NULL,'172.18.0.1','e50ee46d-dbef-4c14-8389-4018de132723','0d1d8970-3fd4-4284-a5f7-6df788268d94',1746089446734,'LOGIN','60c7bf2d-f5e0-4e08-a856-b0a633bfdb40','{\"auth_method\":\"openid-connect\",\"auth_type\":\"code\",\"response_type\":\"code\",\"redirect_uri\":\"com.mvfitness.mytrainer2client://callback\",\"consent\":\"no_consent_required\",\"code_id\":\"0d1d8970-3fd4-4284-a5f7-6df788268d94\",\"response_mode\":\"query\",\"username\":\"trainer1\"}'),('31170b03-8091-433e-8941-ab998a7c1481','mytrainer2client',NULL,NULL,'172.18.0.1','e50ee46d-dbef-4c14-8389-4018de132723','c8c4af8d-8b4d-4b77-be87-dcf0a93bc7e5',1746099400293,'LOGIN','60c7bf2d-f5e0-4e08-a856-b0a633bfdb40','{\"auth_method\":\"openid-connect\",\"auth_type\":\"code\",\"redirect_uri\":\"http://localhost/login\",\"consent\":\"no_consent_required\",\"code_id\":\"c8c4af8d-8b4d-4b77-be87-dcf0a93bc7e5\",\"username\":\"trainer1\"}'),('317e2dc7-fc2e-4e0f-a332-47c9f8a4c7c8','mytrainer2client',NULL,NULL,'172.18.0.1','e50ee46d-dbef-4c14-8389-4018de132723','0c9444fa-a3e1-4408-a6c0-256ef13f8512',1748435239433,'CODE_TO_TOKEN','60c7bf2d-f5e0-4e08-a856-b0a633bfdb40','{\"token_id\":\"ab1b64d2-b86c-4598-9bee-c59e8b262d5c\",\"grant_type\":\"authorization_code\",\"refresh_token_type\":\"Offline\",\"scope\":\"openid email offline_access profile\",\"refresh_token_id\":\"abd38234-26b7-4199-96fa-6a5f3bd5ef40\",\"code_id\":\"0c9444fa-a3e1-4408-a6c0-256ef13f8512\",\"client_auth_method\":\"client-secret\"}'),('31cc10dc-33d6-4cc2-910a-c05d2140a0ce','mytrainer2client',NULL,NULL,'172.18.0.1','e50ee46d-dbef-4c14-8389-4018de132723','4f9ab544-3417-4a3f-9d60-7aefe790a3e5',1746982672483,'CODE_TO_TOKEN','60c7bf2d-f5e0-4e08-a856-b0a633bfdb40','{\"token_id\":\"b30e436f-36d8-42ae-b8ae-75f58a7a3628\",\"grant_type\":\"authorization_code\",\"refresh_token_type\":\"Refresh\",\"scope\":\"openid email profile\",\"refresh_token_id\":\"9d7dcaf3-2355-452c-96bc-a80df34b7001\",\"code_id\":\"4f9ab544-3417-4a3f-9d60-7aefe790a3e5\",\"client_auth_method\":\"client-secret\"}'),('3241b921-a770-4a03-ab7f-5d7bc4933d5e','mytrainer2client',NULL,NULL,'172.18.0.1','e50ee46d-dbef-4c14-8389-4018de132723','31a329b6-bae2-4da8-b952-6c910e933919',1748848238332,'LOGIN','60c7bf2d-f5e0-4e08-a856-b0a633bfdb40','{\"auth_method\":\"openid-connect\",\"auth_type\":\"code\",\"redirect_uri\":\"com.mvfitness.mytrainer2client://oauthredirect\",\"remember_me\":\"true\",\"consent\":\"no_consent_required\",\"code_id\":\"31a329b6-bae2-4da8-b952-6c910e933919\",\"username\":\"trainer1\"}'),('32860bd4-a742-4083-a2f2-4717c6a079c7','mytrainer2client',NULL,NULL,'172.18.0.1','e50ee46d-dbef-4c14-8389-4018de132723','fbfd8a44-1b40-4492-96ae-f3d792074799',1748676173460,'LOGIN','60c7bf2d-f5e0-4e08-a856-b0a633bfdb40','{\"auth_method\":\"openid-connect\",\"auth_type\":\"code\",\"redirect_uri\":\"com.mvfitness.mytrainer2client://oauthredirect\",\"remember_me\":\"true\",\"consent\":\"no_consent_required\",\"code_id\":\"fbfd8a44-1b40-4492-96ae-f3d792074799\",\"username\":\"trainer1\"}'),('33e66ed2-9edb-4d7d-85c5-e8f9b07f6c08','mytrainer2client',NULL,NULL,'172.18.0.1','e50ee46d-dbef-4c14-8389-4018de132723','f18b9682-b0ca-4269-9ab2-b39a8ebc844e',1746522476054,'LOGIN','60c7bf2d-f5e0-4e08-a856-b0a633bfdb40','{\"auth_method\":\"openid-connect\",\"auth_type\":\"code\",\"response_type\":\"code\",\"redirect_uri\":\"com.mvfitness.mytrainer2client://oauthredirect\",\"consent\":\"no_consent_required\",\"code_id\":\"f18b9682-b0ca-4269-9ab2-b39a8ebc844e\",\"response_mode\":\"query\",\"username\":\"trainer1\"}'),('3571ff02-37ed-452c-ba30-8791d213ae10','mytrainer2client',NULL,NULL,'172.18.0.1','e50ee46d-dbef-4c14-8389-4018de132723','9caf7a1a-b474-4270-b26a-5cd9c07f6085',1746096089874,'CODE_TO_TOKEN','60c7bf2d-f5e0-4e08-a856-b0a633bfdb40','{\"token_id\":\"15f49040-cbab-479d-b0eb-3261cadbf0ef\",\"grant_type\":\"authorization_code\",\"refresh_token_type\":\"Refresh\",\"scope\":\"openid email profile\",\"refresh_token_id\":\"ee03a572-816c-4808-8231-cf0c69256d01\",\"code_id\":\"9caf7a1a-b474-4270-b26a-5cd9c07f6085\",\"client_auth_method\":\"client-secret\"}'),('3630e52e-8d48-443a-8e8e-3bd19bedf3cf','mytrainer2client',NULL,'session_expired','172.18.0.1','e50ee46d-dbef-4c14-8389-4018de132723',NULL,1746888520998,'LOGOUT_ERROR',NULL,NULL),('369efc57-44a8-4572-8c88-2c7786bb6922','mytrainer2client',NULL,NULL,'172.18.0.1','e50ee46d-dbef-4c14-8389-4018de132723','deec188d-7e62-490d-95fe-af28b8e483c5',1751614199578,'LOGIN','60c7bf2d-f5e0-4e08-a856-b0a633bfdb40','{\"auth_method\":\"openid-connect\",\"auth_type\":\"code\",\"redirect_uri\":\"http://localhost:57506/login\",\"consent\":\"no_consent_required\",\"code_id\":\"deec188d-7e62-490d-95fe-af28b8e483c5\",\"username\":\"trainer1\"}'),('36b2fa0d-03f0-4b2f-85e5-758803d6b454','mytrainer2client',NULL,'session_expired','172.18.0.1','e50ee46d-dbef-4c14-8389-4018de132723',NULL,1745679913533,'LOGOUT_ERROR',NULL,NULL),('3773650a-1c62-44f3-b346-0ca0212d419c','mytrainer2client',NULL,NULL,'172.18.0.1','e50ee46d-dbef-4c14-8389-4018de132723','2eadd392-9a81-4401-af6e-8faa274dd834',1748180302894,'LOGIN','60c7bf2d-f5e0-4e08-a856-b0a633bfdb40','{\"auth_method\":\"openid-connect\",\"auth_type\":\"code\",\"redirect_uri\":\"com.mvfitness.mytrainer2client://oauthredirect\",\"remember_me\":\"true\",\"consent\":\"no_consent_required\",\"code_id\":\"2eadd392-9a81-4401-af6e-8faa274dd834\",\"username\":\"trainer1\"}'),('378abe83-2560-48b5-8533-eff492ffc39b','mytrainer2client',NULL,NULL,'172.18.0.1','e50ee46d-dbef-4c14-8389-4018de132723','3292f2df-47fd-463f-8449-cc774a092377',1748171438652,'CODE_TO_TOKEN','60c7bf2d-f5e0-4e08-a856-b0a633bfdb40','{\"token_id\":\"dc4e1f4a-cfa0-4809-9fe0-d88db8febb4a\",\"grant_type\":\"authorization_code\",\"refresh_token_type\":\"Refresh\",\"scope\":\"openid email profile\",\"refresh_token_id\":\"7fd607f1-1e68-498c-811e-d3f0ccf6f211\",\"code_id\":\"3292f2df-47fd-463f-8449-cc774a092377\",\"client_auth_method\":\"client-secret\"}'),('383d3945-f76c-44b3-bf6c-7ac44e1c0b43','mytrainer2client',NULL,NULL,'172.18.0.1','e50ee46d-dbef-4c14-8389-4018de132723','1f261938-7bc7-4169-88ae-a7de0a0e2f2d',1746519580761,'LOGIN','60c7bf2d-f5e0-4e08-a856-b0a633bfdb40','{\"auth_method\":\"openid-connect\",\"auth_type\":\"code\",\"redirect_uri\":\"com.mvfitness.mytrainer2client://oauthredirect\",\"consent\":\"no_consent_required\",\"code_id\":\"1f261938-7bc7-4169-88ae-a7de0a0e2f2d\",\"username\":\"trainer1\"}'),('383ff705-253c-41a3-b0b2-7835d12623ef','mytrainer2client',NULL,NULL,'172.18.0.1','e50ee46d-dbef-4c14-8389-4018de132723','1f261938-7bc7-4169-88ae-a7de0a0e2f2d',1746519581522,'CODE_TO_TOKEN','60c7bf2d-f5e0-4e08-a856-b0a633bfdb40','{\"token_id\":\"b858b0a8-ca3a-4617-b871-33f66d84800c\",\"grant_type\":\"authorization_code\",\"refresh_token_type\":\"Refresh\",\"scope\":\"openid email profile\",\"refresh_token_id\":\"d3903f2b-b5a7-410f-8437-c59e625b9450\",\"code_id\":\"1f261938-7bc7-4169-88ae-a7de0a0e2f2d\",\"client_auth_method\":\"client-secret\"}'),('38590f6c-d31b-4596-abdc-443de1e64b87','mytrainer2client',NULL,'user_not_found','172.18.0.1','e50ee46d-dbef-4c14-8389-4018de132723',NULL,1746088695943,'LOGIN_ERROR',NULL,'{\"auth_method\":\"openid-connect\",\"auth_type\":\"code\",\"redirect_uri\":\"http://localhost/login\",\"code_id\":\"81b74108-401d-49d6-a074-eb529cc4cc81\",\"username\":\"admin\"}'),('388b3001-0e9c-4d8c-b1fd-64d148846a09','mytrainer2client',NULL,'consent_denied','172.18.0.1','e50ee46d-dbef-4c14-8389-4018de132723',NULL,1745612581193,'LOGIN_ERROR',NULL,'{\"reason\":\"Client requires user consent\",\"auth_method\":\"oauth_credentials\",\"grant_type\":\"password\",\"client_auth_method\":\"client-secret\"}'),('3960002a-ccac-4d03-a633-96f0e7002885','mytrainer2client',NULL,NULL,'172.18.0.1','e50ee46d-dbef-4c14-8389-4018de132723','8df57769-e869-4bfd-a9b7-a46316ed2b9b',1748247260370,'CODE_TO_TOKEN','60c7bf2d-f5e0-4e08-a856-b0a633bfdb40','{\"token_id\":\"ded9c25f-47dc-41e8-866a-e22b83a3ef71\",\"grant_type\":\"authorization_code\",\"refresh_token_type\":\"Offline\",\"scope\":\"openid email offline_access profile\",\"refresh_token_id\":\"3446a075-9082-4436-8b9b-69878513e9dc\",\"code_id\":\"8df57769-e869-4bfd-a9b7-a46316ed2b9b\",\"client_auth_method\":\"client-secret\"}'),('39836a42-bcdb-4caf-bb51-233faf0e44c9','mytrainer2client',NULL,'session_expired','172.18.0.1','e50ee46d-dbef-4c14-8389-4018de132723',NULL,1746289078652,'LOGOUT_ERROR',NULL,NULL),('3988585b-2a89-48b2-8040-8c3659272901','mytrainer2client',NULL,'invalid_redirect_uri','172.18.0.1','e50ee46d-dbef-4c14-8389-4018de132723',NULL,1745734686381,'LOGIN_ERROR',NULL,'{\"redirect_uri\":\"com.example.app://oauthredirect\"}'),('3b916562-d6e9-491a-9b87-187f81d68db3','mytrainer2client',NULL,NULL,'172.18.0.1','e50ee46d-dbef-4c14-8389-4018de132723','201ad2f9-c280-45cf-b540-73b6adb47a10',1746041356307,'LOGIN','60c7bf2d-f5e0-4e08-a856-b0a633bfdb40','{\"auth_method\":\"openid-connect\",\"auth_type\":\"code\",\"redirect_uri\":\"com.mvfitness.mytrainer2client://oauthredirect\",\"consent\":\"no_consent_required\",\"code_id\":\"201ad2f9-c280-45cf-b540-73b6adb47a10\",\"username\":\"trainer1\"}'),('3b986754-56a1-413c-95fe-ce00cf4186e9','mytrainer2client',NULL,NULL,'172.18.0.1','e50ee46d-dbef-4c14-8389-4018de132723','8df57769-e869-4bfd-a9b7-a46316ed2b9b',1748247259982,'LOGIN','60c7bf2d-f5e0-4e08-a856-b0a633bfdb40','{\"auth_method\":\"openid-connect\",\"auth_type\":\"code\",\"redirect_uri\":\"com.mvfitness.mytrainer2client://oauthredirect\",\"remember_me\":\"true\",\"consent\":\"no_consent_required\",\"code_id\":\"8df57769-e869-4bfd-a9b7-a46316ed2b9b\",\"username\":\"trainer1\"}'),('3c29141a-3447-46cf-8264-1667ac1c05fe','mytrainer2client',NULL,NULL,'172.18.0.1','e50ee46d-dbef-4c14-8389-4018de132723','2fdb132d-a61a-4ab6-b30d-eb5096716137',1748845133862,'LOGIN','60c7bf2d-f5e0-4e08-a856-b0a633bfdb40','{\"auth_method\":\"openid-connect\",\"auth_type\":\"code\",\"redirect_uri\":\"com.mvfitness.mytrainer2client://oauthredirect\",\"remember_me\":\"true\",\"consent\":\"no_consent_required\",\"code_id\":\"2fdb132d-a61a-4ab6-b30d-eb5096716137\",\"username\":\"trainer1\"}'),('3d20491d-c57f-481f-9d4d-85e538c0cb7c','mytrainer2client',NULL,NULL,'172.18.0.1','e50ee46d-dbef-4c14-8389-4018de132723','67329fa8-7f18-4b42-b3c4-378c2046a792',1748065989686,'LOGIN','60c7bf2d-f5e0-4e08-a856-b0a633bfdb40','{\"auth_method\":\"openid-connect\",\"auth_type\":\"code\",\"response_type\":\"code\",\"redirect_uri\":\"com.mvfitness.mytrainer2client://oauthredirect\",\"consent\":\"no_consent_required\",\"code_id\":\"67329fa8-7f18-4b42-b3c4-378c2046a792\",\"response_mode\":\"query\",\"username\":\"trainer1\"}'),('3d51af41-2e36-435c-8a7a-6ef43e8a75a7','mytrainer2client',NULL,NULL,'172.18.0.1','e50ee46d-dbef-4c14-8389-4018de132723','faf6a09b-35bc-495a-8c56-aa882657e42b',1745730562673,'LOGIN','60c7bf2d-f5e0-4e08-a856-b0a633bfdb40','{\"auth_method\":\"openid-connect\",\"auth_type\":\"code\",\"redirect_uri\":\"http://localhost/login\",\"consent\":\"no_consent_required\",\"code_id\":\"faf6a09b-35bc-495a-8c56-aa882657e42b\",\"username\":\"trainer1\"}'),('3da52012-9315-46e9-8cc8-73dcad829103','mytrainer2client',NULL,NULL,'172.18.0.1','e50ee46d-dbef-4c14-8389-4018de132723','65a6cba6-7736-41bd-a7dc-73b1ad4f8d7a',1748845158118,'CODE_TO_TOKEN','60c7bf2d-f5e0-4e08-a856-b0a633bfdb40','{\"token_id\":\"7f0dfb3e-3a58-48d6-9424-e27e8e96d4a8\",\"grant_type\":\"authorization_code\",\"refresh_token_type\":\"Offline\",\"scope\":\"openid email offline_access profile\",\"refresh_token_id\":\"4bcc911c-6507-4ac2-9044-55baa8c174e2\",\"code_id\":\"65a6cba6-7736-41bd-a7dc-73b1ad4f8d7a\",\"client_auth_method\":\"client-secret\"}'),('3ddeaa5b-2c0b-4c74-8ead-da5db4c1668f','mytrainer2client',NULL,NULL,'172.18.0.1','e50ee46d-dbef-4c14-8389-4018de132723','3292f2df-47fd-463f-8449-cc774a092377',1748171435963,'CODE_TO_TOKEN','60c7bf2d-f5e0-4e08-a856-b0a633bfdb40','{\"token_id\":\"57ace1d7-63e9-42da-833d-713daf0ad6d5\",\"grant_type\":\"authorization_code\",\"refresh_token_type\":\"Refresh\",\"scope\":\"openid email profile\",\"refresh_token_id\":\"03b6262e-775f-416f-8090-b3d10fa5e9cf\",\"code_id\":\"3292f2df-47fd-463f-8449-cc774a092377\",\"client_auth_method\":\"client-secret\"}'),('3e4ad553-43fe-4b24-9337-6e252ec3d572','mytrainer2client',NULL,NULL,'172.18.0.1','e50ee46d-dbef-4c14-8389-4018de132723','e25a3320-42e9-466f-9efc-31ca298b0e48',1749580316283,'LOGIN','60c7bf2d-f5e0-4e08-a856-b0a633bfdb40','{\"auth_method\":\"openid-connect\",\"auth_type\":\"code\",\"redirect_uri\":\"http://localhost/login\",\"consent\":\"no_consent_required\",\"code_id\":\"e25a3320-42e9-466f-9efc-31ca298b0e48\",\"username\":\"trainer1\"}'),('3e4ba080-383e-46a6-8004-8ae4fbba1fd7','mytrainer2client',NULL,NULL,'172.18.0.1','e50ee46d-dbef-4c14-8389-4018de132723','cf35811b-d454-414e-a515-a0b1c13f91a6',1745867216007,'LOGIN','60c7bf2d-f5e0-4e08-a856-b0a633bfdb40','{\"auth_method\":\"openid-connect\",\"auth_type\":\"code\",\"redirect_uri\":\"http://localhost/login\",\"consent\":\"no_consent_required\",\"code_id\":\"cf35811b-d454-414e-a515-a0b1c13f91a6\",\"username\":\"trainer1\"}'),('3ea66606-43f2-4a7c-8726-922325ff5045','mytrainer2client',NULL,NULL,'172.18.0.1','e50ee46d-dbef-4c14-8389-4018de132723',NULL,1745441649022,'REGISTER','c24c3776-c1c9-4761-ab43-25be8e927ec6','{\"identity_provider\":\"google\",\"register_method\":\"broker\",\"identity_provider_identity\":\"simeonov230@gmail.com\",\"code_id\":\"84937408-fdcb-4e0f-8efc-9c4a6534a33f\",\"email\":\"simeonov230@gmail.com\",\"username\":\"simeonov230@gmail.com\"}'),('407b2c56-3808-4675-9fdc-e305c3307427','mytrainer2client',NULL,NULL,'172.18.0.1','e50ee46d-dbef-4c14-8389-4018de132723','d7bff202-a23c-4a22-a84f-1a11c7296de0',1748426951181,'CODE_TO_TOKEN','60c7bf2d-f5e0-4e08-a856-b0a633bfdb40','{\"token_id\":\"abf56906-929a-4011-9b3b-487bd9f38e2e\",\"grant_type\":\"authorization_code\",\"refresh_token_type\":\"Offline\",\"scope\":\"openid email offline_access profile\",\"refresh_token_id\":\"8ddf2ce5-616c-49c1-a35f-b655b7b39a08\",\"code_id\":\"d7bff202-a23c-4a22-a84f-1a11c7296de0\",\"client_auth_method\":\"client-secret\"}'),('40964c17-ab1b-4f69-be30-1731856a3770','mytrainer2client',NULL,NULL,'172.18.0.1','e50ee46d-dbef-4c14-8389-4018de132723','21b517a6-4bc3-4491-8806-26691e3c5d06',1748441584142,'CODE_TO_TOKEN','60c7bf2d-f5e0-4e08-a856-b0a633bfdb40','{\"token_id\":\"db45b292-b40b-4ced-a3b0-a439d4988a43\",\"grant_type\":\"authorization_code\",\"refresh_token_type\":\"Offline\",\"scope\":\"openid email offline_access profile\",\"refresh_token_id\":\"755c81c1-0b5f-44fb-b7bb-43d2c40180d2\",\"code_id\":\"21b517a6-4bc3-4491-8806-26691e3c5d06\",\"client_auth_method\":\"client-secret\"}'),('40c01a15-95ff-41bd-aea7-1f875c4f4403','mytrainer2client',NULL,NULL,'172.18.0.1','e50ee46d-dbef-4c14-8389-4018de132723','30150521-9139-4735-81cb-b45bcb86def8',1746369119611,'CODE_TO_TOKEN','60c7bf2d-f5e0-4e08-a856-b0a633bfdb40','{\"token_id\":\"d5b51d06-af63-460b-8f2a-e74c3caed258\",\"grant_type\":\"authorization_code\",\"refresh_token_type\":\"Refresh\",\"scope\":\"openid email profile\",\"refresh_token_id\":\"100f03d6-2766-4b80-ae36-66864ec3510d\",\"code_id\":\"30150521-9139-4735-81cb-b45bcb86def8\",\"client_auth_method\":\"client-secret\"}'),('40f6d5e7-d1e5-434a-9b45-9c11e5887fce','mytrainer2client',NULL,NULL,'172.18.0.1','e50ee46d-dbef-4c14-8389-4018de132723','39fd495e-af69-45b1-9bbe-f073545b1d5e',1748247978960,'CODE_TO_TOKEN','60c7bf2d-f5e0-4e08-a856-b0a633bfdb40','{\"token_id\":\"3cc62bad-28c4-4166-9115-2663e0347077\",\"grant_type\":\"authorization_code\",\"refresh_token_type\":\"Offline\",\"scope\":\"openid email offline_access profile\",\"refresh_token_id\":\"eb1c90fb-1c8b-4778-9ab7-688bf67931fa\",\"code_id\":\"39fd495e-af69-45b1-9bbe-f073545b1d5e\",\"client_auth_method\":\"client-secret\"}'),('41431b8e-b78c-40bd-8463-c287c2cfb73c','mytrainer2client',NULL,'session_expired','172.18.0.1','e50ee46d-dbef-4c14-8389-4018de132723',NULL,1745611799546,'LOGOUT_ERROR',NULL,NULL),('419c8f25-4ad3-4af2-bf14-1f7ff56cd73f','mytrainer2client',NULL,NULL,'172.18.0.1','e50ee46d-dbef-4c14-8389-4018de132723','68aaf70d-e9f3-434e-9fb1-f6603547cc98',1748178855632,'LOGOUT','60c7bf2d-f5e0-4e08-a856-b0a633bfdb40','{\"redirect_uri\":\"com.mvfitness.mytrainer2client://logoutredirect\"}'),('41d8cdb6-530b-45a2-bfed-be68faa06408','mytrainer2client',NULL,NULL,'172.18.0.1','e50ee46d-dbef-4c14-8389-4018de132723','35a0dd0f-e3de-4059-95fa-a6fbf050c9db',1748432340813,'CODE_TO_TOKEN','60c7bf2d-f5e0-4e08-a856-b0a633bfdb40','{\"token_id\":\"60baea86-1229-40a4-9ac6-59e859b77fef\",\"grant_type\":\"authorization_code\",\"refresh_token_type\":\"Offline\",\"scope\":\"openid email offline_access profile\",\"refresh_token_id\":\"21773254-9672-4129-8ef2-ff70e18585de\",\"code_id\":\"35a0dd0f-e3de-4059-95fa-a6fbf050c9db\",\"client_auth_method\":\"client-secret\"}'),('429d97d9-b24e-4e6f-a6ad-59d455cb05d1','mytrainer2client',NULL,NULL,'172.18.0.1','e50ee46d-dbef-4c14-8389-4018de132723','30150521-9139-4735-81cb-b45bcb86def8',1746369639781,'LOGOUT','60c7bf2d-f5e0-4e08-a856-b0a633bfdb40','{\"redirect_uri\":\"com.mvfitness.mytrainer2client://logoutredirect\"}'),('443e215f-d07a-499f-a6e4-7db29ca38099','mytrainer2client',NULL,'session_expired','172.18.0.1','e50ee46d-dbef-4c14-8389-4018de132723',NULL,1749583092545,'LOGOUT_ERROR',NULL,NULL),('445b31a8-1c80-49a1-9ee3-9d6ef90ea0ea','mytrainer2client',NULL,NULL,'172.18.0.1','e50ee46d-dbef-4c14-8389-4018de132723','0d1f48d2-9b4d-4ebd-81ab-b1b5f643aed6',1751614752043,'LOGIN','60c7bf2d-f5e0-4e08-a856-b0a633bfdb40','{\"auth_method\":\"openid-connect\",\"auth_type\":\"code\",\"redirect_uri\":\"http://localhost/login\",\"remember_me\":\"true\",\"consent\":\"no_consent_required\",\"code_id\":\"0d1f48d2-9b4d-4ebd-81ab-b1b5f643aed6\",\"username\":\"trainer1\"}'),('445f27a5-2fb3-47d8-bfa9-9aa393659b0d','mytrainer2client',NULL,NULL,'172.18.0.1','e50ee46d-dbef-4c14-8389-4018de132723','9caf7a1a-b474-4270-b26a-5cd9c07f6085',1746096084500,'LOGIN','60c7bf2d-f5e0-4e08-a856-b0a633bfdb40','{\"auth_method\":\"openid-connect\",\"auth_type\":\"code\",\"response_type\":\"code\",\"redirect_uri\":\"com.mvfitness.mytrainer2client://oauthredirect\",\"consent\":\"no_consent_required\",\"code_id\":\"9caf7a1a-b474-4270-b26a-5cd9c07f6085\",\"response_mode\":\"query\",\"username\":\"trainer1\"}'),('449a3b7d-15d1-4274-b1e8-d7c9913a0631','mytrainer2client',NULL,NULL,'172.18.0.1','e50ee46d-dbef-4c14-8389-4018de132723','52825023-5d64-4d64-b738-c76b3bb4a992',1748429106358,'LOGIN','60c7bf2d-f5e0-4e08-a856-b0a633bfdb40','{\"auth_method\":\"openid-connect\",\"auth_type\":\"code\",\"redirect_uri\":\"com.mvfitness.mytrainer2client://oauthredirect\",\"remember_me\":\"true\",\"consent\":\"no_consent_required\",\"code_id\":\"52825023-5d64-4d64-b738-c76b3bb4a992\",\"username\":\"trainer1\"}'),('44d76cb6-e072-404e-9f58-c1312841517f','mytrainer2client',NULL,NULL,'172.18.0.1','e50ee46d-dbef-4c14-8389-4018de132723','b63e9a52-6a95-4f5d-8910-768608551d8b',1748072393944,'LOGOUT','60c7bf2d-f5e0-4e08-a856-b0a633bfdb40','{\"redirect_uri\":\"com.mvfitness.mytrainer2client://logoutredirect\"}'),('462e6177-0296-47cf-99e7-50c023aad040','mytrainer2client',NULL,NULL,'172.18.0.1','e50ee46d-dbef-4c14-8389-4018de132723','3594556b-2edd-4f43-be68-c5c952d0c394',1748430727138,'CODE_TO_TOKEN','60c7bf2d-f5e0-4e08-a856-b0a633bfdb40','{\"token_id\":\"1341596b-c223-4f24-9690-a2496dd3ab7b\",\"grant_type\":\"authorization_code\",\"refresh_token_type\":\"Offline\",\"scope\":\"openid email offline_access profile\",\"refresh_token_id\":\"8970263f-c418-4440-989b-a80624cf80cf\",\"code_id\":\"3594556b-2edd-4f43-be68-c5c952d0c394\",\"client_auth_method\":\"client-secret\"}'),('469432b5-fb55-4ffd-94d5-d792a81733f7','mytrainer2client',NULL,NULL,'172.18.0.1','e50ee46d-dbef-4c14-8389-4018de132723','07e53883-4262-4741-a08c-6c4d63ab993c',1748428706608,'CODE_TO_TOKEN','60c7bf2d-f5e0-4e08-a856-b0a633bfdb40','{\"token_id\":\"99c7cd87-f325-4f57-a25a-114ce3c09389\",\"grant_type\":\"authorization_code\",\"refresh_token_type\":\"Offline\",\"scope\":\"openid email offline_access profile\",\"refresh_token_id\":\"e308240e-c948-437b-ba1d-6d756abc75b7\",\"code_id\":\"07e53883-4262-4741-a08c-6c4d63ab993c\",\"client_auth_method\":\"client-secret\"}'),('473330ad-bcd0-4fc5-9d68-edbd74f897db','mytrainer2client',NULL,NULL,'172.18.0.1','e50ee46d-dbef-4c14-8389-4018de132723','5fc97890-1080-49fb-9c4e-f7ac9b17add6',1748433034045,'LOGIN','60c7bf2d-f5e0-4e08-a856-b0a633bfdb40','{\"auth_method\":\"openid-connect\",\"auth_type\":\"code\",\"redirect_uri\":\"com.mvfitness.mytrainer2client://oauthredirect\",\"remember_me\":\"true\",\"consent\":\"no_consent_required\",\"code_id\":\"5fc97890-1080-49fb-9c4e-f7ac9b17add6\",\"username\":\"trainer1\"}'),('47697316-4592-4e1b-b816-a39482c1419b','mytrainer2client',NULL,NULL,'172.18.0.1','e50ee46d-dbef-4c14-8389-4018de132723','23cea48a-8fb4-4bd9-ad3b-2a734d60b254',1748429603458,'LOGIN','60c7bf2d-f5e0-4e08-a856-b0a633bfdb40','{\"auth_method\":\"openid-connect\",\"auth_type\":\"code\",\"redirect_uri\":\"com.mvfitness.mytrainer2client://oauthredirect\",\"remember_me\":\"true\",\"consent\":\"no_consent_required\",\"code_id\":\"23cea48a-8fb4-4bd9-ad3b-2a734d60b254\",\"username\":\"trainer1\"}'),('4783a35c-052d-4ad0-8050-78fd12f50964','mytrainer2client',NULL,NULL,'172.18.0.1','e50ee46d-dbef-4c14-8389-4018de132723','e9e9463c-8ef2-4600-9761-56267a25778f',1746092544292,'LOGIN','60c7bf2d-f5e0-4e08-a856-b0a633bfdb40','{\"auth_method\":\"openid-connect\",\"auth_type\":\"code\",\"redirect_uri\":\"http://localhost:58694/login\",\"consent\":\"no_consent_required\",\"code_id\":\"e9e9463c-8ef2-4600-9761-56267a25778f\",\"username\":\"trainer1\"}'),('481fc180-f922-46c7-8679-5c0d54951421','mytrainer2client',NULL,NULL,'172.18.0.1','e50ee46d-dbef-4c14-8389-4018de132723','e57b7f43-7ced-4212-917b-7beeddd0dd3c',1746096827335,'LOGIN','60c7bf2d-f5e0-4e08-a856-b0a633bfdb40','{\"auth_method\":\"openid-connect\",\"auth_type\":\"code\",\"redirect_uri\":\"com.mvfitness.mytrainer2client://oauthredirect\",\"consent\":\"no_consent_required\",\"code_id\":\"e57b7f43-7ced-4212-917b-7beeddd0dd3c\",\"username\":\"trainer1\"}'),('48a329c8-17d5-457c-b37c-bb21142ba81e','mytrainer2client',NULL,NULL,'172.18.0.1','e50ee46d-dbef-4c14-8389-4018de132723','c1e70e67-bfff-4328-883b-03597e813712',1751614352771,'LOGIN','60c7bf2d-f5e0-4e08-a856-b0a633bfdb40','{\"auth_method\":\"openid-connect\",\"auth_type\":\"code\",\"redirect_uri\":\"http://localhost:57506/login\",\"consent\":\"no_consent_required\",\"code_id\":\"c1e70e67-bfff-4328-883b-03597e813712\",\"username\":\"trainer1\"}'),('48f78555-c88d-4ffb-bc8a-35d902b43c75','mytrainer2client',NULL,NULL,'172.18.0.1','e50ee46d-dbef-4c14-8389-4018de132723','9e1d5860-5358-4ecf-ad5b-cd0aeb9862be',1748063746421,'CODE_TO_TOKEN','60c7bf2d-f5e0-4e08-a856-b0a633bfdb40','{\"token_id\":\"459271a7-84ce-48a7-aa9b-a01ebab1d79a\",\"grant_type\":\"authorization_code\",\"refresh_token_type\":\"Refresh\",\"scope\":\"openid email profile\",\"refresh_token_id\":\"be9fc83e-2530-4361-ab9e-78c3b96fc2bd\",\"code_id\":\"9e1d5860-5358-4ecf-ad5b-cd0aeb9862be\",\"client_auth_method\":\"client-secret\"}'),('49a40e55-4d4b-4084-b999-0fb431bec9c7','mytrainer2client',NULL,NULL,'172.18.0.1','e50ee46d-dbef-4c14-8389-4018de132723','b0489e37-a3ab-4b61-8ff4-dbfef9d77049',1746091425780,'LOGIN','60c7bf2d-f5e0-4e08-a856-b0a633bfdb40','{\"auth_method\":\"openid-connect\",\"auth_type\":\"code\",\"response_type\":\"id_token token\",\"redirect_uri\":\"http://localhost:56969/login\",\"consent\":\"no_consent_required\",\"code_id\":\"b0489e37-a3ab-4b61-8ff4-dbfef9d77049\",\"response_mode\":\"fragment\",\"username\":\"trainer1\"}'),('4a3414c0-ba11-4913-9875-ba0442c75ff9','mytrainer2client',NULL,NULL,'172.18.0.1','e50ee46d-dbef-4c14-8389-4018de132723','e3cd283c-0180-4658-a182-7b63da6145cf',1748433127040,'CODE_TO_TOKEN','60c7bf2d-f5e0-4e08-a856-b0a633bfdb40','{\"token_id\":\"6c880c7e-d5f8-4478-96ca-51a02761d856\",\"grant_type\":\"authorization_code\",\"refresh_token_type\":\"Offline\",\"scope\":\"openid email offline_access profile\",\"refresh_token_id\":\"e3a4be99-b6e0-4406-a952-2acc81bced92\",\"code_id\":\"e3cd283c-0180-4658-a182-7b63da6145cf\",\"client_auth_method\":\"client-secret\"}'),('4a49a824-bf8c-4032-a3f1-7c74dae7b355','mytrainer2client',NULL,NULL,'172.18.0.1','e50ee46d-dbef-4c14-8389-4018de132723','99b4dcfe-d654-4cce-b6e6-e39a2189b1c1',1746983085268,'CODE_TO_TOKEN','60c7bf2d-f5e0-4e08-a856-b0a633bfdb40','{\"token_id\":\"6bc63ce7-83c4-4d6e-b160-6e5271091f42\",\"grant_type\":\"authorization_code\",\"refresh_token_type\":\"Refresh\",\"scope\":\"openid email profile\",\"refresh_token_id\":\"c86680a6-e09c-4ebf-9d99-a44353ba24c9\",\"code_id\":\"99b4dcfe-d654-4cce-b6e6-e39a2189b1c1\",\"client_auth_method\":\"client-secret\"}'),('4a56ca45-fcaa-421f-89c1-cdb2aa23d712','mytrainer2client',NULL,NULL,'172.18.0.1','e50ee46d-dbef-4c14-8389-4018de132723','201ad2f9-c280-45cf-b540-73b6adb47a10',1746042340448,'LOGIN','60c7bf2d-f5e0-4e08-a856-b0a633bfdb40','{\"auth_method\":\"openid-connect\",\"auth_type\":\"code\",\"response_type\":\"code\",\"redirect_uri\":\"com.mvfitness.mytrainer2client://oauthredirect\",\"consent\":\"no_consent_required\",\"code_id\":\"201ad2f9-c280-45cf-b540-73b6adb47a10\",\"response_mode\":\"query\",\"username\":\"trainer1\"}'),('4a81b03b-8899-4073-a437-be7a0d2c1a57','provisioning-client',NULL,NULL,'172.18.0.1','e50ee46d-dbef-4c14-8389-4018de132723','896a5da9-fee5-4381-ad3d-1edbfbc8d747',1745611377754,'CLIENT_LOGIN','2f2b1ea7-e8d3-47c8-af7c-67971f1c494a','{\"token_id\":\"9d5d190e-015e-451b-90b9-ff54b8475dc8\",\"grant_type\":\"client_credentials\",\"scope\":\"email profile\",\"client_auth_method\":\"client-secret\",\"username\":\"service-account-provisioning-client\"}'),('4b8d9ec2-da3a-4502-824c-6b112745ce8a','mytrainer2client',NULL,NULL,'172.18.0.1','e50ee46d-dbef-4c14-8389-4018de132723','15ddd8c7-2df9-47ff-ae8e-5795490da733',1748440147354,'CODE_TO_TOKEN','60c7bf2d-f5e0-4e08-a856-b0a633bfdb40','{\"token_id\":\"ff482f5c-23d5-4a17-9849-3826a85c5349\",\"grant_type\":\"authorization_code\",\"refresh_token_type\":\"Offline\",\"scope\":\"openid email offline_access profile\",\"refresh_token_id\":\"3a822077-30c6-4396-87b9-18cf89f47a83\",\"code_id\":\"15ddd8c7-2df9-47ff-ae8e-5795490da733\",\"client_auth_method\":\"client-secret\"}'),('4c064c00-fdbf-47f0-b698-4514e5d1bcdc','mytrainer2client',NULL,NULL,'172.18.0.1','e50ee46d-dbef-4c14-8389-4018de132723','67329fa8-7f18-4b42-b3c4-378c2046a792',1748067403731,'LOGOUT','60c7bf2d-f5e0-4e08-a856-b0a633bfdb40','{\"redirect_uri\":\"com.mvfitness.mytrainer2client://logoutredirect\"}'),('4c59d9e1-70b3-4a57-a2d0-5aa843806d70','mytrainer2client',NULL,NULL,'172.18.0.1','e50ee46d-dbef-4c14-8389-4018de132723','21f11c1a-31c2-48e0-b889-050d3752951e',1748065344702,'LOGOUT','60c7bf2d-f5e0-4e08-a856-b0a633bfdb40','{\"redirect_uri\":\"com.mvfitness.mytrainer2client://logoutredirect\"}'),('4cc33b31-dc4d-41e0-b9c0-ebad7df901f6','mytrainer2client',NULL,NULL,'172.18.0.1','e50ee46d-dbef-4c14-8389-4018de132723','7775fbbe-abc5-458c-89f8-25be8d6e8d7d',1746519081337,'CODE_TO_TOKEN','60c7bf2d-f5e0-4e08-a856-b0a633bfdb40','{\"token_id\":\"2a1dca77-fe5f-46c9-b9be-4fb6ed4cbf7f\",\"grant_type\":\"authorization_code\",\"refresh_token_type\":\"Refresh\",\"scope\":\"openid email profile\",\"refresh_token_id\":\"e04332d8-6ba8-46ad-9a27-3f5cbd165d7f\",\"code_id\":\"7775fbbe-abc5-458c-89f8-25be8d6e8d7d\",\"client_auth_method\":\"client-secret\"}'),('4cd9f78a-b436-4ec6-b6ed-26a0b4b6bb3a','mytrainer2client',NULL,NULL,'172.18.0.1','e50ee46d-dbef-4c14-8389-4018de132723','081648eb-217f-4262-9e9c-75bd64bd592b',1748179799165,'LOGIN','60c7bf2d-f5e0-4e08-a856-b0a633bfdb40','{\"auth_method\":\"openid-connect\",\"auth_type\":\"code\",\"response_type\":\"code\",\"redirect_uri\":\"com.mvfitness.mytrainer2client://oauthredirect\",\"consent\":\"no_consent_required\",\"code_id\":\"081648eb-217f-4262-9e9c-75bd64bd592b\",\"response_mode\":\"query\",\"username\":\"trainer1\"}'),('4dac98cf-b7e7-4a34-9759-1ecf7a5f5b63','mytrainer2client',NULL,NULL,'172.18.0.1','e50ee46d-dbef-4c14-8389-4018de132723','eb629052-d14f-471d-a740-daea20b4d124',1748448137176,'LOGIN','60c7bf2d-f5e0-4e08-a856-b0a633bfdb40','{\"auth_method\":\"openid-connect\",\"auth_type\":\"code\",\"redirect_uri\":\"com.mvfitness.mytrainer2client://oauthredirect\",\"remember_me\":\"true\",\"consent\":\"no_consent_required\",\"code_id\":\"eb629052-d14f-471d-a740-daea20b4d124\",\"username\":\"trainer1\"}'),('4de4b3da-fbb8-4983-ba22-49926edc3b1c','mytrainer2client',NULL,NULL,'172.18.0.1','e50ee46d-dbef-4c14-8389-4018de132723','e897e93b-57ce-4fab-b285-d76a6a46efe5',1745613391158,'LOGIN','60c7bf2d-f5e0-4e08-a856-b0a633bfdb40','{\"auth_method\":\"openid-connect\",\"token_id\":\"f222bd1a-28eb-4211-8e1f-9d7b62d5a7d2\",\"grant_type\":\"password\",\"refresh_token_type\":\"Refresh\",\"scope\":\"openid email profile\",\"refresh_token_id\":\"2e8c8e4f-458d-4a67-a1b7-f59294926ab9\",\"client_auth_method\":\"client-secret\",\"username\":\"trainer1\"}'),('4e9e85b7-8680-406e-9622-1d05ca561bd7','mytrainer2client',NULL,NULL,'172.18.0.1','e50ee46d-dbef-4c14-8389-4018de132723','2110078f-d5fb-44b1-888a-9be314fcb6c5',1748068451550,'LOGOUT','60c7bf2d-f5e0-4e08-a856-b0a633bfdb40','{\"redirect_uri\":\"com.mvfitness.mytrainer2client://logoutredirect\"}'),('506dbec4-c367-4743-a87f-f59515be455c','mytrainer2client',NULL,NULL,'172.18.0.1','e50ee46d-dbef-4c14-8389-4018de132723',NULL,1745441488861,'REGISTER','308d093f-8f0e-4343-826d-c73885bb57c3','{\"identity_provider\":\"google\",\"register_method\":\"broker\",\"identity_provider_identity\":\"simeonov230@gmail.com\",\"code_id\":\"993d7a4c-a45e-48ad-ad6e-d0430618740a\",\"email\":\"simeonov230@gmail.com\",\"username\":\"simeonov230@gmail.com\"}'),('51caf9b0-92c5-48ec-844c-991a79e29384','mytrainer2client',NULL,NULL,'172.18.0.1','e50ee46d-dbef-4c14-8389-4018de132723','9caf7a1a-b474-4270-b26a-5cd9c07f6085',1746096156408,'LOGIN','60c7bf2d-f5e0-4e08-a856-b0a633bfdb40','{\"auth_method\":\"openid-connect\",\"auth_type\":\"code\",\"response_type\":\"code\",\"redirect_uri\":\"com.mvfitness.mytrainer2client://oauthredirect\",\"consent\":\"no_consent_required\",\"code_id\":\"9caf7a1a-b474-4270-b26a-5cd9c07f6085\",\"response_mode\":\"query\",\"username\":\"trainer1\"}'),('52a0ed8d-0f71-42ad-8194-caa473f83829','mytrainer2client',NULL,NULL,'172.18.0.1','e50ee46d-dbef-4c14-8389-4018de132723','d2093502-81d4-471b-b277-9f4944f56d4f',1746092856374,'LOGIN','60c7bf2d-f5e0-4e08-a856-b0a633bfdb40','{\"auth_method\":\"openid-connect\",\"token_id\":\"a39772ee-cf98-49bb-8380-e0fa1893fc23\",\"grant_type\":\"password\",\"refresh_token_type\":\"Refresh\",\"scope\":\"openid email profile\",\"refresh_token_id\":\"93b9081c-749e-4fd0-8c5f-2d7068be140a\",\"client_auth_method\":\"client-secret\",\"username\":\"trainer1\"}'),('52f5a34c-07da-4981-a58b-824e3857370f','mytrainer2client',NULL,NULL,'172.18.0.1','e50ee46d-dbef-4c14-8389-4018de132723','e3cd283c-0180-4658-a182-7b63da6145cf',1748433126289,'LOGIN','60c7bf2d-f5e0-4e08-a856-b0a633bfdb40','{\"auth_method\":\"openid-connect\",\"auth_type\":\"code\",\"redirect_uri\":\"com.mvfitness.mytrainer2client://oauthredirect\",\"remember_me\":\"true\",\"consent\":\"no_consent_required\",\"code_id\":\"e3cd283c-0180-4658-a182-7b63da6145cf\",\"username\":\"trainer1\"}'),('53670a60-c475-480c-adf7-62cc19213ea2','mytrainer2client',NULL,NULL,'172.18.0.1','e50ee46d-dbef-4c14-8389-4018de132723','fe661f1c-eb31-44df-960e-3989ecafac6b',1748172653963,'CODE_TO_TOKEN','60c7bf2d-f5e0-4e08-a856-b0a633bfdb40','{\"token_id\":\"1d7ae18d-3d83-4406-b824-c33ec309a8fe\",\"grant_type\":\"authorization_code\",\"refresh_token_type\":\"Refresh\",\"scope\":\"openid email profile\",\"refresh_token_id\":\"37ff1b1f-10f0-4cb9-905a-1ac59d86a108\",\"code_id\":\"fe661f1c-eb31-44df-960e-3989ecafac6b\",\"client_auth_method\":\"client-secret\"}'),('539d6980-9ec7-4be0-9658-fc6be0b8efa4','mytrainer2client',NULL,NULL,'172.18.0.1','e50ee46d-dbef-4c14-8389-4018de132723','081648eb-217f-4262-9e9c-75bd64bd592b',1748179658633,'CODE_TO_TOKEN','60c7bf2d-f5e0-4e08-a856-b0a633bfdb40','{\"token_id\":\"3deb3716-14fa-4579-9d0f-b286592b56b8\",\"grant_type\":\"authorization_code\",\"refresh_token_type\":\"Refresh\",\"scope\":\"openid email profile\",\"refresh_token_id\":\"3cef8781-6afd-49e9-878a-dcd822504ec8\",\"code_id\":\"081648eb-217f-4262-9e9c-75bd64bd592b\",\"client_auth_method\":\"client-secret\"}'),('53b63f00-50f4-479a-86d3-83a17decd8ac','mytrainer2client',NULL,NULL,'172.18.0.1','e50ee46d-dbef-4c14-8389-4018de132723','222aeb8e-9a68-4a41-baa2-8b2fbdee8360',1746100515224,'LOGIN','60c7bf2d-f5e0-4e08-a856-b0a633bfdb40','{\"auth_method\":\"openid-connect\",\"auth_type\":\"code\",\"redirect_uri\":\"com.mvfitness.mytrainer2client://oauthredirect\",\"consent\":\"no_consent_required\",\"code_id\":\"222aeb8e-9a68-4a41-baa2-8b2fbdee8360\",\"username\":\"trainer1\"}'),('542641f1-c062-4646-b8c7-348a15b350dc','mytrainer2client',NULL,NULL,'172.18.0.1','e50ee46d-dbef-4c14-8389-4018de132723','77a4bd75-8689-4499-b985-a921028e6836',1748431562133,'CODE_TO_TOKEN','60c7bf2d-f5e0-4e08-a856-b0a633bfdb40','{\"token_id\":\"a2ea86f9-a22f-469a-8f67-1363fcbf5694\",\"grant_type\":\"authorization_code\",\"refresh_token_type\":\"Offline\",\"scope\":\"openid email offline_access profile\",\"refresh_token_id\":\"7fd3d935-006b-4d99-a30a-51b7409c0a4b\",\"code_id\":\"77a4bd75-8689-4499-b985-a921028e6836\",\"client_auth_method\":\"client-secret\"}'),('54288776-2e95-4e7e-9bf9-b2bc2a0f093b','mytrainer2client',NULL,NULL,'172.18.0.1','e50ee46d-dbef-4c14-8389-4018de132723','11a37eba-e532-4c53-ae66-2e72fd7a444b',1746099134732,'LOGIN','60c7bf2d-f5e0-4e08-a856-b0a633bfdb40','{\"auth_method\":\"openid-connect\",\"auth_type\":\"code\",\"response_type\":\"id_token token\",\"redirect_uri\":\"http://localhost/login\",\"consent\":\"no_consent_required\",\"code_id\":\"11a37eba-e532-4c53-ae66-2e72fd7a444b\",\"response_mode\":\"fragment\",\"username\":\"trainer1\"}'),('54367e87-e782-49a7-9010-f9d3db27fd86','mytrainer2client',NULL,NULL,'172.18.0.1','e50ee46d-dbef-4c14-8389-4018de132723','159eecdc-b36d-4d35-bd58-abc7b32930a2',1748436278875,'CODE_TO_TOKEN','60c7bf2d-f5e0-4e08-a856-b0a633bfdb40','{\"token_id\":\"b11230f4-9437-4e80-bb5a-1874aa517765\",\"grant_type\":\"authorization_code\",\"refresh_token_type\":\"Offline\",\"scope\":\"openid email offline_access profile\",\"refresh_token_id\":\"5ba5008b-bcce-41ef-a4ff-a0fca31fcb76\",\"code_id\":\"159eecdc-b36d-4d35-bd58-abc7b32930a2\",\"client_auth_method\":\"client-secret\"}'),('54970011-3e62-4ddd-8241-1bd5969b8a06','mytrainer2client',NULL,NULL,'172.18.0.1','e50ee46d-dbef-4c14-8389-4018de132723','a17d3425-3a62-49d9-abe9-1988c83aca5a',1746094285306,'LOGIN','60c7bf2d-f5e0-4e08-a856-b0a633bfdb40','{\"auth_method\":\"openid-connect\",\"auth_type\":\"code\",\"response_type\":\"code\",\"redirect_uri\":\"com.mvfitness.mytrainer2client://oauthredirect\",\"consent\":\"no_consent_required\",\"code_id\":\"a17d3425-3a62-49d9-abe9-1988c83aca5a\",\"response_mode\":\"query\",\"username\":\"trainer1\"}'),('554ab679-8db3-4cc1-8462-d59bc003533e','mytrainer2client',NULL,NULL,'172.18.0.1','e50ee46d-dbef-4c14-8389-4018de132723','1699adde-9908-4c8a-93ab-8adf6c9c35a1',1749583150703,'LOGIN','60c7bf2d-f5e0-4e08-a856-b0a633bfdb40','{\"auth_method\":\"openid-connect\",\"auth_type\":\"code\",\"redirect_uri\":\"http://localhost/login\",\"consent\":\"no_consent_required\",\"code_id\":\"1699adde-9908-4c8a-93ab-8adf6c9c35a1\",\"username\":\"trainer1\"}'),('558a68e9-0b9a-4a98-9fe3-60b964890dec','mytrainer2client',NULL,NULL,'172.18.0.1','e50ee46d-dbef-4c14-8389-4018de132723','2110078f-d5fb-44b1-888a-9be314fcb6c5',1748068081270,'CODE_TO_TOKEN','60c7bf2d-f5e0-4e08-a856-b0a633bfdb40','{\"token_id\":\"eb6b8548-ac45-4a0d-8e36-1c72e5919d2a\",\"grant_type\":\"authorization_code\",\"refresh_token_type\":\"Refresh\",\"scope\":\"openid email profile\",\"refresh_token_id\":\"7083468c-0461-4ee5-8cae-21bfb04f234c\",\"code_id\":\"2110078f-d5fb-44b1-888a-9be314fcb6c5\",\"client_auth_method\":\"client-secret\"}'),('568160ec-488f-4da2-866b-fc2b47799540','mytrainer2client',NULL,NULL,'172.18.0.1','e50ee46d-dbef-4c14-8389-4018de132723','f854dd57-cb5a-4ae9-849e-8712211e2731',1749118384955,'LOGIN','60c7bf2d-f5e0-4e08-a856-b0a633bfdb40','{\"auth_method\":\"openid-connect\",\"auth_type\":\"code\",\"redirect_uri\":\"com.mvfitness.mytrainer2client://oauthredirect\",\"remember_me\":\"true\",\"consent\":\"no_consent_required\",\"code_id\":\"f854dd57-cb5a-4ae9-849e-8712211e2731\",\"username\":\"trainer1\"}'),('56f1e7ce-d61e-4f0f-ae01-e6b5d9bc54bb','mytrainer2client',NULL,NULL,'172.18.0.1','e50ee46d-dbef-4c14-8389-4018de132723','9caf7a1a-b474-4270-b26a-5cd9c07f6085',1746096051341,'CODE_TO_TOKEN','60c7bf2d-f5e0-4e08-a856-b0a633bfdb40','{\"token_id\":\"0f494027-501d-4bf3-8224-90240df87862\",\"grant_type\":\"authorization_code\",\"refresh_token_type\":\"Refresh\",\"scope\":\"openid email profile\",\"refresh_token_id\":\"e18c19b4-6d0c-4142-9263-ed7ddd0335c0\",\"code_id\":\"9caf7a1a-b474-4270-b26a-5cd9c07f6085\",\"client_auth_method\":\"client-secret\"}'),('572a2cc4-d92f-4080-9d69-373be117f049','mytrainer2client',NULL,NULL,'172.18.0.1','e50ee46d-dbef-4c14-8389-4018de132723','ca5b1a6f-1b0f-476f-a852-3eecccde9563',1746092824485,'LOGIN','60c7bf2d-f5e0-4e08-a856-b0a633bfdb40','{\"auth_method\":\"openid-connect\",\"auth_type\":\"code\",\"redirect_uri\":\"http://localhost/login\",\"consent\":\"no_consent_required\",\"code_id\":\"ca5b1a6f-1b0f-476f-a852-3eecccde9563\",\"username\":\"trainer1\"}'),('58e34591-0fbd-4495-a911-246083da63b7','mytrainer2client',NULL,'invalid_redirect_uri','172.18.0.1','e50ee46d-dbef-4c14-8389-4018de132723',NULL,1745734773532,'LOGIN_ERROR',NULL,'{\"redirect_uri\":\"com.example.app://oauthredirect\"}'),('599fc283-3cc0-49ca-9266-5d9b9b2bdf21','mytrainer2client',NULL,NULL,'172.18.0.1','e50ee46d-dbef-4c14-8389-4018de132723','bb10c7da-be19-486e-a4dd-cd7597e2ec65',1748244135110,'CODE_TO_TOKEN','60c7bf2d-f5e0-4e08-a856-b0a633bfdb40','{\"token_id\":\"a5f3eae0-c34a-49da-8477-ee7394c83afe\",\"grant_type\":\"authorization_code\",\"refresh_token_type\":\"Offline\",\"scope\":\"openid email offline_access profile\",\"refresh_token_id\":\"1f30368c-4199-4745-a01c-a52711e846ea\",\"code_id\":\"bb10c7da-be19-486e-a4dd-cd7597e2ec65\",\"client_auth_method\":\"client-secret\"}'),('5a3df5f7-9429-4c8c-8592-8567ca300899','mytrainer2client',NULL,NULL,'172.18.0.1','e50ee46d-dbef-4c14-8389-4018de132723','ed72c557-57ae-4624-b1b0-f57d466f8b21',1748173116078,'CODE_TO_TOKEN','60c7bf2d-f5e0-4e08-a856-b0a633bfdb40','{\"token_id\":\"6af3c2fc-912f-4e6e-b262-1a3c432ea453\",\"grant_type\":\"authorization_code\",\"refresh_token_type\":\"Refresh\",\"scope\":\"openid email profile\",\"refresh_token_id\":\"d83c7660-e809-4ee2-938b-aa4cbaa403e0\",\"code_id\":\"ed72c557-57ae-4624-b1b0-f57d466f8b21\",\"client_auth_method\":\"client-secret\"}'),('5a5d2a21-f15e-4a2b-8656-ec29f9bce54d','mytrainer2client',NULL,NULL,'172.18.0.1','e50ee46d-dbef-4c14-8389-4018de132723','2a76ecd8-3ab4-452e-88f4-ad968316ed23',1745613744441,'LOGIN','60c7bf2d-f5e0-4e08-a856-b0a633bfdb40','{\"auth_method\":\"openid-connect\",\"token_id\":\"5c6f2b38-d568-4418-84d3-a7f9371652ad\",\"grant_type\":\"password\",\"refresh_token_type\":\"Refresh\",\"scope\":\"openid email profile\",\"refresh_token_id\":\"7d8c0453-82c6-4561-a8c0-1a6bbb297f50\",\"client_auth_method\":\"client-secret\",\"username\":\"trainer1\"}'),('5a60ccd0-0f20-4188-b550-d6f1ffc113df','mytrainer2client',NULL,'session_expired','172.18.0.1','e50ee46d-dbef-4c14-8389-4018de132723',NULL,1749560727293,'LOGOUT_ERROR',NULL,NULL),('5acfea99-cca6-4903-aa75-3a4aa6299bdf','mytrainer2client',NULL,NULL,'172.18.0.1','e50ee46d-dbef-4c14-8389-4018de132723','93ec5b81-2e3e-4dba-8d04-a83df72060ce',1748178875106,'CODE_TO_TOKEN','60c7bf2d-f5e0-4e08-a856-b0a633bfdb40','{\"token_id\":\"32897387-96a5-4d11-8011-2830167cd63c\",\"grant_type\":\"authorization_code\",\"refresh_token_type\":\"Refresh\",\"scope\":\"openid email profile\",\"refresh_token_id\":\"e723c8ce-507a-4396-b0e9-2aa708034ba8\",\"code_id\":\"93ec5b81-2e3e-4dba-8d04-a83df72060ce\",\"client_auth_method\":\"client-secret\"}'),('5b87abe0-c4d7-4f00-97fd-abc15470cdd2','mytrainer2client',NULL,NULL,'172.18.0.1','e50ee46d-dbef-4c14-8389-4018de132723','6309b9a3-23c2-4c4b-8d86-333742d85066',1749580235717,'LOGIN','60c7bf2d-f5e0-4e08-a856-b0a633bfdb40','{\"auth_method\":\"openid-connect\",\"auth_type\":\"code\",\"redirect_uri\":\"http://localhost/login\",\"remember_me\":\"true\",\"consent\":\"no_consent_required\",\"code_id\":\"6309b9a3-23c2-4c4b-8d86-333742d85066\",\"username\":\"trainer1\"}'),('5bd6f675-8a16-4e75-8abf-5af2dfb40c28','mytrainer2client',NULL,NULL,'172.18.0.1','e50ee46d-dbef-4c14-8389-4018de132723','4f9ab544-3417-4a3f-9d60-7aefe790a3e5',1746982671951,'LOGIN','60c7bf2d-f5e0-4e08-a856-b0a633bfdb40','{\"auth_method\":\"openid-connect\",\"auth_type\":\"code\",\"response_type\":\"code\",\"redirect_uri\":\"com.mvfitness.mytrainer2client://oauthredirect\",\"consent\":\"no_consent_required\",\"code_id\":\"4f9ab544-3417-4a3f-9d60-7aefe790a3e5\",\"response_mode\":\"query\",\"username\":\"trainer1\"}'),('5cf79907-ac8d-4953-810a-6ffe30780abb','mytrainer2client',NULL,NULL,'172.18.0.1','e50ee46d-dbef-4c14-8389-4018de132723','7d8be6b3-ad94-4468-a35d-dacbd1c17bd2',1746884359519,'LOGIN','60c7bf2d-f5e0-4e08-a856-b0a633bfdb40','{\"auth_method\":\"openid-connect\",\"auth_type\":\"code\",\"redirect_uri\":\"com.mvfitness.mytrainer2client://oauthredirect\",\"consent\":\"no_consent_required\",\"code_id\":\"7d8be6b3-ad94-4468-a35d-dacbd1c17bd2\",\"username\":\"trainer1\"}'),('5d3115f5-27bd-47f4-b4a2-987bb53ccd32','mytrainer2client',NULL,NULL,'172.18.0.1','e50ee46d-dbef-4c14-8389-4018de132723','99b4dcfe-d654-4cce-b6e6-e39a2189b1c1',1746983084888,'LOGIN','60c7bf2d-f5e0-4e08-a856-b0a633bfdb40','{\"auth_method\":\"openid-connect\",\"auth_type\":\"code\",\"redirect_uri\":\"com.mvfitness.mytrainer2client://oauthredirect\",\"consent\":\"no_consent_required\",\"code_id\":\"99b4dcfe-d654-4cce-b6e6-e39a2189b1c1\",\"username\":\"trainer1\"}'),('5d998bfc-03d2-494e-95f2-21df493b27c6','mytrainer2client',NULL,NULL,'172.18.0.1','e50ee46d-dbef-4c14-8389-4018de132723','a7c898ba-e168-43c8-8f51-774dacafee50',1746520559496,'LOGOUT','60c7bf2d-f5e0-4e08-a856-b0a633bfdb40','{\"redirect_uri\":\"com.mvfitness.mytrainer2client://logoutredirect\"}'),('5e16a766-a978-4d31-ad5b-f95df59e6c69','mytrainer2client',NULL,NULL,'172.18.0.1','e50ee46d-dbef-4c14-8389-4018de132723','b04a1ecd-86ce-4ec8-9fb0-454feda03f7c',1749012550009,'CODE_TO_TOKEN','60c7bf2d-f5e0-4e08-a856-b0a633bfdb40','{\"token_id\":\"5e1dc756-4946-433a-9683-ef1c2f22e457\",\"grant_type\":\"authorization_code\",\"refresh_token_type\":\"Offline\",\"scope\":\"openid email offline_access profile\",\"refresh_token_id\":\"9cc9766c-1e32-479d-8339-dd060ced8770\",\"code_id\":\"b04a1ecd-86ce-4ec8-9fb0-454feda03f7c\",\"client_auth_method\":\"client-secret\"}'),('5eb6e42b-8781-4658-9cc3-9d9fdda7f22a','mytrainer2client',NULL,NULL,'172.18.0.1','e50ee46d-dbef-4c14-8389-4018de132723','b0285a0b-c170-47df-aa79-0cbfd284c8d2',1748190951051,'LOGOUT','60c7bf2d-f5e0-4e08-a856-b0a633bfdb40','{\"redirect_uri\":\"com.mvfitness.mytrainer2client://logoutredirect\"}'),('60f34104-c51a-44cf-b48d-dff1d1be7894','mytrainer2client',NULL,NULL,'172.18.0.1','e50ee46d-dbef-4c14-8389-4018de132723','225bfc1d-6230-49aa-af97-bde3aeb6da15',1746110660946,'LOGIN','60c7bf2d-f5e0-4e08-a856-b0a633bfdb40','{\"auth_method\":\"openid-connect\",\"auth_type\":\"code\",\"redirect_uri\":\"com.mvfitness.mytrainer2client://oauthredirect\",\"consent\":\"no_consent_required\",\"code_id\":\"225bfc1d-6230-49aa-af97-bde3aeb6da15\",\"username\":\"trainer1\"}'),('61398b4f-5e1c-498b-8365-4e10389914e5','mytrainer2client',NULL,NULL,'172.18.0.1','e50ee46d-dbef-4c14-8389-4018de132723','4000ba2d-5075-459a-a234-6ba3b9b0f034',1745612863598,'LOGIN','60c7bf2d-f5e0-4e08-a856-b0a633bfdb40','{\"auth_method\":\"openid-connect\",\"token_id\":\"4b48e15d-df9d-40fa-99cf-64895cad3969\",\"grant_type\":\"password\",\"refresh_token_type\":\"Refresh\",\"scope\":\"openid email profile\",\"refresh_token_id\":\"dba7b5e7-24ea-4af9-a887-15366a9736d8\",\"client_auth_method\":\"client-secret\",\"username\":\"trainer1\"}'),('61fcaae4-5131-4e7e-82ab-4cdf777b9f20','mytrainer2client',NULL,NULL,'172.18.0.1','e50ee46d-dbef-4c14-8389-4018de132723','d5b3660a-995e-4101-890d-ebee3a19fbb1',1746100328373,'LOGIN','60c7bf2d-f5e0-4e08-a856-b0a633bfdb40','{\"auth_method\":\"openid-connect\",\"auth_type\":\"code\",\"redirect_uri\":\"http://localhost:56510/login\",\"consent\":\"no_consent_required\",\"code_id\":\"d5b3660a-995e-4101-890d-ebee3a19fbb1\",\"username\":\"trainer1\"}'),('62772169-fde6-42ba-93a4-0c736ab52713','mytrainer2client',NULL,NULL,'172.18.0.1','e50ee46d-dbef-4c14-8389-4018de132723','48c427ce-bdda-4f50-b747-66959ac85147',1746520724242,'LOGIN','60c7bf2d-f5e0-4e08-a856-b0a633bfdb40','{\"auth_method\":\"openid-connect\",\"auth_type\":\"code\",\"redirect_uri\":\"com.mvfitness.mytrainer2client://oauthredirect\",\"consent\":\"no_consent_required\",\"code_id\":\"48c427ce-bdda-4f50-b747-66959ac85147\",\"username\":\"trainer1\"}'),('62c0fbf4-c810-4668-a1c5-ebf9ddbb3443','mytrainer2client',NULL,NULL,'172.18.0.1','e50ee46d-dbef-4c14-8389-4018de132723','71678999-69c0-4656-883e-4e712c2f8b02',1746882717976,'LOGOUT','60c7bf2d-f5e0-4e08-a856-b0a633bfdb40','{\"redirect_uri\":\"com.mvfitness.mytrainer2client://logoutredirect\"}'),('645b0aab-23f6-41bd-b377-52bf2e51ec53','mytrainer2client',NULL,'session_expired','172.18.0.1','e50ee46d-dbef-4c14-8389-4018de132723',NULL,1751614736971,'LOGOUT_ERROR',NULL,NULL),('64daac39-c859-4dfa-92e2-847fabfbf14a','mytrainer2client',NULL,'consent_denied','172.18.0.1','e50ee46d-dbef-4c14-8389-4018de132723',NULL,1745612549947,'LOGIN_ERROR',NULL,'{\"reason\":\"Client requires user consent\",\"auth_method\":\"oauth_credentials\",\"grant_type\":\"password\",\"client_auth_method\":\"client-secret\"}'),('64f890c8-1a3f-4acd-b581-2d151f6fc5f5','mytrainer2client',NULL,'invalid_user_credentials','172.18.0.1','e50ee46d-dbef-4c14-8389-4018de132723',NULL,1749583437605,'LOGIN_ERROR','60c7bf2d-f5e0-4e08-a856-b0a633bfdb40','{\"auth_method\":\"openid-connect\",\"auth_type\":\"code\",\"redirect_uri\":\"http://localhost/login\",\"code_id\":\"6e2b2279-d2b5-4d49-85b3-8042286fd111\",\"username\":\"trainer1\"}'),('65ba77dc-1e49-45ec-ba6d-2bb498d5c6f8','mytrainer2client',NULL,NULL,'172.18.0.1','e50ee46d-dbef-4c14-8389-4018de132723','0c9444fa-a3e1-4408-a6c0-256ef13f8512',1748435238645,'LOGIN','60c7bf2d-f5e0-4e08-a856-b0a633bfdb40','{\"auth_method\":\"openid-connect\",\"auth_type\":\"code\",\"redirect_uri\":\"com.mvfitness.mytrainer2client://oauthredirect\",\"remember_me\":\"true\",\"consent\":\"no_consent_required\",\"code_id\":\"0c9444fa-a3e1-4408-a6c0-256ef13f8512\",\"username\":\"trainer1\"}'),('65eb4e0a-642f-4dca-8d3e-6ac923dc970c','mytrainer2client',NULL,NULL,'172.18.0.1','e50ee46d-dbef-4c14-8389-4018de132723','1b70e7ec-dbf3-4294-83f8-81dcad00197c',1747807949311,'LOGIN','60c7bf2d-f5e0-4e08-a856-b0a633bfdb40','{\"auth_method\":\"openid-connect\",\"auth_type\":\"code\",\"redirect_uri\":\"com.mvfitness.mytrainer2client://oauthredirect\",\"consent\":\"no_consent_required\",\"code_id\":\"1b70e7ec-dbf3-4294-83f8-81dcad00197c\",\"username\":\"trainer1\"}'),('6670c73c-e279-41b8-ba81-76d0bf730887','mytrainer2client',NULL,NULL,'172.18.0.1','e50ee46d-dbef-4c14-8389-4018de132723',NULL,1745441652817,'CUSTOM_REQUIRED_ACTION','c24c3776-c1c9-4761-ab43-25be8e927ec6','{\"auth_method\":\"openid-connect\",\"identity_provider\":\"google\",\"custom_required_action\":\"TERMS_AND_CONDITIONS\",\"response_type\":\"id_token token\",\"redirect_uri\":\"http://localhost/login\",\"remember_me\":\"false\",\"identity_provider_identity\":\"simeonov230@gmail.com\",\"code_id\":\"84937408-fdcb-4e0f-8efc-9c4a6534a33f\",\"response_mode\":\"fragment\",\"username\":\"simeonov230@gmail.com\"}'),('6925e19b-9f8b-4675-881f-17448f0ca661','mytrainer2client',NULL,NULL,'172.18.0.1','e50ee46d-dbef-4c14-8389-4018de132723','7775fbbe-abc5-458c-89f8-25be8d6e8d7d',1746519074442,'LOGIN','60c7bf2d-f5e0-4e08-a856-b0a633bfdb40','{\"auth_method\":\"openid-connect\",\"auth_type\":\"code\",\"redirect_uri\":\"com.mvfitness.mytrainer2client://oauthredirect\",\"consent\":\"no_consent_required\",\"code_id\":\"7775fbbe-abc5-458c-89f8-25be8d6e8d7d\",\"username\":\"trainer1\"}'),('694935c6-a3d0-4a90-b820-0ef1639fc4c9','mytrainer2client',NULL,NULL,'172.18.0.1','e50ee46d-dbef-4c14-8389-4018de132723','5119c761-7611-4191-8b39-ffde02dd1505',1746090903064,'LOGIN','60c7bf2d-f5e0-4e08-a856-b0a633bfdb40','{\"auth_method\":\"openid-connect\",\"auth_type\":\"code\",\"redirect_uri\":\"http://localhost:56267/login\",\"consent\":\"no_consent_required\",\"code_id\":\"5119c761-7611-4191-8b39-ffde02dd1505\",\"username\":\"trainer1\"}'),('6a316c8e-bbb4-4ef3-99a8-c4388ff49e3f','mytrainer2client',NULL,NULL,'172.18.0.1','e50ee46d-dbef-4c14-8389-4018de132723','a114a66f-d98b-4e87-af8b-634b4ec74876',1747855650348,'CODE_TO_TOKEN','60c7bf2d-f5e0-4e08-a856-b0a633bfdb40','{\"token_id\":\"5957a138-4a85-4ddc-8793-2880886803c9\",\"grant_type\":\"authorization_code\",\"refresh_token_type\":\"Refresh\",\"scope\":\"openid email profile\",\"refresh_token_id\":\"5953f9fc-dce8-4c5f-84cd-7bab295bce48\",\"code_id\":\"a114a66f-d98b-4e87-af8b-634b4ec74876\",\"client_auth_method\":\"client-secret\"}'),('6bd9bfe8-bed2-4a43-8ca9-a205ecd41a27','mytrainer2client',NULL,NULL,'172.18.0.1','e50ee46d-dbef-4c14-8389-4018de132723','535b67e5-130f-4acc-8b78-d6bdc5f0f9e6',1748443546266,'LOGIN','60c7bf2d-f5e0-4e08-a856-b0a633bfdb40','{\"auth_method\":\"openid-connect\",\"auth_type\":\"code\",\"redirect_uri\":\"com.mvfitness.mytrainer2client://oauthredirect\",\"remember_me\":\"true\",\"consent\":\"no_consent_required\",\"code_id\":\"535b67e5-130f-4acc-8b78-d6bdc5f0f9e6\",\"username\":\"trainer1\"}'),('6c1e2c88-0ffa-44e1-b3c0-851141ad35f7','mytrainer2client',NULL,NULL,'172.18.0.1','e50ee46d-dbef-4c14-8389-4018de132723','d5b3660a-995e-4101-890d-ebee3a19fbb1',1746100355279,'LOGOUT','60c7bf2d-f5e0-4e08-a856-b0a633bfdb40','{\"redirect_uri\":\"http://localhost\"}'),('6c40239f-fc41-4eed-bffe-e694b75d30c7','mytrainer2client',NULL,'invalid_user_credentials','172.18.0.1','e50ee46d-dbef-4c14-8389-4018de132723',NULL,1746102013122,'LOGIN_ERROR','60c7bf2d-f5e0-4e08-a856-b0a633bfdb40','{\"auth_method\":\"openid-connect\",\"auth_type\":\"code\",\"redirect_uri\":\"http://localhost:59137/login\",\"code_id\":\"247667a1-1679-4400-b8ea-0c15cb5896a1\",\"username\":\"trainer1\"}'),('6cc322c4-37a1-46ed-be2f-485d97400b2a','mytrainer2client',NULL,NULL,'172.18.0.1','e50ee46d-dbef-4c14-8389-4018de132723','1544bc31-29e6-4683-a10c-b5b40e91de2a',1746886473933,'CODE_TO_TOKEN','60c7bf2d-f5e0-4e08-a856-b0a633bfdb40','{\"token_id\":\"08a5a132-e7b5-4dc3-a963-718abf2f5397\",\"grant_type\":\"authorization_code\",\"refresh_token_type\":\"Refresh\",\"scope\":\"openid email profile\",\"refresh_token_id\":\"b66c7aee-3d75-4e99-aaa6-4f481f42a4f0\",\"code_id\":\"1544bc31-29e6-4683-a10c-b5b40e91de2a\",\"client_auth_method\":\"client-secret\"}'),('6d2912c4-b7a8-4c14-bd3b-414afe88d4a2','mytrainer2client',NULL,NULL,'172.18.0.1','e50ee46d-dbef-4c14-8389-4018de132723','7668b9d5-b5a0-47a3-bb73-bd07204829bc',1746888540830,'CODE_TO_TOKEN','60c7bf2d-f5e0-4e08-a856-b0a633bfdb40','{\"token_id\":\"2f994438-c7db-4e4a-b763-ce94d8eef17b\",\"grant_type\":\"authorization_code\",\"refresh_token_type\":\"Refresh\",\"scope\":\"openid email profile\",\"refresh_token_id\":\"cf5de929-54de-4e09-a43e-bbb4550287da\",\"code_id\":\"7668b9d5-b5a0-47a3-bb73-bd07204829bc\",\"client_auth_method\":\"client-secret\"}'),('6f056596-15c5-4d9f-b358-c70c453da21b','mytrainer2client',NULL,NULL,'172.18.0.1','e50ee46d-dbef-4c14-8389-4018de132723','783afefc-5d06-4a96-8912-190a5f0a6859',1748928108647,'CODE_TO_TOKEN','60c7bf2d-f5e0-4e08-a856-b0a633bfdb40','{\"token_id\":\"4346e48e-7ae5-4da4-819f-edc75fd6eb6c\",\"grant_type\":\"authorization_code\",\"refresh_token_type\":\"Offline\",\"scope\":\"openid email offline_access profile\",\"refresh_token_id\":\"1f0177c5-9fcb-4b21-9415-ea16c57ebc55\",\"code_id\":\"783afefc-5d06-4a96-8912-190a5f0a6859\",\"client_auth_method\":\"client-secret\"}'),('707cdf0e-a44b-40b6-aa7a-83162569f0c1','mytrainer2client',NULL,NULL,'172.18.0.1','e50ee46d-dbef-4c14-8389-4018de132723','4ccd2e31-a908-4d54-b152-86a8ff9134c7',1747856512214,'CODE_TO_TOKEN','60c7bf2d-f5e0-4e08-a856-b0a633bfdb40','{\"token_id\":\"a12e05cd-a334-4ccf-b572-2f18f0e57ee5\",\"grant_type\":\"authorization_code\",\"refresh_token_type\":\"Refresh\",\"scope\":\"openid email profile\",\"refresh_token_id\":\"107a72b9-deec-4a85-9e8a-9654d8f89eaa\",\"code_id\":\"4ccd2e31-a908-4d54-b152-86a8ff9134c7\",\"client_auth_method\":\"client-secret\"}'),('70fa384a-aa4d-45fc-ab35-790aef4bbc66','mytrainer2client',NULL,NULL,'172.18.0.1','e50ee46d-dbef-4c14-8389-4018de132723','d4be2938-cd27-4f93-a27c-b2dbb5520589',1746099273102,'CODE_TO_TOKEN','60c7bf2d-f5e0-4e08-a856-b0a633bfdb40','{\"token_id\":\"1a06f938-1f8b-438e-8f51-166dc116aa86\",\"grant_type\":\"authorization_code\",\"refresh_token_type\":\"Refresh\",\"scope\":\"openid email profile\",\"refresh_token_id\":\"6845877b-12a5-403f-a177-5009f5250626\",\"code_id\":\"d4be2938-cd27-4f93-a27c-b2dbb5520589\",\"client_auth_method\":\"client-secret\"}'),('70fe53a0-3894-43f6-9ad3-0059ba23b356','mytrainer2client',NULL,NULL,'172.18.0.1','e50ee46d-dbef-4c14-8389-4018de132723','441e1c58-3d17-4167-96b2-2099f4231395',1749583133943,'LOGIN','60c7bf2d-f5e0-4e08-a856-b0a633bfdb40','{\"auth_method\":\"openid-connect\",\"auth_type\":\"code\",\"redirect_uri\":\"http://localhost/login\",\"consent\":\"no_consent_required\",\"code_id\":\"441e1c58-3d17-4167-96b2-2099f4231395\",\"username\":\"trainer1\"}'),('710c9eac-0798-4574-be4b-4fe3ef512b7a','mytrainer2client',NULL,NULL,'172.18.0.1','e50ee46d-dbef-4c14-8389-4018de132723','b0489e37-a3ab-4b61-8ff4-dbfef9d77049',1746091393847,'LOGIN','60c7bf2d-f5e0-4e08-a856-b0a633bfdb40','{\"auth_method\":\"openid-connect\",\"auth_type\":\"code\",\"redirect_uri\":\"http://localhost:56969/login\",\"consent\":\"no_consent_required\",\"code_id\":\"b0489e37-a3ab-4b61-8ff4-dbfef9d77049\",\"username\":\"trainer1\"}'),('714202ba-c363-422d-914d-3f8c59d4606c','mytrainer2client',NULL,NULL,'172.18.0.1','e50ee46d-dbef-4c14-8389-4018de132723','159eecdc-b36d-4d35-bd58-abc7b32930a2',1748436278202,'LOGIN','60c7bf2d-f5e0-4e08-a856-b0a633bfdb40','{\"auth_method\":\"openid-connect\",\"auth_type\":\"code\",\"redirect_uri\":\"com.mvfitness.mytrainer2client://oauthredirect\",\"remember_me\":\"true\",\"consent\":\"no_consent_required\",\"code_id\":\"159eecdc-b36d-4d35-bd58-abc7b32930a2\",\"username\":\"trainer1\"}'),('72d9063f-88b4-41e5-b0c5-3b4e87e9c6ed','mytrainer2client',NULL,NULL,'172.18.0.1','e50ee46d-dbef-4c14-8389-4018de132723','9e15e3d5-8e05-497b-b9da-55631818e829',1749562210089,'LOGIN','60c7bf2d-f5e0-4e08-a856-b0a633bfdb40','{\"auth_method\":\"openid-connect\",\"auth_type\":\"code\",\"redirect_uri\":\"http://localhost/login\",\"consent\":\"no_consent_required\",\"code_id\":\"9e15e3d5-8e05-497b-b9da-55631818e829\",\"username\":\"trainer1\"}'),('732fd35a-b028-4803-abc0-b0c0e9232061','mytrainer2client',NULL,NULL,'172.18.0.1','e50ee46d-dbef-4c14-8389-4018de132723','cfdc1397-ef79-4847-ac31-1a26390def91',1746882746688,'CODE_TO_TOKEN','60c7bf2d-f5e0-4e08-a856-b0a633bfdb40','{\"token_id\":\"3e00b643-7ae4-4df4-b09b-3cffb1d20fd8\",\"grant_type\":\"authorization_code\",\"refresh_token_type\":\"Refresh\",\"scope\":\"openid email profile\",\"refresh_token_id\":\"7ed470cb-8f28-4708-85cf-b0e97c7c9373\",\"code_id\":\"cfdc1397-ef79-4847-ac31-1a26390def91\",\"client_auth_method\":\"client-secret\"}'),('73430cde-498f-4970-bdd9-4657e8d47495','mytrainer2client',NULL,NULL,'172.18.0.1','e50ee46d-dbef-4c14-8389-4018de132723','694cfcf3-f1c6-4942-b0c7-cb6784eba7e1',1748430163266,'CODE_TO_TOKEN','60c7bf2d-f5e0-4e08-a856-b0a633bfdb40','{\"token_id\":\"2e14131e-198c-4de3-8ec0-7570226b7edc\",\"grant_type\":\"authorization_code\",\"refresh_token_type\":\"Offline\",\"scope\":\"openid email offline_access profile\",\"refresh_token_id\":\"1fab514b-d3e7-4862-8b91-21eb5cbb55e5\",\"code_id\":\"694cfcf3-f1c6-4942-b0c7-cb6784eba7e1\",\"client_auth_method\":\"client-secret\"}'),('7350cbdd-8866-4267-9045-e0db2b0cdea5','mytrainer2client',NULL,NULL,'172.18.0.1','e50ee46d-dbef-4c14-8389-4018de132723','0f5a3614-ade1-4310-8d01-760f39446b20',1748072750587,'CODE_TO_TOKEN','60c7bf2d-f5e0-4e08-a856-b0a633bfdb40','{\"token_id\":\"db211e63-283c-4188-9cfc-2b386deea3e7\",\"grant_type\":\"authorization_code\",\"refresh_token_type\":\"Refresh\",\"scope\":\"openid email profile\",\"refresh_token_id\":\"74b52667-56af-4836-ad94-76535e747eaa\",\"code_id\":\"0f5a3614-ade1-4310-8d01-760f39446b20\",\"client_auth_method\":\"client-secret\"}'),('741222fe-c068-48ea-bb27-4b0e75c46566','mytrainer2client',NULL,NULL,'172.18.0.1','e50ee46d-dbef-4c14-8389-4018de132723','f8a29a91-d5cb-49e7-b065-7ecca1112695',1749057750861,'CODE_TO_TOKEN','60c7bf2d-f5e0-4e08-a856-b0a633bfdb40','{\"token_id\":\"ec756e9c-067e-43e9-a54f-3c286115a785\",\"grant_type\":\"authorization_code\",\"refresh_token_type\":\"Offline\",\"scope\":\"openid email offline_access profile\",\"refresh_token_id\":\"b16020f7-eee8-457b-a4ff-3e6128d53102\",\"code_id\":\"f8a29a91-d5cb-49e7-b065-7ecca1112695\",\"client_auth_method\":\"client-secret\"}'),('742d27e5-b453-40d4-8812-f7194e897e0a','mytrainer2client',NULL,NULL,'172.18.0.1','e50ee46d-dbef-4c14-8389-4018de132723','f854dd57-cb5a-4ae9-849e-8712211e2731',1749118385844,'CODE_TO_TOKEN','60c7bf2d-f5e0-4e08-a856-b0a633bfdb40','{\"token_id\":\"0ba708c1-30ce-44df-9b21-2f19fe5a2f60\",\"grant_type\":\"authorization_code\",\"refresh_token_type\":\"Offline\",\"scope\":\"openid email offline_access profile\",\"refresh_token_id\":\"917e7d8b-d17c-478c-866f-f5d44a7d201b\",\"code_id\":\"f854dd57-cb5a-4ae9-849e-8712211e2731\",\"client_auth_method\":\"client-secret\"}'),('74a0e08d-83b7-4d93-b7dd-aa6b00dc34b7','mytrainer2client',NULL,'invalid_redirect_uri','172.18.0.1','e50ee46d-dbef-4c14-8389-4018de132723',NULL,1745734624748,'LOGIN_ERROR',NULL,'{\"redirect_uri\":\"com.example.app://oauthredirect\"}'),('7539e7d0-66a0-4566-8aa7-c1adfb13b28f','mytrainer2client',NULL,NULL,'172.18.0.1','e50ee46d-dbef-4c14-8389-4018de132723','0022ccef-8317-480b-8964-e7eabaca75e6',1745683560552,'LOGIN','60c7bf2d-f5e0-4e08-a856-b0a633bfdb40','{\"auth_method\":\"openid-connect\",\"auth_type\":\"code\",\"redirect_uri\":\"http://localhost:63582/login\",\"consent\":\"no_consent_required\",\"code_id\":\"0022ccef-8317-480b-8964-e7eabaca75e6\",\"username\":\"trainer1\"}'),('75b3b123-33fe-4ecc-aca2-a65e1d2eaa63','mytrainer2client',NULL,NULL,'172.18.0.1','e50ee46d-dbef-4c14-8389-4018de132723','6e2b2279-d2b5-4d49-85b3-8042286fd111',1749583442413,'LOGIN','60c7bf2d-f5e0-4e08-a856-b0a633bfdb40','{\"auth_method\":\"openid-connect\",\"auth_type\":\"code\",\"redirect_uri\":\"http://localhost/login\",\"consent\":\"no_consent_required\",\"code_id\":\"6e2b2279-d2b5-4d49-85b3-8042286fd111\",\"username\":\"trainer1\"}'),('75fc6ff9-53f3-4885-999e-b8a08214dc1e','mytrainer2client',NULL,NULL,'172.18.0.1','e50ee46d-dbef-4c14-8389-4018de132723','cd2e7bc0-855b-4339-a47e-6548ab5dda76',1748064140444,'CODE_TO_TOKEN','60c7bf2d-f5e0-4e08-a856-b0a633bfdb40','{\"token_id\":\"6a93b4d2-41f3-472f-ba52-e67acf6fc21d\",\"grant_type\":\"authorization_code\",\"refresh_token_type\":\"Refresh\",\"scope\":\"openid email profile\",\"refresh_token_id\":\"b4106651-8408-478a-aaa0-a2872b60a557\",\"code_id\":\"cd2e7bc0-855b-4339-a47e-6548ab5dda76\",\"client_auth_method\":\"client-secret\"}'),('76d1e22f-8cd9-48bb-b31c-1a861a64c10e','mytrainer2client',NULL,NULL,'172.18.0.1','e50ee46d-dbef-4c14-8389-4018de132723','d4be2938-cd27-4f93-a27c-b2dbb5520589',1746099260460,'LOGIN','60c7bf2d-f5e0-4e08-a856-b0a633bfdb40','{\"auth_method\":\"openid-connect\",\"auth_type\":\"code\",\"redirect_uri\":\"com.mvfitness.mytrainer2client://oauthredirect\",\"consent\":\"no_consent_required\",\"code_id\":\"d4be2938-cd27-4f93-a27c-b2dbb5520589\",\"username\":\"trainer1\"}'),('7725f492-9ad1-4fd1-849d-d4a2ff21ca65','mytrainer2client',NULL,NULL,'172.18.0.1','e50ee46d-dbef-4c14-8389-4018de132723','de370584-9478-45eb-adcb-8e0ec7002081',1748068465666,'CODE_TO_TOKEN','60c7bf2d-f5e0-4e08-a856-b0a633bfdb40','{\"token_id\":\"b8fd7761-8ccb-4d30-b5c0-57e8b10274e3\",\"grant_type\":\"authorization_code\",\"refresh_token_type\":\"Refresh\",\"scope\":\"openid email profile\",\"refresh_token_id\":\"8dfb19f2-ad99-4e36-951d-d26950803e3e\",\"code_id\":\"de370584-9478-45eb-adcb-8e0ec7002081\",\"client_auth_method\":\"client-secret\"}'),('78584652-c08a-4596-9d03-d4585dc81883','mytrainer2client',NULL,NULL,'172.18.0.1','e50ee46d-dbef-4c14-8389-4018de132723','78f696ef-686a-42a4-a289-e3a937768d87',1749054901741,'CODE_TO_TOKEN','60c7bf2d-f5e0-4e08-a856-b0a633bfdb40','{\"token_id\":\"05e06178-55b7-4e50-8bc8-fa6bc6401f88\",\"grant_type\":\"authorization_code\",\"refresh_token_type\":\"Offline\",\"scope\":\"openid email offline_access profile\",\"refresh_token_id\":\"455c2cea-24fd-4f93-a66b-5fdceac26a2f\",\"code_id\":\"78f696ef-686a-42a4-a289-e3a937768d87\",\"client_auth_method\":\"client-secret\"}'),('78db8923-89fe-422f-8a41-57fe2e6b2414','mytrainer2client',NULL,NULL,'172.18.0.1','e50ee46d-dbef-4c14-8389-4018de132723','de18faf3-200b-462f-9870-cb9c80ea7edb',1746095575877,'CODE_TO_TOKEN','60c7bf2d-f5e0-4e08-a856-b0a633bfdb40','{\"token_id\":\"e0d66e79-0714-4489-b64d-37a51750f9ab\",\"grant_type\":\"authorization_code\",\"refresh_token_type\":\"Refresh\",\"scope\":\"openid email profile\",\"refresh_token_id\":\"b1c33b81-3a06-4230-946d-aa836902c017\",\"code_id\":\"de18faf3-200b-462f-9870-cb9c80ea7edb\",\"client_auth_method\":\"client-secret\"}'),('79230474-4098-4898-9359-b5d7131cf1c2','mytrainer2client',NULL,NULL,'172.18.0.1','e50ee46d-dbef-4c14-8389-4018de132723','3292f2df-47fd-463f-8449-cc774a092377',1748171438110,'LOGIN','60c7bf2d-f5e0-4e08-a856-b0a633bfdb40','{\"auth_method\":\"openid-connect\",\"auth_type\":\"code\",\"response_type\":\"code\",\"redirect_uri\":\"com.mvfitness.mytrainer2client://oauthredirect\",\"consent\":\"no_consent_required\",\"code_id\":\"3292f2df-47fd-463f-8449-cc774a092377\",\"response_mode\":\"query\",\"username\":\"trainer1\"}'),('7af71c55-50a0-4fbf-b648-ce04c54426e7','mytrainer2client',NULL,NULL,'172.18.0.1','e50ee46d-dbef-4c14-8389-4018de132723','a083ab35-0f85-4733-a536-e322bcfa3e34',1745613355985,'LOGIN','60c7bf2d-f5e0-4e08-a856-b0a633bfdb40','{\"auth_method\":\"openid-connect\",\"token_id\":\"1fe1ace9-6667-4d16-b389-848414447176\",\"grant_type\":\"password\",\"refresh_token_type\":\"Refresh\",\"scope\":\"openid email profile\",\"refresh_token_id\":\"875f969e-8744-4208-a234-891c782e3300\",\"client_auth_method\":\"client-secret\",\"username\":\"trainer1\"}'),('7c36b5d9-68a4-457d-9fa9-9247916fc7d6','mytrainer2client',NULL,NULL,'172.18.0.1','e50ee46d-dbef-4c14-8389-4018de132723','495141a0-8852-4264-b966-e90f0bc812bb',1746286897114,'LOGIN','60c7bf2d-f5e0-4e08-a856-b0a633bfdb40','{\"auth_method\":\"openid-connect\",\"auth_type\":\"code\",\"redirect_uri\":\"com.mvfitness.mytrainer2client://oauthredirect\",\"consent\":\"no_consent_required\",\"code_id\":\"495141a0-8852-4264-b966-e90f0bc812bb\",\"username\":\"trainer1\"}'),('7c48db55-0020-4a88-9c0f-168fa7aafa0d','mytrainer2client',NULL,NULL,'172.18.0.1','e50ee46d-dbef-4c14-8389-4018de132723','0bf9ed79-074d-4f5b-8b05-cdc4764bfda8',1749560740833,'LOGIN','60c7bf2d-f5e0-4e08-a856-b0a633bfdb40','{\"auth_method\":\"openid-connect\",\"auth_type\":\"code\",\"redirect_uri\":\"http://localhost/login\",\"consent\":\"no_consent_required\",\"code_id\":\"0bf9ed79-074d-4f5b-8b05-cdc4764bfda8\",\"username\":\"trainer1\"}'),('7c4fd1d2-e323-4487-a12f-92b4f7766791','mytrainer2client',NULL,NULL,'172.18.0.1','e50ee46d-dbef-4c14-8389-4018de132723','568b5c71-4392-41bf-8e55-6ac14091a7d4',1746980685584,'CODE_TO_TOKEN','60c7bf2d-f5e0-4e08-a856-b0a633bfdb40','{\"token_id\":\"5036f3e3-d7b7-45c2-85e3-a5865e49da14\",\"grant_type\":\"authorization_code\",\"refresh_token_type\":\"Refresh\",\"scope\":\"openid email profile\",\"refresh_token_id\":\"6262c50c-fd21-4997-9089-7a6f9ea12f78\",\"code_id\":\"568b5c71-4392-41bf-8e55-6ac14091a7d4\",\"client_auth_method\":\"client-secret\"}'),('7d39d21a-95f5-46e5-bc1e-8fe918e39cbf','mytrainer2client',NULL,NULL,'172.18.0.1','e50ee46d-dbef-4c14-8389-4018de132723',NULL,1745439758405,'LOGIN','ef51fb99-e0b5-43c9-9ee9-7e763fc1bf30','{\"auth_method\":\"openid-connect\",\"response_type\":\"id_token token\",\"redirect_uri\":\"http://localhost/login\",\"remember_me\":\"false\",\"consent\":\"consent_granted\",\"code_id\":\"42f11d92-5cdf-418f-b8e5-e167f9b7ac1b\",\"response_mode\":\"fragment\",\"username\":\"trainer11\"}'),('7d5b66f3-70dc-4e55-a2f1-91511ba05eda','mytrainer2client',NULL,NULL,'172.18.0.1','e50ee46d-dbef-4c14-8389-4018de132723','faf6a09b-35bc-495a-8c56-aa882657e42b',1745730569331,'LOGOUT','60c7bf2d-f5e0-4e08-a856-b0a633bfdb40','{\"redirect_uri\":\"http://localhost\"}'),('7dafc30d-464f-49e6-968b-66cddf510f57','mytrainer2client',NULL,NULL,'172.18.0.1','e50ee46d-dbef-4c14-8389-4018de132723','f74331f5-d9ad-4825-89ce-f43cf5911b93',1746371604495,'LOGIN','60c7bf2d-f5e0-4e08-a856-b0a633bfdb40','{\"auth_method\":\"openid-connect\",\"auth_type\":\"code\",\"redirect_uri\":\"com.mvfitness.mytrainer2client://oauthredirect\",\"consent\":\"no_consent_required\",\"code_id\":\"f74331f5-d9ad-4825-89ce-f43cf5911b93\",\"username\":\"trainer1\"}'),('7e1eb48f-7083-4b37-85ae-e0335e30103a','mytrainer2client',NULL,NULL,'172.18.0.1','e50ee46d-dbef-4c14-8389-4018de132723','f52d85b4-2f5a-4831-8512-af94e6fe7c5b',1746288397054,'CODE_TO_TOKEN','60c7bf2d-f5e0-4e08-a856-b0a633bfdb40','{\"token_id\":\"a6d92709-9f4b-44d4-b867-20be217f1cf5\",\"grant_type\":\"authorization_code\",\"refresh_token_type\":\"Refresh\",\"scope\":\"openid email profile\",\"refresh_token_id\":\"c38b75ff-4e3b-44b1-91de-5c32850a5198\",\"code_id\":\"f52d85b4-2f5a-4831-8512-af94e6fe7c5b\",\"client_auth_method\":\"client-secret\"}'),('7ef59b89-383a-4d9e-aab3-bb8261411356','mytrainer2client',NULL,NULL,'172.18.0.1','e50ee46d-dbef-4c14-8389-4018de132723','cfbfbe49-119c-432f-a811-81354d37c463',1746090623019,'LOGIN','60c7bf2d-f5e0-4e08-a856-b0a633bfdb40','{\"auth_method\":\"openid-connect\",\"auth_type\":\"code\",\"redirect_uri\":\"com.mvfitness.mytrainer2client://callback\",\"consent\":\"no_consent_required\",\"code_id\":\"cfbfbe49-119c-432f-a811-81354d37c463\",\"username\":\"trainer1\"}'),('7f98a2cf-fe3a-4188-b5bd-eeeb5c8a58a6','mytrainer2client',NULL,NULL,'172.18.0.1','e50ee46d-dbef-4c14-8389-4018de132723','07e53883-4262-4741-a08c-6c4d63ab993c',1748428706057,'LOGIN','60c7bf2d-f5e0-4e08-a856-b0a633bfdb40','{\"auth_method\":\"openid-connect\",\"auth_type\":\"code\",\"redirect_uri\":\"com.mvfitness.mytrainer2client://oauthredirect\",\"remember_me\":\"true\",\"consent\":\"no_consent_required\",\"code_id\":\"07e53883-4262-4741-a08c-6c4d63ab993c\",\"username\":\"trainer1\"}'),('7f9dd91c-7e3e-4b87-ad4c-4696966a163e','mytrainer2client',NULL,'invalid_user_credentials','172.18.0.1','e50ee46d-dbef-4c14-8389-4018de132723',NULL,1748441414417,'LOGIN_ERROR','60c7bf2d-f5e0-4e08-a856-b0a633bfdb40','{\"auth_method\":\"openid-connect\",\"auth_type\":\"code\",\"redirect_uri\":\"com.mvfitness.mytrainer2client://oauthredirect\",\"code_id\":\"482ca298-0344-4c44-9bdf-dc96e594e90f\",\"username\":\"trainer1\"}'),('80b21ea6-b69c-4aa9-8c2c-d7299bf71c43','mytrainer2client',NULL,NULL,'172.18.0.1','e50ee46d-dbef-4c14-8389-4018de132723','d320e794-1966-4254-9399-c24cb2713723',1746884346256,'LOGOUT','60c7bf2d-f5e0-4e08-a856-b0a633bfdb40','{\"redirect_uri\":\"com.mvfitness.mytrainer2client://logoutredirect\"}'),('80db8257-e26e-4ce1-8c19-ff81cdd30537','mytrainer2client',NULL,NULL,'172.18.0.1','e50ee46d-dbef-4c14-8389-4018de132723','5e2a5075-f4e5-4b26-bfb7-074638a8efdd',1748434408932,'LOGIN','60c7bf2d-f5e0-4e08-a856-b0a633bfdb40','{\"auth_method\":\"openid-connect\",\"auth_type\":\"code\",\"redirect_uri\":\"com.mvfitness.mytrainer2client://oauthredirect\",\"remember_me\":\"true\",\"consent\":\"no_consent_required\",\"code_id\":\"5e2a5075-f4e5-4b26-bfb7-074638a8efdd\",\"username\":\"trainer1\"}'),('80ee97ef-7eaf-4b2f-85ac-977bea91dfba','mytrainer2client',NULL,NULL,'172.18.0.1','e50ee46d-dbef-4c14-8389-4018de132723','201ad2f9-c280-45cf-b540-73b6adb47a10',1746042892212,'LOGIN','60c7bf2d-f5e0-4e08-a856-b0a633bfdb40','{\"auth_method\":\"openid-connect\",\"auth_type\":\"code\",\"response_type\":\"code\",\"redirect_uri\":\"com.mvfitness.mytrainer2client://callback\",\"consent\":\"no_consent_required\",\"code_id\":\"201ad2f9-c280-45cf-b540-73b6adb47a10\",\"response_mode\":\"query\",\"username\":\"trainer1\"}'),('811a8241-417e-4be1-a99e-1630e42936b7','mytrainer2client',NULL,NULL,'172.18.0.1','e50ee46d-dbef-4c14-8389-4018de132723','0d3354b1-6a5b-456a-883d-482ba6ff980d',1746285229292,'LOGIN','60c7bf2d-f5e0-4e08-a856-b0a633bfdb40','{\"auth_method\":\"openid-connect\",\"auth_type\":\"code\",\"redirect_uri\":\"http://localhost/login\",\"consent\":\"no_consent_required\",\"code_id\":\"0d3354b1-6a5b-456a-883d-482ba6ff980d\",\"username\":\"trainer1\"}'),('814e8811-0ede-4773-8a2b-46a6f55c609a','mytrainer2client',NULL,NULL,'172.18.0.1','e50ee46d-dbef-4c14-8389-4018de132723','9caf7a1a-b474-4270-b26a-5cd9c07f6085',1746096157136,'CODE_TO_TOKEN','60c7bf2d-f5e0-4e08-a856-b0a633bfdb40','{\"token_id\":\"000490f1-2c14-4f4f-a0aa-200af74f42af\",\"grant_type\":\"authorization_code\",\"refresh_token_type\":\"Refresh\",\"scope\":\"openid email profile\",\"refresh_token_id\":\"3b2a0ec0-9913-4e71-adf7-a38c0d4b8b9f\",\"code_id\":\"9caf7a1a-b474-4270-b26a-5cd9c07f6085\",\"client_auth_method\":\"client-secret\"}'),('818c90f7-7317-4d7c-aade-215076aa008e','mytrainer2client',NULL,NULL,'172.18.0.1','e50ee46d-dbef-4c14-8389-4018de132723','56615c87-9d99-4c0c-9b15-1575df375bd0',1745612977161,'LOGIN','60c7bf2d-f5e0-4e08-a856-b0a633bfdb40','{\"auth_method\":\"openid-connect\",\"token_id\":\"2767d3e3-407f-415a-be45-e042481a4ef8\",\"grant_type\":\"password\",\"refresh_token_type\":\"Refresh\",\"scope\":\"openid email profile\",\"refresh_token_id\":\"678ca921-1b20-4991-a955-438ca1236b4a\",\"client_auth_method\":\"client-secret\",\"username\":\"trainer1\"}'),('819d253a-e898-44e1-bcf6-47ba157ff0db','mytrainer2client',NULL,NULL,'172.18.0.1','e50ee46d-dbef-4c14-8389-4018de132723','e9af82fc-c91c-4eaf-8757-108d555f2986',1748173667642,'CODE_TO_TOKEN','60c7bf2d-f5e0-4e08-a856-b0a633bfdb40','{\"token_id\":\"c479cb2c-ed6f-479c-85fe-c75d22818d40\",\"grant_type\":\"authorization_code\",\"refresh_token_type\":\"Refresh\",\"scope\":\"openid email profile\",\"refresh_token_id\":\"31e6bc32-d25b-437f-b1b5-7d48e1878131\",\"code_id\":\"e9af82fc-c91c-4eaf-8757-108d555f2986\",\"client_auth_method\":\"client-secret\"}'),('81a4b217-f6ff-49a3-9027-963b3f7950f6','mytrainer2client',NULL,NULL,'172.18.0.1','e50ee46d-dbef-4c14-8389-4018de132723','94fbf2f4-4466-459d-9a2d-dc8f80c705cf',1748426692626,'CODE_TO_TOKEN','60c7bf2d-f5e0-4e08-a856-b0a633bfdb40','{\"token_id\":\"635e6601-5d4a-4845-a016-3fc8e440a3cc\",\"grant_type\":\"authorization_code\",\"refresh_token_type\":\"Offline\",\"scope\":\"openid email offline_access profile\",\"refresh_token_id\":\"091e38df-d975-4083-a9ee-f9f408a6462b\",\"code_id\":\"94fbf2f4-4466-459d-9a2d-dc8f80c705cf\",\"client_auth_method\":\"client-secret\"}'),('8237a6bb-6168-4a31-b86c-39ec2f1af623','mytrainer2client',NULL,NULL,'172.18.0.1','e50ee46d-dbef-4c14-8389-4018de132723','d4be2938-cd27-4f93-a27c-b2dbb5520589',1746099448835,'LOGOUT','60c7bf2d-f5e0-4e08-a856-b0a633bfdb40','{\"redirect_uri\":\"com.mvfitness.mytrainer2client://logoutredirect\"}'),('8279048a-38b8-4558-a107-fdc096322d0f','mytrainer2client',NULL,NULL,'172.18.0.1','e50ee46d-dbef-4c14-8389-4018de132723','dd4cb16b-de34-4e97-8c8d-0dc93b954d9e',1746880320909,'CODE_TO_TOKEN','60c7bf2d-f5e0-4e08-a856-b0a633bfdb40','{\"token_id\":\"dc12c389-8e8c-4a1a-86b5-aade4e652d42\",\"grant_type\":\"authorization_code\",\"refresh_token_type\":\"Refresh\",\"scope\":\"openid email profile\",\"refresh_token_id\":\"be1c8e61-3b9e-41e3-8522-1f69fa4f3ff7\",\"code_id\":\"dd4cb16b-de34-4e97-8c8d-0dc93b954d9e\",\"client_auth_method\":\"client-secret\"}'),('83a19816-e269-42ff-a600-5e24322b5a3e','mytrainer2client',NULL,NULL,'172.18.0.1','e50ee46d-dbef-4c14-8389-4018de132723','f74331f5-d9ad-4825-89ce-f43cf5911b93',1746372462635,'LOGIN','60c7bf2d-f5e0-4e08-a856-b0a633bfdb40','{\"auth_method\":\"openid-connect\",\"auth_type\":\"code\",\"response_type\":\"code\",\"redirect_uri\":\"com.mvfitness.mytrainer2client://oauthredirect\",\"consent\":\"no_consent_required\",\"code_id\":\"f74331f5-d9ad-4825-89ce-f43cf5911b93\",\"response_mode\":\"query\",\"username\":\"trainer1\"}'),('83d14aa2-0ac0-4a6e-a947-13f19654e617','mytrainer2client',NULL,NULL,'172.18.0.1','e50ee46d-dbef-4c14-8389-4018de132723','78f696ef-686a-42a4-a289-e3a937768d87',1749054900775,'LOGIN','60c7bf2d-f5e0-4e08-a856-b0a633bfdb40','{\"auth_method\":\"openid-connect\",\"auth_type\":\"code\",\"redirect_uri\":\"com.mvfitness.mytrainer2client://oauthredirect\",\"remember_me\":\"true\",\"consent\":\"no_consent_required\",\"code_id\":\"78f696ef-686a-42a4-a289-e3a937768d87\",\"username\":\"trainer1\"}'),('83e013ce-3681-46d1-8ba8-c69299552ec4','mytrainer2client',NULL,NULL,'172.18.0.1','e50ee46d-dbef-4c14-8389-4018de132723','0d1d8970-3fd4-4284-a5f7-6df788268d94',1746089408877,'LOGIN','60c7bf2d-f5e0-4e08-a856-b0a633bfdb40','{\"auth_method\":\"openid-connect\",\"auth_type\":\"code\",\"response_type\":\"code\",\"redirect_uri\":\"com.mvfitness.mytrainer2client://callback\",\"consent\":\"no_consent_required\",\"code_id\":\"0d1d8970-3fd4-4284-a5f7-6df788268d94\",\"response_mode\":\"query\",\"username\":\"trainer1\"}'),('8463826f-31e9-4e72-b17a-d45caaa68f10','mytrainer2client',NULL,NULL,'172.18.0.1','e50ee46d-dbef-4c14-8389-4018de132723','9e1d5860-5358-4ecf-ad5b-cd0aeb9862be',1748063745731,'LOGIN','60c7bf2d-f5e0-4e08-a856-b0a633bfdb40','{\"auth_method\":\"openid-connect\",\"auth_type\":\"code\",\"response_type\":\"code\",\"redirect_uri\":\"com.mvfitness.mytrainer2client://oauthredirect\",\"consent\":\"no_consent_required\",\"code_id\":\"9e1d5860-5358-4ecf-ad5b-cd0aeb9862be\",\"response_mode\":\"query\",\"username\":\"trainer1\"}'),('84d5f4c7-f50d-47de-9645-8afa451f82d4','mytrainer2client',NULL,NULL,'172.18.0.1','e50ee46d-dbef-4c14-8389-4018de132723','8d18bc83-e27e-4fad-a4b8-e9596e315538',1748429979048,'LOGIN','60c7bf2d-f5e0-4e08-a856-b0a633bfdb40','{\"auth_method\":\"openid-connect\",\"auth_type\":\"code\",\"redirect_uri\":\"com.mvfitness.mytrainer2client://oauthredirect\",\"remember_me\":\"true\",\"consent\":\"no_consent_required\",\"code_id\":\"8d18bc83-e27e-4fad-a4b8-e9596e315538\",\"username\":\"trainer1\"}'),('84fa6042-d54d-46ab-9d88-8b6ab3abf8fa','mytrainer2client',NULL,NULL,'172.18.0.1','e50ee46d-dbef-4c14-8389-4018de132723','4f9ab544-3417-4a3f-9d60-7aefe790a3e5',1746983071740,'LOGOUT','60c7bf2d-f5e0-4e08-a856-b0a633bfdb40','{\"redirect_uri\":\"com.mvfitness.mytrainer2client://logoutredirect\"}'),('8635b453-9ebd-480d-870c-500d3e60df4f','mytrainer2client',NULL,NULL,'172.18.0.1','e50ee46d-dbef-4c14-8389-4018de132723','0f5a3614-ade1-4310-8d01-760f39446b20',1748072749909,'LOGIN','60c7bf2d-f5e0-4e08-a856-b0a633bfdb40','{\"auth_method\":\"openid-connect\",\"auth_type\":\"code\",\"redirect_uri\":\"com.mvfitness.mytrainer2client://oauthredirect\",\"consent\":\"no_consent_required\",\"code_id\":\"0f5a3614-ade1-4310-8d01-760f39446b20\",\"username\":\"trainer1\"}'),('86fffa6b-b84e-41ca-89ac-4d1c9e951fa5','mytrainer2client',NULL,NULL,'172.18.0.1','e50ee46d-dbef-4c14-8389-4018de132723','199a3653-688b-4989-a726-5b3f92e08a3b',1748848917337,'CODE_TO_TOKEN','60c7bf2d-f5e0-4e08-a856-b0a633bfdb40','{\"token_id\":\"aad9137a-03a9-45b6-ae74-61b06bd292f4\",\"grant_type\":\"authorization_code\",\"refresh_token_type\":\"Offline\",\"scope\":\"openid email offline_access profile\",\"refresh_token_id\":\"f2de2494-032e-4dc5-9733-9b731ea12c30\",\"code_id\":\"199a3653-688b-4989-a726-5b3f92e08a3b\",\"client_auth_method\":\"client-secret\"}'),('87134597-894b-4792-984a-e8177ff26083','mytrainer2client',NULL,NULL,'172.18.0.1','e50ee46d-dbef-4c14-8389-4018de132723','54be809f-05d1-4960-be0f-97cc059b85b6',1746098147377,'LOGIN','60c7bf2d-f5e0-4e08-a856-b0a633bfdb40','{\"auth_method\":\"openid-connect\",\"token_id\":\"2212597a-f092-439b-913d-352844d8066d\",\"grant_type\":\"password\",\"refresh_token_type\":\"Refresh\",\"scope\":\"openid email profile\",\"refresh_token_id\":\"4c282245-3764-4152-8a84-44d7dc872619\",\"client_auth_method\":\"client-secret\",\"username\":\"trainer1\"}'),('8714c8c3-d129-4895-aa5b-ce95c228c836','mytrainer2client',NULL,NULL,'172.18.0.1','e50ee46d-dbef-4c14-8389-4018de132723','df177212-52e4-4ae8-bf26-447c8499c9ad',1748191350458,'LOGIN','60c7bf2d-f5e0-4e08-a856-b0a633bfdb40','{\"auth_method\":\"openid-connect\",\"auth_type\":\"code\",\"redirect_uri\":\"com.mvfitness.mytrainer2client://oauthredirect\",\"consent\":\"no_consent_required\",\"code_id\":\"df177212-52e4-4ae8-bf26-447c8499c9ad\",\"username\":\"trainer1\"}'),('871ca951-d6a9-47a6-bd12-d08af84edc0f','mytrainer2client',NULL,NULL,'172.18.0.1','e50ee46d-dbef-4c14-8389-4018de132723','cfdc1397-ef79-4847-ac31-1a26390def91',1746882745705,'LOGIN','60c7bf2d-f5e0-4e08-a856-b0a633bfdb40','{\"auth_method\":\"openid-connect\",\"auth_type\":\"code\",\"redirect_uri\":\"com.mvfitness.mytrainer2client://oauthredirect\",\"consent\":\"no_consent_required\",\"code_id\":\"cfdc1397-ef79-4847-ac31-1a26390def91\",\"username\":\"trainer1\"}'),('87693dfc-2c76-482b-804a-c941f1786c15','mytrainer2client',NULL,NULL,'172.18.0.1','e50ee46d-dbef-4c14-8389-4018de132723','4c7d0118-0f90-4154-90a5-f308807e302c',1748433698142,'LOGIN','60c7bf2d-f5e0-4e08-a856-b0a633bfdb40','{\"auth_method\":\"openid-connect\",\"auth_type\":\"code\",\"redirect_uri\":\"com.mvfitness.mytrainer2client://oauthredirect\",\"remember_me\":\"true\",\"consent\":\"no_consent_required\",\"code_id\":\"4c7d0118-0f90-4154-90a5-f308807e302c\",\"username\":\"trainer1\"}'),('8873709d-2043-4ed8-a271-5fdcb5a93ca6','mytrainer2client',NULL,NULL,'172.18.0.1','e50ee46d-dbef-4c14-8389-4018de132723','c51c89c8-97c7-4548-a306-f5ce1b79593d',1752305060774,'LOGIN','60c7bf2d-f5e0-4e08-a856-b0a633bfdb40','{\"auth_method\":\"openid-connect\",\"auth_type\":\"code\",\"redirect_uri\":\"http://localhost/login\",\"remember_me\":\"true\",\"consent\":\"no_consent_required\",\"code_id\":\"c51c89c8-97c7-4548-a306-f5ce1b79593d\",\"username\":\"trainer1\"}'),('89020e81-2bf9-4723-9b3d-531ae8e08b85','mytrainer2client',NULL,NULL,'172.18.0.1','e50ee46d-dbef-4c14-8389-4018de132723','386de2e3-abc1-474f-aa1d-57ec6b4674f6',1746289255944,'CODE_TO_TOKEN','60c7bf2d-f5e0-4e08-a856-b0a633bfdb40','{\"token_id\":\"5cd2d318-4e91-41b9-a6e9-06c68e064024\",\"grant_type\":\"authorization_code\",\"refresh_token_type\":\"Refresh\",\"scope\":\"openid email profile\",\"refresh_token_id\":\"3300047d-34be-4801-acab-c426020d352f\",\"code_id\":\"386de2e3-abc1-474f-aa1d-57ec6b4674f6\",\"client_auth_method\":\"client-secret\"}'),('89280932-ab77-44f1-8162-47b661937e6f','mytrainer2client',NULL,NULL,'172.18.0.1','e50ee46d-dbef-4c14-8389-4018de132723',NULL,1745440526054,'LOGIN','24e9366d-f450-4e8b-81aa-a16609ddd9d3','{\"auth_method\":\"openid-connect\",\"identity_provider\":\"google\",\"response_type\":\"id_token token\",\"redirect_uri\":\"http://localhost/login\",\"remember_me\":\"false\",\"consent\":\"consent_granted\",\"identity_provider_identity\":\"simeonov230@gmail.com\",\"code_id\":\"a3603ea1-b9a5-441e-a6e5-3ed97fefe4e3\",\"response_mode\":\"fragment\",\"username\":\"simeonov230@gmail.com\"}'),('896e6c1e-d2ce-40dc-a2b5-da715c85d84a','mytrainer2client',NULL,NULL,'172.18.0.1','e50ee46d-dbef-4c14-8389-4018de132723','12cadeb3-627b-4cab-b283-9b9a361629fe',1749564409649,'LOGIN','60c7bf2d-f5e0-4e08-a856-b0a633bfdb40','{\"auth_method\":\"openid-connect\",\"auth_type\":\"code\",\"redirect_uri\":\"http://localhost/login\",\"consent\":\"no_consent_required\",\"code_id\":\"12cadeb3-627b-4cab-b283-9b9a361629fe\",\"username\":\"trainer1\"}'),('89b1d3cc-cbd5-490e-8739-5e3e012149c7','mytrainer2client',NULL,NULL,'172.18.0.1','e50ee46d-dbef-4c14-8389-4018de132723','037abf74-9389-4544-91a8-cb2d2a6e4dda',1746874572626,'CODE_TO_TOKEN','60c7bf2d-f5e0-4e08-a856-b0a633bfdb40','{\"token_id\":\"41678168-642b-4967-868a-fb9195751bf7\",\"grant_type\":\"authorization_code\",\"refresh_token_type\":\"Refresh\",\"scope\":\"openid email profile\",\"refresh_token_id\":\"1d7cf8fd-e9db-44c2-b7cf-5220c9030499\",\"code_id\":\"037abf74-9389-4544-91a8-cb2d2a6e4dda\",\"client_auth_method\":\"client-secret\"}'),('8ae2d175-59f7-4f32-9588-d6f592d3c35a','mytrainer2client',NULL,NULL,'172.18.0.1','e50ee46d-dbef-4c14-8389-4018de132723','e53b3da2-6c1c-439d-8bdc-34ef88ec0ff5',1748426150332,'LOGIN','60c7bf2d-f5e0-4e08-a856-b0a633bfdb40','{\"auth_method\":\"openid-connect\",\"auth_type\":\"code\",\"redirect_uri\":\"com.mvfitness.mytrainer2client://oauthredirect\",\"remember_me\":\"true\",\"consent\":\"no_consent_required\",\"code_id\":\"e53b3da2-6c1c-439d-8bdc-34ef88ec0ff5\",\"username\":\"trainer1\"}'),('8b0a7aad-d19f-4b5f-9af1-b309a7045d0e','mytrainer2client',NULL,NULL,'172.18.0.1','e50ee46d-dbef-4c14-8389-4018de132723','a4bf09a8-94f4-4989-88b1-8db0232f7d34',1746091519034,'LOGIN','60c7bf2d-f5e0-4e08-a856-b0a633bfdb40','{\"auth_method\":\"openid-connect\",\"auth_type\":\"code\",\"redirect_uri\":\"com.mvfitness.mytrainer2client://oauthredirect\",\"consent\":\"no_consent_required\",\"code_id\":\"a4bf09a8-94f4-4989-88b1-8db0232f7d34\",\"username\":\"trainer1\"}'),('8b9b8739-7def-4606-a3b8-194bdbe4b39b','mytrainer2client',NULL,NULL,'172.18.0.1','e50ee46d-dbef-4c14-8389-4018de132723','35a0dd0f-e3de-4059-95fa-a6fbf050c9db',1748432340352,'LOGIN','60c7bf2d-f5e0-4e08-a856-b0a633bfdb40','{\"auth_method\":\"openid-connect\",\"auth_type\":\"code\",\"redirect_uri\":\"com.mvfitness.mytrainer2client://oauthredirect\",\"remember_me\":\"true\",\"consent\":\"no_consent_required\",\"code_id\":\"35a0dd0f-e3de-4059-95fa-a6fbf050c9db\",\"username\":\"trainer1\"}'),('8ca2c151-8d95-4cc2-aaf1-f1ad9e288555','mytrainer2client',NULL,NULL,'172.18.0.1','e50ee46d-dbef-4c14-8389-4018de132723','557dec4c-6655-44ef-9674-548081a69095',1746521481070,'CODE_TO_TOKEN','60c7bf2d-f5e0-4e08-a856-b0a633bfdb40','{\"token_id\":\"91e873bf-630a-414d-9f00-f1b7e602c336\",\"grant_type\":\"authorization_code\",\"refresh_token_type\":\"Refresh\",\"scope\":\"openid email profile\",\"refresh_token_id\":\"f941473a-aa60-4fab-87ad-286e5c3d7ac4\",\"code_id\":\"557dec4c-6655-44ef-9674-548081a69095\",\"client_auth_method\":\"client-secret\"}'),('8d30cc00-c3b4-4626-b7f2-331ba95640c8','mytrainer2client',NULL,NULL,'172.18.0.1','e50ee46d-dbef-4c14-8389-4018de132723',NULL,1745441494051,'LOGIN','308d093f-8f0e-4343-826d-c73885bb57c3','{\"auth_method\":\"openid-connect\",\"identity_provider\":\"google\",\"response_type\":\"id_token token\",\"redirect_uri\":\"http://localhost/login\",\"remember_me\":\"false\",\"consent\":\"consent_granted\",\"identity_provider_identity\":\"simeonov230@gmail.com\",\"code_id\":\"993d7a4c-a45e-48ad-ad6e-d0430618740a\",\"response_mode\":\"fragment\",\"username\":\"simeonov230@gmail.com\"}'),('8d4d2296-0838-413b-9608-0a9c394ba1ac','mytrainer2client',NULL,NULL,'172.18.0.1','e50ee46d-dbef-4c14-8389-4018de132723','5e2a5075-f4e5-4b26-bfb7-074638a8efdd',1748434409534,'CODE_TO_TOKEN','60c7bf2d-f5e0-4e08-a856-b0a633bfdb40','{\"token_id\":\"a3aca821-0ca5-4f2f-b08d-4f38e28a2a39\",\"grant_type\":\"authorization_code\",\"refresh_token_type\":\"Offline\",\"scope\":\"openid email offline_access profile\",\"refresh_token_id\":\"286a0637-c650-41d9-a6fc-677b9a536380\",\"code_id\":\"5e2a5075-f4e5-4b26-bfb7-074638a8efdd\",\"client_auth_method\":\"client-secret\"}'),('8eb141a2-bbf3-42b2-a0b3-5705baf1c143','mytrainer2client',NULL,NULL,'172.18.0.1','e50ee46d-dbef-4c14-8389-4018de132723','e57b7f43-7ced-4212-917b-7beeddd0dd3c',1746096828282,'CODE_TO_TOKEN','60c7bf2d-f5e0-4e08-a856-b0a633bfdb40','{\"token_id\":\"6c510894-4e82-4ce8-a0dd-b3fd91aeaa2d\",\"grant_type\":\"authorization_code\",\"refresh_token_type\":\"Refresh\",\"scope\":\"openid email profile\",\"refresh_token_id\":\"9fc041a4-a0d7-4f7f-b1bc-c8193ce534ec\",\"code_id\":\"e57b7f43-7ced-4212-917b-7beeddd0dd3c\",\"client_auth_method\":\"client-secret\"}'),('8eb23c1e-527e-4a6a-8460-5a993de625a1','mytrainer2client',NULL,NULL,'172.18.0.1','e50ee46d-dbef-4c14-8389-4018de132723','037abf74-9389-4544-91a8-cb2d2a6e4dda',1746874571509,'LOGIN','60c7bf2d-f5e0-4e08-a856-b0a633bfdb40','{\"auth_method\":\"openid-connect\",\"auth_type\":\"code\",\"redirect_uri\":\"com.mvfitness.mytrainer2client://oauthredirect\",\"consent\":\"no_consent_required\",\"code_id\":\"037abf74-9389-4544-91a8-cb2d2a6e4dda\",\"username\":\"trainer1\"}'),('8edfc46d-dd91-427c-844a-c069e10f25f4','mytrainer2client',NULL,NULL,'172.18.0.1','e50ee46d-dbef-4c14-8389-4018de132723','f18b9682-b0ca-4269-9ab2-b39a8ebc844e',1746521865567,'LOGIN','60c7bf2d-f5e0-4e08-a856-b0a633bfdb40','{\"auth_method\":\"openid-connect\",\"auth_type\":\"code\",\"redirect_uri\":\"com.mvfitness.mytrainer2client://oauthredirect\",\"consent\":\"no_consent_required\",\"code_id\":\"f18b9682-b0ca-4269-9ab2-b39a8ebc844e\",\"username\":\"trainer1\"}'),('9029060b-b8ff-4c58-aa1a-2dbffbdcc0b4','mytrainer2client',NULL,NULL,'172.18.0.1','e50ee46d-dbef-4c14-8389-4018de132723','0e39e1c8-cabd-4244-9b36-8761bff71ca6',1746092910020,'LOGIN','60c7bf2d-f5e0-4e08-a856-b0a633bfdb40','{\"auth_method\":\"openid-connect\",\"token_id\":\"6ccd2cdc-6753-4939-adda-59c8a7d320b7\",\"grant_type\":\"password\",\"refresh_token_type\":\"Refresh\",\"scope\":\"openid email profile\",\"refresh_token_id\":\"f68a3ee6-a10f-4543-aa49-68b52d55c86f\",\"client_auth_method\":\"client-secret\",\"username\":\"trainer1\"}'),('906a9f9f-0222-4376-98f8-a9968fcfd84b','mytrainer2client',NULL,NULL,'172.18.0.1','e50ee46d-dbef-4c14-8389-4018de132723','11a37eba-e532-4c53-ae66-2e72fd7a444b',1746099130577,'LOGIN','60c7bf2d-f5e0-4e08-a856-b0a633bfdb40','{\"auth_method\":\"openid-connect\",\"auth_type\":\"code\",\"response_type\":\"id_token token\",\"redirect_uri\":\"http://localhost/login\",\"consent\":\"no_consent_required\",\"code_id\":\"11a37eba-e532-4c53-ae66-2e72fd7a444b\",\"response_mode\":\"fragment\",\"username\":\"trainer1\"}'),('90928da9-7300-4d58-85a6-7c42582b1b36','mytrainer2client',NULL,NULL,'172.18.0.1','e50ee46d-dbef-4c14-8389-4018de132723','86ae9396-66f4-4a8f-a1ed-6d889a5c1a8f',1748926424990,'LOGIN','60c7bf2d-f5e0-4e08-a856-b0a633bfdb40','{\"auth_method\":\"openid-connect\",\"auth_type\":\"code\",\"redirect_uri\":\"com.mvfitness.mytrainer2client://oauthredirect\",\"remember_me\":\"true\",\"consent\":\"no_consent_required\",\"code_id\":\"86ae9396-66f4-4a8f-a1ed-6d889a5c1a8f\",\"username\":\"trainer1\"}'),('9184e28d-7b66-476f-8fbf-63b88a9d847f','mytrainer2client',NULL,NULL,'172.18.0.1','e50ee46d-dbef-4c14-8389-4018de132723','fbceb094-3d29-45f6-8845-9487ab492a03',1748189291781,'LOGIN','60c7bf2d-f5e0-4e08-a856-b0a633bfdb40','{\"auth_method\":\"openid-connect\",\"auth_type\":\"code\",\"redirect_uri\":\"com.mvfitness.mytrainer2client://oauthredirect\",\"remember_me\":\"true\",\"consent\":\"no_consent_required\",\"code_id\":\"fbceb094-3d29-45f6-8845-9487ab492a03\",\"username\":\"trainer1\"}'),('91b696e1-b859-4b0e-9c9c-395114cdb00b','mytrainer2client',NULL,NULL,'172.18.0.1','e50ee46d-dbef-4c14-8389-4018de132723','d8d75d58-0a94-418e-abe1-28f594991a2a',1746102142541,'LOGIN','60c7bf2d-f5e0-4e08-a856-b0a633bfdb40','{\"auth_method\":\"openid-connect\",\"auth_type\":\"code\",\"redirect_uri\":\"http://localhost/login\",\"consent\":\"no_consent_required\",\"code_id\":\"d8d75d58-0a94-418e-abe1-28f594991a2a\",\"username\":\"trainer1\"}'),('92156503-5ec1-4da5-aac8-aeae628724ce','mytrainer2client',NULL,NULL,'172.18.0.1','e50ee46d-dbef-4c14-8389-4018de132723','ecd12113-2f11-4595-9431-fe581789bbc5',1748068068937,'LOGOUT','60c7bf2d-f5e0-4e08-a856-b0a633bfdb40','{\"redirect_uri\":\"com.mvfitness.mytrainer2client://logoutredirect\"}'),('92492fd3-b01d-4174-8ba9-debc6db932f0','mytrainer2client',NULL,NULL,'172.18.0.1','e50ee46d-dbef-4c14-8389-4018de132723','b8b1798b-1e6f-4f58-9886-0c0f16999452',1745867200591,'LOGOUT','60c7bf2d-f5e0-4e08-a856-b0a633bfdb40','{\"redirect_uri\":\"http://localhost\"}'),('9268e710-3744-476d-9ff5-b3ccdd2ae183','mytrainer2client',NULL,NULL,'172.18.0.1','e50ee46d-dbef-4c14-8389-4018de132723','9e1d5860-5358-4ecf-ad5b-cd0aeb9862be',1748063743809,'CODE_TO_TOKEN','60c7bf2d-f5e0-4e08-a856-b0a633bfdb40','{\"token_id\":\"f2564060-840a-4508-9feb-fd5703808348\",\"grant_type\":\"authorization_code\",\"refresh_token_type\":\"Refresh\",\"scope\":\"openid email profile\",\"refresh_token_id\":\"d4e0f1d2-11b5-437f-884e-6927026db84c\",\"code_id\":\"9e1d5860-5358-4ecf-ad5b-cd0aeb9862be\",\"client_auth_method\":\"client-secret\"}'),('92a5b350-1fb5-47ee-b36d-a7a9f3c91efb','mytrainer2client',NULL,NULL,'172.18.0.1','e50ee46d-dbef-4c14-8389-4018de132723','71678999-69c0-4656-883e-4e712c2f8b02',1746882169941,'LOGIN','60c7bf2d-f5e0-4e08-a856-b0a633bfdb40','{\"auth_method\":\"openid-connect\",\"auth_type\":\"code\",\"redirect_uri\":\"com.mvfitness.mytrainer2client://oauthredirect\",\"consent\":\"no_consent_required\",\"code_id\":\"71678999-69c0-4656-883e-4e712c2f8b02\",\"username\":\"trainer1\"}'),('93947fb6-91f7-4a07-bde6-0884decc18ff','mytrainer2client',NULL,NULL,'172.18.0.1','e50ee46d-dbef-4c14-8389-4018de132723','2eadd392-9a81-4401-af6e-8faa274dd834',1748180303517,'CODE_TO_TOKEN','60c7bf2d-f5e0-4e08-a856-b0a633bfdb40','{\"token_id\":\"245254e6-77c1-4438-92d1-c4db736afeca\",\"grant_type\":\"authorization_code\",\"refresh_token_type\":\"Refresh\",\"scope\":\"openid email profile\",\"refresh_token_id\":\"5af1ad19-553f-46f2-ad35-14fb618de2c1\",\"code_id\":\"2eadd392-9a81-4401-af6e-8faa274dd834\",\"client_auth_method\":\"client-secret\"}'),('93e026ff-f3e9-4468-b9fc-4df218392a34','mytrainer2client',NULL,'invalid_redirect_uri','172.18.0.1','e50ee46d-dbef-4c14-8389-4018de132723',NULL,1745734856278,'LOGIN_ERROR',NULL,'{\"redirect_uri\":\"com.example.app://oauthredirect\"}'),('93f3802b-5cc9-4cd0-bc9a-4a7a79bdd13a','mytrainer2client',NULL,NULL,'172.18.0.1','e50ee46d-dbef-4c14-8389-4018de132723','201ad2f9-c280-45cf-b540-73b6adb47a10',1746042354311,'LOGIN','60c7bf2d-f5e0-4e08-a856-b0a633bfdb40','{\"auth_method\":\"openid-connect\",\"auth_type\":\"code\",\"response_type\":\"code\",\"redirect_uri\":\"com.mvfitness.mytrainer2client://oauthredirect\",\"consent\":\"no_consent_required\",\"code_id\":\"201ad2f9-c280-45cf-b540-73b6adb47a10\",\"response_mode\":\"query\",\"username\":\"trainer1\"}'),('94155efc-1671-458a-9ac1-02ea82b6c5ed','mytrainer2client',NULL,NULL,'172.18.0.1','e50ee46d-dbef-4c14-8389-4018de132723','081648eb-217f-4262-9e9c-75bd64bd592b',1748179799864,'CODE_TO_TOKEN','60c7bf2d-f5e0-4e08-a856-b0a633bfdb40','{\"token_id\":\"5613d633-1a06-4f9c-8f8a-7362e46c9bdc\",\"grant_type\":\"authorization_code\",\"refresh_token_type\":\"Refresh\",\"scope\":\"openid email profile\",\"refresh_token_id\":\"185699fd-6c99-4eb5-91fc-f2ef1019f558\",\"code_id\":\"081648eb-217f-4262-9e9c-75bd64bd592b\",\"client_auth_method\":\"client-secret\"}'),('94cca1b2-5ee4-4fbe-b89e-671fcce067a7','mytrainer2client',NULL,NULL,'172.18.0.1','e50ee46d-dbef-4c14-8389-4018de132723','cd2e7bc0-855b-4339-a47e-6548ab5dda76',1748065078354,'LOGOUT','60c7bf2d-f5e0-4e08-a856-b0a633bfdb40','{\"redirect_uri\":\"com.mvfitness.mytrainer2client://logoutredirect\"}'),('950ba2f7-85fd-4800-81a3-158f077f7c0a','mytrainer2client',NULL,NULL,'172.18.0.1','e50ee46d-dbef-4c14-8389-4018de132723','67329fa8-7f18-4b42-b3c4-378c2046a792',1748065550179,'LOGIN','60c7bf2d-f5e0-4e08-a856-b0a633bfdb40','{\"auth_method\":\"openid-connect\",\"auth_type\":\"code\",\"response_type\":\"code\",\"redirect_uri\":\"com.mvfitness.mytrainer2client://oauthredirect\",\"consent\":\"no_consent_required\",\"code_id\":\"67329fa8-7f18-4b42-b3c4-378c2046a792\",\"response_mode\":\"query\",\"username\":\"trainer1\"}'),('951e42a2-83c4-4213-b7cd-458b211ffaa9','mytrainer2client',NULL,NULL,'172.18.0.1','e50ee46d-dbef-4c14-8389-4018de132723','0cb36af0-79c9-4b07-b9c5-908e959aae2a',1748244744779,'LOGIN','60c7bf2d-f5e0-4e08-a856-b0a633bfdb40','{\"auth_method\":\"openid-connect\",\"auth_type\":\"code\",\"redirect_uri\":\"com.mvfitness.mytrainer2client://oauthredirect\",\"consent\":\"no_consent_required\",\"code_id\":\"0cb36af0-79c9-4b07-b9c5-908e959aae2a\",\"username\":\"trainer1\"}'),('953bcfa8-2888-4ea8-9ce2-9bc4cb43ec36','mytrainer2client',NULL,NULL,'172.18.0.1','e50ee46d-dbef-4c14-8389-4018de132723','de18faf3-200b-462f-9870-cb9c80ea7edb',1746095563537,'LOGIN','60c7bf2d-f5e0-4e08-a856-b0a633bfdb40','{\"auth_method\":\"openid-connect\",\"auth_type\":\"code\",\"response_type\":\"code\",\"redirect_uri\":\"com.mvfitness.mytrainer2client://oauthredirect\",\"consent\":\"no_consent_required\",\"code_id\":\"de18faf3-200b-462f-9870-cb9c80ea7edb\",\"response_mode\":\"query\",\"username\":\"trainer1\"}'),('9556948f-fc32-4d9b-ab92-b6173b84d8ad','mytrainer2client',NULL,NULL,'172.18.0.1','e50ee46d-dbef-4c14-8389-4018de132723','cc6563e3-b657-44f0-922d-bc92e9f43f69',1746885856425,'CODE_TO_TOKEN','60c7bf2d-f5e0-4e08-a856-b0a633bfdb40','{\"token_id\":\"af0c7c19-fe02-4b63-9afa-a78fd9abcc7f\",\"grant_type\":\"authorization_code\",\"refresh_token_type\":\"Refresh\",\"scope\":\"openid email profile\",\"refresh_token_id\":\"bdc5912e-cc3a-474f-8aad-67a7c0511505\",\"code_id\":\"cc6563e3-b657-44f0-922d-bc92e9f43f69\",\"client_auth_method\":\"client-secret\"}'),('956498f2-b333-4c69-8e2b-47fc42574493','mytrainer2client',NULL,'session_expired','172.18.0.1','e50ee46d-dbef-4c14-8389-4018de132723',NULL,1745441639475,'LOGOUT_ERROR',NULL,NULL),('95f51a6e-384a-47f9-862b-e26d084ad722','mytrainer2client',NULL,NULL,'172.18.0.1','e50ee46d-dbef-4c14-8389-4018de132723','a3603ea1-b9a5-441e-a6e5-3ed97fefe4e3',1745441469839,'LOGOUT','24e9366d-f450-4e8b-81aa-a16609ddd9d3','{\"redirect_uri\":\"http://localhost\"}'),('96b0e562-575b-4b4b-aef4-82de3fd3a29b','mytrainer2client',NULL,NULL,'172.18.0.1','e50ee46d-dbef-4c14-8389-4018de132723','6d2eb0f5-ad2a-42cc-ab78-f1db0362e281',1746886450368,'LOGOUT','60c7bf2d-f5e0-4e08-a856-b0a633bfdb40','{\"redirect_uri\":\"com.mvfitness.mytrainer2client://logoutredirect\"}'),('96bdcbd4-494d-4c2a-baee-d9f55d50f89c','mytrainer2client',NULL,NULL,'172.18.0.1','e50ee46d-dbef-4c14-8389-4018de132723','ed72c557-57ae-4624-b1b0-f57d466f8b21',1748173115711,'LOGIN','60c7bf2d-f5e0-4e08-a856-b0a633bfdb40','{\"auth_method\":\"openid-connect\",\"auth_type\":\"code\",\"redirect_uri\":\"com.mvfitness.mytrainer2client://oauthredirect\",\"consent\":\"no_consent_required\",\"code_id\":\"ed72c557-57ae-4624-b1b0-f57d466f8b21\",\"username\":\"trainer1\"}'),('96db1898-2744-45fb-ae3d-85ef86a94624','mytrainer2client',NULL,NULL,'172.18.0.1','e50ee46d-dbef-4c14-8389-4018de132723','5cf2dbcd-7f38-4672-8d22-4223beb207de',1748926784573,'CODE_TO_TOKEN','60c7bf2d-f5e0-4e08-a856-b0a633bfdb40','{\"token_id\":\"7df072ba-4ccf-4fa9-8855-3f9ee9b26bcf\",\"grant_type\":\"authorization_code\",\"refresh_token_type\":\"Offline\",\"scope\":\"openid email offline_access profile\",\"refresh_token_id\":\"89c98033-461d-449f-90db-0120ea6cb4c4\",\"code_id\":\"5cf2dbcd-7f38-4672-8d22-4223beb207de\",\"client_auth_method\":\"client-secret\"}'),('96dfcf53-33f6-4f4e-9cb0-40829dc80450','mytrainer2client',NULL,NULL,'172.18.0.1','e50ee46d-dbef-4c14-8389-4018de132723','4ccd2e31-a908-4d54-b152-86a8ff9134c7',1747856507926,'LOGIN','60c7bf2d-f5e0-4e08-a856-b0a633bfdb40','{\"auth_method\":\"openid-connect\",\"auth_type\":\"code\",\"redirect_uri\":\"com.mvfitness.mytrainer2client://oauthredirect\",\"consent\":\"no_consent_required\",\"code_id\":\"4ccd2e31-a908-4d54-b152-86a8ff9134c7\",\"username\":\"trainer1\"}'),('979b64c9-dc20-4c25-96e1-7b8b03eb1793','mytrainer2client',NULL,NULL,'172.18.0.1','e50ee46d-dbef-4c14-8389-4018de132723','b04a1ecd-86ce-4ec8-9fb0-454feda03f7c',1749012549148,'LOGIN','60c7bf2d-f5e0-4e08-a856-b0a633bfdb40','{\"auth_method\":\"openid-connect\",\"auth_type\":\"code\",\"redirect_uri\":\"com.mvfitness.mytrainer2client://oauthredirect\",\"remember_me\":\"true\",\"consent\":\"no_consent_required\",\"code_id\":\"b04a1ecd-86ce-4ec8-9fb0-454feda03f7c\",\"username\":\"trainer1\"}'),('99a12837-be63-422c-90f7-272cf573a428','mytrainer2client',NULL,NULL,'172.18.0.1','e50ee46d-dbef-4c14-8389-4018de132723',NULL,1745440519852,'REGISTER','24e9366d-f450-4e8b-81aa-a16609ddd9d3','{\"identity_provider\":\"google\",\"register_method\":\"broker\",\"identity_provider_identity\":\"simeonov230@gmail.com\",\"code_id\":\"a3603ea1-b9a5-441e-a6e5-3ed97fefe4e3\",\"email\":\"simeonov230@gmail.com\",\"username\":\"simeonov230@gmail.com\"}'),('9abf0848-1749-48ab-acf8-c031ecbd0567','mytrainer2client',NULL,NULL,'172.18.0.1','e50ee46d-dbef-4c14-8389-4018de132723','e53b3da2-6c1c-439d-8bdc-34ef88ec0ff5',1748426150932,'CODE_TO_TOKEN','60c7bf2d-f5e0-4e08-a856-b0a633bfdb40','{\"token_id\":\"d4661577-94d1-4a45-899f-4f8d83fb7c6e\",\"grant_type\":\"authorization_code\",\"refresh_token_type\":\"Offline\",\"scope\":\"openid email offline_access profile\",\"refresh_token_id\":\"096c03c7-4e6c-4930-8677-d12975d21b2f\",\"code_id\":\"e53b3da2-6c1c-439d-8bdc-34ef88ec0ff5\",\"client_auth_method\":\"client-secret\"}'),('9b233525-2954-4b1f-8ba0-542d2bcfa65c','mytrainer2client',NULL,NULL,'172.18.0.1','e50ee46d-dbef-4c14-8389-4018de132723','4f5dcd2c-f257-4b3b-819f-c5a7bda07159',1746096233667,'CODE_TO_TOKEN','60c7bf2d-f5e0-4e08-a856-b0a633bfdb40','{\"token_id\":\"2931fb74-b177-4994-b85b-c9bb8cd81a7a\",\"grant_type\":\"authorization_code\",\"refresh_token_type\":\"Refresh\",\"scope\":\"openid email profile\",\"refresh_token_id\":\"a919111c-520c-4454-8fb2-be27ba34a83a\",\"code_id\":\"4f5dcd2c-f257-4b3b-819f-c5a7bda07159\",\"client_auth_method\":\"client-secret\"}'),('9b31ada9-9ab5-452e-b601-bac622f6bef9','mytrainer2client',NULL,NULL,'172.18.0.1','e50ee46d-dbef-4c14-8389-4018de132723','8467adc8-a8fd-43bd-9268-8079075affa2',1748434209403,'LOGIN','60c7bf2d-f5e0-4e08-a856-b0a633bfdb40','{\"auth_method\":\"openid-connect\",\"auth_type\":\"code\",\"redirect_uri\":\"com.mvfitness.mytrainer2client://oauthredirect\",\"remember_me\":\"true\",\"consent\":\"no_consent_required\",\"code_id\":\"8467adc8-a8fd-43bd-9268-8079075affa2\",\"username\":\"trainer1\"}'),('9ba18908-9ec8-4165-94ce-364bbe3aabd5','mytrainer2client',NULL,NULL,'172.18.0.1','e50ee46d-dbef-4c14-8389-4018de132723','de18faf3-200b-462f-9870-cb9c80ea7edb',1746094891545,'LOGIN','60c7bf2d-f5e0-4e08-a856-b0a633bfdb40','{\"auth_method\":\"openid-connect\",\"auth_type\":\"code\",\"redirect_uri\":\"com.mvfitness.mytrainer2client://oauthredirect\",\"consent\":\"no_consent_required\",\"code_id\":\"de18faf3-200b-462f-9870-cb9c80ea7edb\",\"username\":\"trainer1\"}'),('9bebfa9a-37d7-4807-8f8e-38e0ebf5cdff','mytrainer2client',NULL,NULL,'172.18.0.1','e50ee46d-dbef-4c14-8389-4018de132723','86ae9396-66f4-4a8f-a1ed-6d889a5c1a8f',1748926431051,'CODE_TO_TOKEN','60c7bf2d-f5e0-4e08-a856-b0a633bfdb40','{\"token_id\":\"f1b4f9ea-3730-45e5-8f6d-7110e4df9b21\",\"grant_type\":\"authorization_code\",\"refresh_token_type\":\"Offline\",\"scope\":\"openid email offline_access profile\",\"refresh_token_id\":\"9d5f325c-b80d-4f31-ad5b-d74dce375c3a\",\"code_id\":\"86ae9396-66f4-4a8f-a1ed-6d889a5c1a8f\",\"client_auth_method\":\"client-secret\"}'),('9c9e6eb3-0169-4426-8640-bc544d647e6d','mytrainer2client',NULL,'invalid_user_credentials','172.18.0.1','e50ee46d-dbef-4c14-8389-4018de132723',NULL,1748436270764,'LOGIN_ERROR','60c7bf2d-f5e0-4e08-a856-b0a633bfdb40','{\"auth_method\":\"openid-connect\",\"auth_type\":\"code\",\"redirect_uri\":\"com.mvfitness.mytrainer2client://oauthredirect\",\"code_id\":\"159eecdc-b36d-4d35-bd58-abc7b32930a2\",\"username\":\"trainer1\"}'),('9cf554a8-fbf0-4c3b-988f-4eb2275214f0','mytrainer2client',NULL,NULL,'172.18.0.1','e50ee46d-dbef-4c14-8389-4018de132723','d320e794-1966-4254-9399-c24cb2713723',1746883325538,'LOGIN','60c7bf2d-f5e0-4e08-a856-b0a633bfdb40','{\"auth_method\":\"openid-connect\",\"auth_type\":\"code\",\"redirect_uri\":\"com.mvfitness.mytrainer2client://oauthredirect\",\"consent\":\"no_consent_required\",\"code_id\":\"d320e794-1966-4254-9399-c24cb2713723\",\"username\":\"trainer1\"}'),('9d250a41-ad23-460c-a0c7-f99486ccf3db','mytrainer2client',NULL,NULL,'172.18.0.1','e50ee46d-dbef-4c14-8389-4018de132723','cc6563e3-b657-44f0-922d-bc92e9f43f69',1746885855742,'LOGIN','60c7bf2d-f5e0-4e08-a856-b0a633bfdb40','{\"auth_method\":\"openid-connect\",\"auth_type\":\"code\",\"redirect_uri\":\"com.mvfitness.mytrainer2client://oauthredirect\",\"consent\":\"no_consent_required\",\"code_id\":\"cc6563e3-b657-44f0-922d-bc92e9f43f69\",\"username\":\"trainer1\"}'),('9f6f55cb-2a40-4756-8302-400fa20f423a','mytrainer2client',NULL,NULL,'172.18.0.1','e50ee46d-dbef-4c14-8389-4018de132723','94accc6d-be5c-451f-8d2f-b79696be05f8',1749564376504,'LOGIN','60c7bf2d-f5e0-4e08-a856-b0a633bfdb40','{\"auth_method\":\"openid-connect\",\"auth_type\":\"code\",\"redirect_uri\":\"http://localhost/login\",\"consent\":\"no_consent_required\",\"code_id\":\"94accc6d-be5c-451f-8d2f-b79696be05f8\",\"username\":\"trainer1\"}'),('a0ea53fa-1a86-4cbd-aa90-1ff96194dfec','mytrainer2client',NULL,NULL,'172.18.0.1','e50ee46d-dbef-4c14-8389-4018de132723','b63e9a52-6a95-4f5d-8910-768608551d8b',1748072148056,'LOGIN','60c7bf2d-f5e0-4e08-a856-b0a633bfdb40','{\"auth_method\":\"openid-connect\",\"auth_type\":\"code\",\"redirect_uri\":\"com.mvfitness.mytrainer2client://oauthredirect\",\"consent\":\"no_consent_required\",\"code_id\":\"b63e9a52-6a95-4f5d-8910-768608551d8b\",\"username\":\"trainer1\"}'),('a0eb8372-1a5a-4ad3-91d6-5b85fdf77864','mytrainer2client',NULL,NULL,'172.18.0.1','e50ee46d-dbef-4c14-8389-4018de132723','694cfcf3-f1c6-4942-b0c7-cb6784eba7e1',1748430162717,'LOGIN','60c7bf2d-f5e0-4e08-a856-b0a633bfdb40','{\"auth_method\":\"openid-connect\",\"auth_type\":\"code\",\"redirect_uri\":\"com.mvfitness.mytrainer2client://oauthredirect\",\"remember_me\":\"true\",\"consent\":\"no_consent_required\",\"code_id\":\"694cfcf3-f1c6-4942-b0c7-cb6784eba7e1\",\"username\":\"trainer1\"}'),('a0f92fb8-e552-483b-bf00-a237878fec5c','mytrainer2client',NULL,'invalid_redirect_uri','172.18.0.1','e50ee46d-dbef-4c14-8389-4018de132723',NULL,1745864134165,'LOGIN_ERROR',NULL,'{\"redirect_uri\":\"com.example.app://oauthredirect\"}'),('a2b82adc-c807-4d5e-9e88-2dd4d9a864c9','mytrainer2client',NULL,NULL,'172.18.0.1','e50ee46d-dbef-4c14-8389-4018de132723','487e3945-1516-4493-b6ec-d3bed4be57f7',1746096811542,'LOGOUT','60c7bf2d-f5e0-4e08-a856-b0a633bfdb40','{\"redirect_uri\":\"com.mvfitness.mytrainer2client://logoutredirect\"}'),('a30fe05f-7ad6-4966-964a-ada368cd2609','mytrainer2client',NULL,NULL,'172.18.0.1','e50ee46d-dbef-4c14-8389-4018de132723','e4325191-4b13-4e49-9a97-0c80976e1034',1746285205517,'LOGIN','60c7bf2d-f5e0-4e08-a856-b0a633bfdb40','{\"auth_method\":\"openid-connect\",\"auth_type\":\"code\",\"redirect_uri\":\"http://localhost/login\",\"consent\":\"no_consent_required\",\"code_id\":\"e4325191-4b13-4e49-9a97-0c80976e1034\",\"username\":\"trainer1\"}'),('a44d843d-64c8-4aa1-b409-2632ba924e0a','mytrainer2client',NULL,NULL,'172.18.0.1','e50ee46d-dbef-4c14-8389-4018de132723','dd4cb16b-de34-4e97-8c8d-0dc93b954d9e',1746880320104,'LOGIN','60c7bf2d-f5e0-4e08-a856-b0a633bfdb40','{\"auth_method\":\"openid-connect\",\"auth_type\":\"code\",\"redirect_uri\":\"com.mvfitness.mytrainer2client://oauthredirect\",\"consent\":\"no_consent_required\",\"code_id\":\"dd4cb16b-de34-4e97-8c8d-0dc93b954d9e\",\"username\":\"trainer1\"}'),('a457d483-3670-4857-b646-7b569619d8db','mytrainer2client',NULL,NULL,'172.18.0.1','e50ee46d-dbef-4c14-8389-4018de132723','482ca298-0344-4c44-9bdf-dc96e594e90f',1748441428536,'LOGIN','60c7bf2d-f5e0-4e08-a856-b0a633bfdb40','{\"auth_method\":\"openid-connect\",\"auth_type\":\"code\",\"redirect_uri\":\"com.mvfitness.mytrainer2client://oauthredirect\",\"remember_me\":\"true\",\"consent\":\"no_consent_required\",\"code_id\":\"482ca298-0344-4c44-9bdf-dc96e594e90f\",\"username\":\"trainer1\"}'),('a54080ad-68bd-4c95-b194-5ee881be17ec','mytrainer2client',NULL,NULL,'172.18.0.1','e50ee46d-dbef-4c14-8389-4018de132723','f74331f5-d9ad-4825-89ce-f43cf5911b93',1746372463973,'CODE_TO_TOKEN','60c7bf2d-f5e0-4e08-a856-b0a633bfdb40','{\"token_id\":\"cd90188e-ac65-4c14-82fe-1d3dd62c1a86\",\"grant_type\":\"authorization_code\",\"refresh_token_type\":\"Refresh\",\"scope\":\"openid email profile\",\"refresh_token_id\":\"4b4540cb-d73f-4076-9ad4-b42489d1d5b1\",\"code_id\":\"f74331f5-d9ad-4825-89ce-f43cf5911b93\",\"client_auth_method\":\"client-secret\"}'),('a60e82ed-2c68-4dca-bb9d-ba767a6ecca1','mytrainer2client',NULL,NULL,'172.18.0.1','e50ee46d-dbef-4c14-8389-4018de132723',NULL,1745441654299,'LOGIN','c24c3776-c1c9-4761-ab43-25be8e927ec6','{\"auth_method\":\"openid-connect\",\"identity_provider\":\"google\",\"response_type\":\"id_token token\",\"redirect_uri\":\"http://localhost/login\",\"remember_me\":\"false\",\"consent\":\"consent_granted\",\"identity_provider_identity\":\"simeonov230@gmail.com\",\"code_id\":\"84937408-fdcb-4e0f-8efc-9c4a6534a33f\",\"response_mode\":\"fragment\",\"username\":\"simeonov230@gmail.com\"}'),('a6bd940d-a937-40cd-a5ba-39b99656b4bf','mytrainer2client',NULL,NULL,'172.18.0.1','e50ee46d-dbef-4c14-8389-4018de132723','386de2e3-abc1-474f-aa1d-57ec6b4674f6',1746289255400,'LOGIN','60c7bf2d-f5e0-4e08-a856-b0a633bfdb40','{\"auth_method\":\"openid-connect\",\"auth_type\":\"code\",\"redirect_uri\":\"com.mvfitness.mytrainer2client://oauthredirect\",\"consent\":\"no_consent_required\",\"code_id\":\"386de2e3-abc1-474f-aa1d-57ec6b4674f6\",\"username\":\"trainer1\"}'),('a8412a95-092b-478d-9f50-6cf73d84371a','mytrainer2client',NULL,NULL,'172.18.0.1','e50ee46d-dbef-4c14-8389-4018de132723','cd2e7bc0-855b-4339-a47e-6548ab5dda76',1748064500972,'LOGIN','60c7bf2d-f5e0-4e08-a856-b0a633bfdb40','{\"auth_method\":\"openid-connect\",\"auth_type\":\"code\",\"response_type\":\"code\",\"redirect_uri\":\"com.mvfitness.mytrainer2client://oauthredirect\",\"consent\":\"no_consent_required\",\"code_id\":\"cd2e7bc0-855b-4339-a47e-6548ab5dda76\",\"response_mode\":\"query\",\"username\":\"trainer1\"}'),('a8e64993-997b-4d96-a397-8cbfaff9b23a','mytrainer2client',NULL,NULL,'172.18.0.1','e50ee46d-dbef-4c14-8389-4018de132723','d01848aa-c15b-4097-a7af-53d467cb0969',1746369658411,'LOGIN','60c7bf2d-f5e0-4e08-a856-b0a633bfdb40','{\"auth_method\":\"openid-connect\",\"auth_type\":\"code\",\"redirect_uri\":\"com.mvfitness.mytrainer2client://oauthredirect\",\"consent\":\"no_consent_required\",\"code_id\":\"d01848aa-c15b-4097-a7af-53d467cb0969\",\"username\":\"trainer1\"}'),('aa133d11-43ea-4a63-9300-de4151f5c815','mytrainer2client',NULL,NULL,'172.18.0.1','e50ee46d-dbef-4c14-8389-4018de132723','21f11c1a-31c2-48e0-b889-050d3752951e',1748065092461,'CODE_TO_TOKEN','60c7bf2d-f5e0-4e08-a856-b0a633bfdb40','{\"token_id\":\"48582de7-8618-4ac0-b0b5-85fd81a0f8d6\",\"grant_type\":\"authorization_code\",\"refresh_token_type\":\"Refresh\",\"scope\":\"openid email profile\",\"refresh_token_id\":\"dc039fa7-5cf3-4a12-ae31-928f7f4804cc\",\"code_id\":\"21f11c1a-31c2-48e0-b889-050d3752951e\",\"client_auth_method\":\"client-secret\"}'),('aab92d35-8af3-419c-ad76-f23fc76f0fa8','mytrainer2client',NULL,NULL,'172.18.0.1','e50ee46d-dbef-4c14-8389-4018de132723','67329fa8-7f18-4b42-b3c4-378c2046a792',1748065412971,'LOGIN','60c7bf2d-f5e0-4e08-a856-b0a633bfdb40','{\"auth_method\":\"openid-connect\",\"auth_type\":\"code\",\"redirect_uri\":\"com.mvfitness.mytrainer2client://oauthredirect\",\"consent\":\"no_consent_required\",\"code_id\":\"67329fa8-7f18-4b42-b3c4-378c2046a792\",\"username\":\"trainer1\"}'),('aaec5260-d144-4514-b1ff-780a4fc7ef95','mytrainer2client',NULL,NULL,'172.18.0.1','e50ee46d-dbef-4c14-8389-4018de132723','6d2eb0f5-ad2a-42cc-ab78-f1db0362e281',1746886103261,'CODE_TO_TOKEN','60c7bf2d-f5e0-4e08-a856-b0a633bfdb40','{\"token_id\":\"400de09b-bc6c-478a-8e04-8fb8b6bdef77\",\"grant_type\":\"authorization_code\",\"refresh_token_type\":\"Refresh\",\"scope\":\"openid email profile\",\"refresh_token_id\":\"4a9c9b27-9cc5-42c5-abad-bb654d175f06\",\"code_id\":\"6d2eb0f5-ad2a-42cc-ab78-f1db0362e281\",\"client_auth_method\":\"client-secret\"}'),('aaf72fbe-97f6-4dd0-bfec-02c73eaef732','mytrainer2client',NULL,NULL,'172.18.0.1','e50ee46d-dbef-4c14-8389-4018de132723','21f11c1a-31c2-48e0-b889-050d3752951e',1748065091984,'LOGIN','60c7bf2d-f5e0-4e08-a856-b0a633bfdb40','{\"auth_method\":\"openid-connect\",\"auth_type\":\"code\",\"redirect_uri\":\"com.mvfitness.mytrainer2client://oauthredirect\",\"remember_me\":\"true\",\"consent\":\"no_consent_required\",\"code_id\":\"21f11c1a-31c2-48e0-b889-050d3752951e\",\"username\":\"trainer1\"}'),('ab71a8dc-ab32-4004-8143-110093540e16','mytrainer2client',NULL,NULL,'172.18.0.1','e50ee46d-dbef-4c14-8389-4018de132723','f874a8d1-740c-49b4-aa5c-a4f7d6603f9f',1749585380975,'LOGOUT','60c7bf2d-f5e0-4e08-a856-b0a633bfdb40','{\"redirect_uri\":\"http://localhost\"}'),('ac11afe6-d231-4818-9e78-a1f7f715ff4b','mytrainer2client',NULL,NULL,'172.18.0.1','e50ee46d-dbef-4c14-8389-4018de132723','199a3653-688b-4989-a726-5b3f92e08a3b',1748848916797,'LOGIN','60c7bf2d-f5e0-4e08-a856-b0a633bfdb40','{\"auth_method\":\"openid-connect\",\"auth_type\":\"code\",\"redirect_uri\":\"com.mvfitness.mytrainer2client://oauthredirect\",\"remember_me\":\"true\",\"consent\":\"no_consent_required\",\"code_id\":\"199a3653-688b-4989-a726-5b3f92e08a3b\",\"username\":\"trainer1\"}'),('ac5a7d4f-94c4-447d-bead-4740cb039b77','mytrainer2client',NULL,NULL,'172.18.0.1','e50ee46d-dbef-4c14-8389-4018de132723',NULL,1745441492776,'CUSTOM_REQUIRED_ACTION','308d093f-8f0e-4343-826d-c73885bb57c3','{\"auth_method\":\"openid-connect\",\"identity_provider\":\"google\",\"custom_required_action\":\"TERMS_AND_CONDITIONS\",\"response_type\":\"id_token token\",\"redirect_uri\":\"http://localhost/login\",\"remember_me\":\"false\",\"identity_provider_identity\":\"simeonov230@gmail.com\",\"code_id\":\"993d7a4c-a45e-48ad-ad6e-d0430618740a\",\"response_mode\":\"fragment\",\"username\":\"simeonov230@gmail.com\"}'),('acf15ec7-a568-4e7e-a25c-061dc03b3f26','mytrainer2client',NULL,NULL,'172.18.0.1','e50ee46d-dbef-4c14-8389-4018de132723',NULL,1745440524314,'CUSTOM_REQUIRED_ACTION','24e9366d-f450-4e8b-81aa-a16609ddd9d3','{\"auth_method\":\"openid-connect\",\"identity_provider\":\"google\",\"custom_required_action\":\"TERMS_AND_CONDITIONS\",\"response_type\":\"id_token token\",\"redirect_uri\":\"http://localhost/login\",\"remember_me\":\"false\",\"identity_provider_identity\":\"simeonov230@gmail.com\",\"code_id\":\"a3603ea1-b9a5-441e-a6e5-3ed97fefe4e3\",\"response_mode\":\"fragment\",\"username\":\"simeonov230@gmail.com\"}'),('ad4ba588-3bad-440f-9c0b-f78125614d73','mytrainer2client',NULL,NULL,'172.18.0.1','e50ee46d-dbef-4c14-8389-4018de132723','1555e8a6-bc6a-49f0-8ae1-de03e0f8b6b2',1749013889431,'LOGIN','60c7bf2d-f5e0-4e08-a856-b0a633bfdb40','{\"auth_method\":\"openid-connect\",\"auth_type\":\"code\",\"redirect_uri\":\"com.mvfitness.mytrainer2client://oauthredirect\",\"remember_me\":\"true\",\"consent\":\"no_consent_required\",\"code_id\":\"1555e8a6-bc6a-49f0-8ae1-de03e0f8b6b2\",\"username\":\"trainer1\"}'),('adf23a54-5d47-4489-8e5b-bac144f36369','mytrainer2client',NULL,NULL,'172.18.0.1','e50ee46d-dbef-4c14-8389-4018de132723','3292f2df-47fd-463f-8449-cc774a092377',1748172640946,'LOGOUT','60c7bf2d-f5e0-4e08-a856-b0a633bfdb40','{\"redirect_uri\":\"com.mvfitness.mytrainer2client://logoutredirect\"}'),('aee72bf7-41a5-4c29-89dd-1da62af4281f','mytrainer2client',NULL,NULL,'172.18.0.1','e50ee46d-dbef-4c14-8389-4018de132723','9e1d5860-5358-4ecf-ad5b-cd0aeb9862be',1748064123908,'LOGOUT','60c7bf2d-f5e0-4e08-a856-b0a633bfdb40','{\"redirect_uri\":\"com.mvfitness.mytrainer2client://logoutredirect\"}'),('af29cfca-4532-42ff-b536-66f66e5823a0','mytrainer2client',NULL,NULL,'172.18.0.1','e50ee46d-dbef-4c14-8389-4018de132723','7595bf95-8dc5-447b-938d-f91053c43851',1748072409607,'LOGIN','60c7bf2d-f5e0-4e08-a856-b0a633bfdb40','{\"auth_method\":\"openid-connect\",\"auth_type\":\"code\",\"redirect_uri\":\"com.mvfitness.mytrainer2client://oauthredirect\",\"consent\":\"no_consent_required\",\"code_id\":\"7595bf95-8dc5-447b-938d-f91053c43851\",\"username\":\"trainer1\"}'),('af6fb38c-a2a6-44a7-9dcd-b38f843dffce','mytrainer2client',NULL,NULL,'172.18.0.1','e50ee46d-dbef-4c14-8389-4018de132723','5124ddc8-18be-43aa-9de3-698c54d929dc',1748846351171,'LOGIN','60c7bf2d-f5e0-4e08-a856-b0a633bfdb40','{\"auth_method\":\"openid-connect\",\"auth_type\":\"code\",\"redirect_uri\":\"com.mvfitness.mytrainer2client://oauthredirect\",\"remember_me\":\"true\",\"consent\":\"no_consent_required\",\"code_id\":\"5124ddc8-18be-43aa-9de3-698c54d929dc\",\"username\":\"trainer1\"}'),('afd755d8-3819-4872-80d3-951420e98a06','mytrainer2client',NULL,NULL,'172.18.0.1','e50ee46d-dbef-4c14-8389-4018de132723','ecd12113-2f11-4595-9431-fe581789bbc5',1748067422504,'CODE_TO_TOKEN','60c7bf2d-f5e0-4e08-a856-b0a633bfdb40','{\"token_id\":\"20a95b3b-b771-4017-990c-d517979f9fe9\",\"grant_type\":\"authorization_code\",\"refresh_token_type\":\"Refresh\",\"scope\":\"openid email profile\",\"refresh_token_id\":\"a3eddeb7-1f30-480c-a193-2f9518f42684\",\"code_id\":\"ecd12113-2f11-4595-9431-fe581789bbc5\",\"client_auth_method\":\"client-secret\"}'),('b048ea5d-cff2-4853-aa20-e793ecdba1f3','mytrainer2client',NULL,NULL,'172.18.0.1','e50ee46d-dbef-4c14-8389-4018de132723','ffd9d88c-ea91-4f74-82f0-e4aaad10c0e0',1746102076320,'LOGIN','60c7bf2d-f5e0-4e08-a856-b0a633bfdb40','{\"auth_method\":\"openid-connect\",\"auth_type\":\"code\",\"response_type\":\"id_token token\",\"redirect_uri\":\"http://localhost/login\",\"consent\":\"no_consent_required\",\"code_id\":\"ffd9d88c-ea91-4f74-82f0-e4aaad10c0e0\",\"response_mode\":\"fragment\",\"username\":\"trainer1\"}'),('b3d19b57-2847-4097-b9b4-e7a62119a1f8','mytrainer2client',NULL,NULL,'172.18.0.1','e50ee46d-dbef-4c14-8389-4018de132723','1699adde-9908-4c8a-93ab-8adf6c9c35a1',1749583429638,'LOGOUT','60c7bf2d-f5e0-4e08-a856-b0a633bfdb40','{\"redirect_uri\":\"http://localhost\"}'),('b3e90e40-2714-429c-85c6-4f2efbc439ce','mytrainer2client',NULL,NULL,'172.18.0.1','e50ee46d-dbef-4c14-8389-4018de132723','ac6d9a54-7b38-4df6-9973-2fca88cb4186',1746885507870,'LOGIN','60c7bf2d-f5e0-4e08-a856-b0a633bfdb40','{\"auth_method\":\"openid-connect\",\"auth_type\":\"code\",\"redirect_uri\":\"com.mvfitness.mytrainer2client://oauthredirect\",\"consent\":\"no_consent_required\",\"code_id\":\"ac6d9a54-7b38-4df6-9973-2fca88cb4186\",\"username\":\"trainer1\"}'),('b4ac5be5-6bd6-4e97-9cb2-5d7110a30279','mytrainer2client',NULL,NULL,'172.18.0.1','e50ee46d-dbef-4c14-8389-4018de132723','7dd79974-ed43-4cff-bf3d-daf37708245c',1748925836454,'LOGIN','60c7bf2d-f5e0-4e08-a856-b0a633bfdb40','{\"auth_method\":\"openid-connect\",\"auth_type\":\"code\",\"redirect_uri\":\"com.mvfitness.mytrainer2client://oauthredirect\",\"remember_me\":\"true\",\"consent\":\"no_consent_required\",\"code_id\":\"7dd79974-ed43-4cff-bf3d-daf37708245c\",\"username\":\"trainer1\"}'),('b5a210b5-fda3-44e8-af05-99a0b883276c','mytrainer2client',NULL,NULL,'172.18.0.1','e50ee46d-dbef-4c14-8389-4018de132723','5fc97890-1080-49fb-9c4e-f7ac9b17add6',1748433034597,'CODE_TO_TOKEN','60c7bf2d-f5e0-4e08-a856-b0a633bfdb40','{\"token_id\":\"63fa005f-419b-43ea-837b-2e14a3495c84\",\"grant_type\":\"authorization_code\",\"refresh_token_type\":\"Offline\",\"scope\":\"openid email offline_access profile\",\"refresh_token_id\":\"1c011f84-9e5d-4a8a-8a3c-ca2683864f69\",\"code_id\":\"5fc97890-1080-49fb-9c4e-f7ac9b17add6\",\"client_auth_method\":\"client-secret\"}'),('b732b88f-beed-4e47-b8aa-841b73d62ebd','mytrainer2client',NULL,NULL,'172.18.0.1','e50ee46d-dbef-4c14-8389-4018de132723','93ec5b81-2e3e-4dba-8d04-a83df72060ce',1748178874613,'LOGIN','60c7bf2d-f5e0-4e08-a856-b0a633bfdb40','{\"auth_method\":\"openid-connect\",\"auth_type\":\"code\",\"redirect_uri\":\"com.mvfitness.mytrainer2client://oauthredirect\",\"remember_me\":\"true\",\"consent\":\"no_consent_required\",\"code_id\":\"93ec5b81-2e3e-4dba-8d04-a83df72060ce\",\"username\":\"trainer1\"}'),('b74d7363-1ef2-40e1-a5ef-010a17dcb2db','mytrainer2client',NULL,NULL,'172.18.0.1','e50ee46d-dbef-4c14-8389-4018de132723','3d060fad-f9ee-490f-8c3e-003fcd3b69ed',1748438402184,'LOGIN','60c7bf2d-f5e0-4e08-a856-b0a633bfdb40','{\"auth_method\":\"openid-connect\",\"auth_type\":\"code\",\"redirect_uri\":\"com.mvfitness.mytrainer2client://oauthredirect\",\"remember_me\":\"true\",\"consent\":\"no_consent_required\",\"code_id\":\"3d060fad-f9ee-490f-8c3e-003fcd3b69ed\",\"username\":\"trainer1\"}'),('b8451029-778c-43ba-8c86-d6ddbd298823','mytrainer2client',NULL,NULL,'172.18.0.1','e50ee46d-dbef-4c14-8389-4018de132723','482ca298-0344-4c44-9bdf-dc96e594e90f',1748441429799,'CODE_TO_TOKEN','60c7bf2d-f5e0-4e08-a856-b0a633bfdb40','{\"token_id\":\"be4531af-61bf-4f9f-8f26-cfbd53bde04e\",\"grant_type\":\"authorization_code\",\"refresh_token_type\":\"Offline\",\"scope\":\"openid email offline_access profile\",\"refresh_token_id\":\"e366ee2f-e9e3-46c4-811f-5bd1c09b873f\",\"code_id\":\"482ca298-0344-4c44-9bdf-dc96e594e90f\",\"client_auth_method\":\"client-secret\"}'),('b8c8cf16-15b3-4c2a-9623-eebf719e21cd','mytrainer2client',NULL,'session_expired','172.18.0.1','e50ee46d-dbef-4c14-8389-4018de132723',NULL,1748176877590,'LOGOUT_ERROR',NULL,NULL),('b9bdc1e0-f3d2-4445-86e0-2a8f62fa1892','mytrainer2client',NULL,NULL,'172.18.0.1','e50ee46d-dbef-4c14-8389-4018de132723','f74331f5-d9ad-4825-89ce-f43cf5911b93',1746371605585,'CODE_TO_TOKEN','60c7bf2d-f5e0-4e08-a856-b0a633bfdb40','{\"token_id\":\"8d92f6e1-8867-4413-832b-37ab35faa2e3\",\"grant_type\":\"authorization_code\",\"refresh_token_type\":\"Refresh\",\"scope\":\"openid email profile\",\"refresh_token_id\":\"0970e018-4402-4c6f-80e4-d22a9a480f81\",\"code_id\":\"f74331f5-d9ad-4825-89ce-f43cf5911b93\",\"client_auth_method\":\"client-secret\"}'),('b9c4a8ed-f9e4-4da7-908a-83538050f5d3','mytrainer2client',NULL,NULL,'172.18.0.1','e50ee46d-dbef-4c14-8389-4018de132723','535b67e5-130f-4acc-8b78-d6bdc5f0f9e6',1748443548462,'CODE_TO_TOKEN','60c7bf2d-f5e0-4e08-a856-b0a633bfdb40','{\"token_id\":\"f62b3a29-647f-433c-bd1f-662984f72b00\",\"grant_type\":\"authorization_code\",\"refresh_token_type\":\"Offline\",\"scope\":\"openid email offline_access profile\",\"refresh_token_id\":\"1ba9afd7-2e54-4f37-af75-c29302a5f419\",\"code_id\":\"535b67e5-130f-4acc-8b78-d6bdc5f0f9e6\",\"client_auth_method\":\"client-secret\"}'),('b9d8585f-2c67-4640-ad70-9fc1ecf6ed8d','mytrainer2client',NULL,NULL,'172.18.0.1','e50ee46d-dbef-4c14-8389-4018de132723','f874a8d1-740c-49b4-aa5c-a4f7d6603f9f',1749585191168,'LOGIN','60c7bf2d-f5e0-4e08-a856-b0a633bfdb40','{\"auth_method\":\"openid-connect\",\"auth_type\":\"code\",\"redirect_uri\":\"http://localhost/login\",\"consent\":\"no_consent_required\",\"code_id\":\"f874a8d1-740c-49b4-aa5c-a4f7d6603f9f\",\"username\":\"trainer1\"}'),('b9dea8d1-4236-49ce-9071-629d1e6343c4','mytrainer2client',NULL,NULL,'172.18.0.1','e50ee46d-dbef-4c14-8389-4018de132723','081648eb-217f-4262-9e9c-75bd64bd592b',1748179657896,'LOGIN','60c7bf2d-f5e0-4e08-a856-b0a633bfdb40','{\"auth_method\":\"openid-connect\",\"auth_type\":\"code\",\"response_type\":\"code\",\"redirect_uri\":\"com.mvfitness.mytrainer2client://oauthredirect\",\"consent\":\"no_consent_required\",\"code_id\":\"081648eb-217f-4262-9e9c-75bd64bd592b\",\"response_mode\":\"query\",\"username\":\"trainer1\"}'),('ba6bda3e-dcbc-4097-a68a-166b8122a5e8','mytrainer2client',NULL,NULL,'172.18.0.1','e50ee46d-dbef-4c14-8389-4018de132723','b63e9a52-6a95-4f5d-8910-768608551d8b',1748072149041,'CODE_TO_TOKEN','60c7bf2d-f5e0-4e08-a856-b0a633bfdb40','{\"token_id\":\"30da63d8-a04d-4d3c-b75e-d6d5cbf15c88\",\"grant_type\":\"authorization_code\",\"refresh_token_type\":\"Refresh\",\"scope\":\"openid email profile\",\"refresh_token_id\":\"b3f33dc3-411a-4ca3-bfaa-f9b2fc3b6307\",\"code_id\":\"b63e9a52-6a95-4f5d-8910-768608551d8b\",\"client_auth_method\":\"client-secret\"}'),('bab32be3-ae45-49c6-a697-b7ba0d1341e7','mytrainer2client',NULL,NULL,'172.18.0.1','e50ee46d-dbef-4c14-8389-4018de132723','e57b7f43-7ced-4212-917b-7beeddd0dd3c',1746097495100,'CODE_TO_TOKEN','60c7bf2d-f5e0-4e08-a856-b0a633bfdb40','{\"token_id\":\"b4b3768c-d5bd-418d-9020-cc57173498a6\",\"grant_type\":\"authorization_code\",\"refresh_token_type\":\"Refresh\",\"scope\":\"openid email profile\",\"refresh_token_id\":\"098b9146-204b-4eb3-9741-488c64ba4ea4\",\"code_id\":\"e57b7f43-7ced-4212-917b-7beeddd0dd3c\",\"client_auth_method\":\"client-secret\"}'),('bb6211bd-d86e-4fb7-99bb-7d215abb7a83','mytrainer2client',NULL,NULL,'172.18.0.1','e50ee46d-dbef-4c14-8389-4018de132723','87f588da-d505-4237-90fc-e59954bc32ac',1748721831493,'LOGIN','60c7bf2d-f5e0-4e08-a856-b0a633bfdb40','{\"auth_method\":\"openid-connect\",\"auth_type\":\"code\",\"redirect_uri\":\"com.mvfitness.mytrainer2client://oauthredirect\",\"remember_me\":\"true\",\"consent\":\"no_consent_required\",\"code_id\":\"87f588da-d505-4237-90fc-e59954bc32ac\",\"username\":\"trainer1\"}'),('bc051fb4-1014-4110-868c-124b1f4bebe1','mytrainer2client',NULL,'invalid_redirect_uri','172.18.0.1','e50ee46d-dbef-4c14-8389-4018de132723',NULL,1745863514651,'LOGIN_ERROR',NULL,'{\"redirect_uri\":\"com.example.app://oauthredirect\"}'),('bc30894f-945b-4b67-8d08-4934a9143a7c','mytrainer2client',NULL,'invalid_user_credentials','172.18.0.1','e50ee46d-dbef-4c14-8389-4018de132723',NULL,1746519573499,'LOGIN_ERROR','60c7bf2d-f5e0-4e08-a856-b0a633bfdb40','{\"auth_method\":\"openid-connect\",\"auth_type\":\"code\",\"redirect_uri\":\"com.mvfitness.mytrainer2client://oauthredirect\",\"code_id\":\"1f261938-7bc7-4169-88ae-a7de0a0e2f2d\",\"username\":\"trainer1\"}'),('bca6fa7b-15b2-47a0-b7f3-5c19e5790b24','mytrainer2client',NULL,NULL,'172.18.0.1','e50ee46d-dbef-4c14-8389-4018de132723','ce00afc5-f112-4d67-bab4-3e81dcf9c5ec',1748448152858,'CODE_TO_TOKEN','60c7bf2d-f5e0-4e08-a856-b0a633bfdb40','{\"token_id\":\"bd2a7339-1aef-4670-be0c-38595b50d7e8\",\"grant_type\":\"authorization_code\",\"refresh_token_type\":\"Offline\",\"scope\":\"openid email offline_access profile\",\"refresh_token_id\":\"67c77571-7694-4c5a-a804-aa160a1c6896\",\"code_id\":\"ce00afc5-f112-4d67-bab4-3e81dcf9c5ec\",\"client_auth_method\":\"client-secret\"}'),('bced7421-b5cc-4657-bbbe-506864c08720','mytrainer2client',NULL,NULL,'172.18.0.1','e50ee46d-dbef-4c14-8389-4018de132723','d46115e1-12f4-40b3-82a3-5dddc3536428',1746874957135,'LOGIN','60c7bf2d-f5e0-4e08-a856-b0a633bfdb40','{\"auth_method\":\"openid-connect\",\"auth_type\":\"code\",\"redirect_uri\":\"com.mvfitness.mytrainer2client://oauthredirect\",\"consent\":\"no_consent_required\",\"code_id\":\"d46115e1-12f4-40b3-82a3-5dddc3536428\",\"username\":\"trainer1\"}'),('bd7af7a9-296d-4b99-8f2b-a25abc7b894c','mytrainer2client',NULL,NULL,'172.18.0.1','e50ee46d-dbef-4c14-8389-4018de132723','cc6563e3-b657-44f0-922d-bc92e9f43f69',1746886087657,'LOGOUT','60c7bf2d-f5e0-4e08-a856-b0a633bfdb40','{\"redirect_uri\":\"com.mvfitness.mytrainer2client://logoutredirect\"}'),('bebe48f2-9fbe-4ce1-aef7-4e568b9b62e4','mytrainer2client',NULL,NULL,'172.18.0.1','e50ee46d-dbef-4c14-8389-4018de132723','d320e794-1966-4254-9399-c24cb2713723',1746883326090,'CODE_TO_TOKEN','60c7bf2d-f5e0-4e08-a856-b0a633bfdb40','{\"token_id\":\"1d72860e-44f3-489d-8df4-89ed9440aafb\",\"grant_type\":\"authorization_code\",\"refresh_token_type\":\"Refresh\",\"scope\":\"openid email profile\",\"refresh_token_id\":\"ecc0ef5e-63d0-466f-934d-15c18a3d93d1\",\"code_id\":\"d320e794-1966-4254-9399-c24cb2713723\",\"client_auth_method\":\"client-secret\"}'),('bfef26fe-ddd3-43f8-9882-847e41c98c36','mytrainer2client',NULL,NULL,'172.18.0.1','e50ee46d-dbef-4c14-8389-4018de132723','93ec5b81-2e3e-4dba-8d04-a83df72060ce',1748179241836,'LOGOUT','60c7bf2d-f5e0-4e08-a856-b0a633bfdb40','{\"redirect_uri\":\"com.mvfitness.mytrainer2client://logoutredirect\"}'),('c0455819-226d-4985-8ad5-74dc6d3ed975','mytrainer2client',NULL,NULL,'172.18.0.1','e50ee46d-dbef-4c14-8389-4018de132723','f8a29a91-d5cb-49e7-b065-7ecca1112695',1749057749371,'LOGIN','60c7bf2d-f5e0-4e08-a856-b0a633bfdb40','{\"auth_method\":\"openid-connect\",\"auth_type\":\"code\",\"redirect_uri\":\"com.mvfitness.mytrainer2client://oauthredirect\",\"remember_me\":\"true\",\"consent\":\"no_consent_required\",\"code_id\":\"f8a29a91-d5cb-49e7-b065-7ecca1112695\",\"username\":\"trainer1\"}'),('c1b14eb6-6e44-4b48-9207-ba5bd6b4779a','mytrainer2client',NULL,NULL,'172.18.0.1','e50ee46d-dbef-4c14-8389-4018de132723','7dd79974-ed43-4cff-bf3d-daf37708245c',1748926070361,'LOGIN','60c7bf2d-f5e0-4e08-a856-b0a633bfdb40','{\"auth_method\":\"openid-connect\",\"auth_type\":\"code\",\"response_type\":\"code\",\"redirect_uri\":\"com.mvfitness.mytrainer2client://oauthredirect\",\"consent\":\"no_consent_required\",\"code_id\":\"7dd79974-ed43-4cff-bf3d-daf37708245c\",\"response_mode\":\"query\",\"username\":\"trainer1\"}'),('c25602d9-1e16-4f38-9559-951e2a585212','mytrainer2client',NULL,NULL,'172.18.0.1','e50ee46d-dbef-4c14-8389-4018de132723','4b55905a-b358-479c-97e1-4d4fb6245d8e',1747853256072,'LOGIN','60c7bf2d-f5e0-4e08-a856-b0a633bfdb40','{\"auth_method\":\"openid-connect\",\"auth_type\":\"code\",\"response_type\":\"code\",\"redirect_uri\":\"com.mvfitness.mytrainer2client://oauthredirect\",\"consent\":\"no_consent_required\",\"code_id\":\"4b55905a-b358-479c-97e1-4d4fb6245d8e\",\"response_mode\":\"query\",\"username\":\"trainer1\"}'),('c2e04568-be97-4e8c-a6d8-bb87ad9b38ff','mytrainer2client',NULL,NULL,'172.18.0.1','e50ee46d-dbef-4c14-8389-4018de132723','77a4bd75-8689-4499-b985-a921028e6836',1748431561647,'LOGIN','60c7bf2d-f5e0-4e08-a856-b0a633bfdb40','{\"auth_method\":\"openid-connect\",\"auth_type\":\"code\",\"redirect_uri\":\"com.mvfitness.mytrainer2client://oauthredirect\",\"remember_me\":\"true\",\"consent\":\"no_consent_required\",\"code_id\":\"77a4bd75-8689-4499-b985-a921028e6836\",\"username\":\"trainer1\"}'),('c313c5fb-7a81-4c21-9963-78f51ac81441','provisioning-client',NULL,NULL,'172.18.0.1','e50ee46d-dbef-4c14-8389-4018de132723','425f814d-64c2-4a3e-8c03-c299c4583f01',1745611095291,'CLIENT_LOGIN','2f2b1ea7-e8d3-47c8-af7c-67971f1c494a','{\"token_id\":\"77d746d5-a0d2-4419-b243-8cd6518a254d\",\"grant_type\":\"client_credentials\",\"scope\":\"email profile\",\"client_auth_method\":\"client-secret\",\"username\":\"service-account-provisioning-client\"}'),('c378c782-948b-47bc-901b-5aec3505851a','mytrainer2client',NULL,NULL,'172.18.0.1','e50ee46d-dbef-4c14-8389-4018de132723','68aaf70d-e9f3-434e-9fb1-f6603547cc98',1748178465293,'LOGIN','60c7bf2d-f5e0-4e08-a856-b0a633bfdb40','{\"auth_method\":\"openid-connect\",\"auth_type\":\"code\",\"redirect_uri\":\"com.mvfitness.mytrainer2client://oauthredirect\",\"consent\":\"no_consent_required\",\"code_id\":\"68aaf70d-e9f3-434e-9fb1-f6603547cc98\",\"username\":\"trainer1\"}'),('c38f3719-e346-409b-8955-635b8514f19a','mytrainer2client',NULL,NULL,'172.18.0.1','e50ee46d-dbef-4c14-8389-4018de132723',NULL,1745441648932,'IDENTITY_PROVIDER_FIRST_LOGIN',NULL,'{\"identity_provider\":\"google\",\"identity_provider_identity\":\"simeonov230@gmail.com\",\"code_id\":\"84937408-fdcb-4e0f-8efc-9c4a6534a33f\"}'),('c3a5f46e-1f52-4f5d-be1f-cdd52c2bd8e5','mytrainer2client',NULL,NULL,'172.18.0.1','e50ee46d-dbef-4c14-8389-4018de132723','7d8be6b3-ad94-4468-a35d-dacbd1c17bd2',1746884360164,'CODE_TO_TOKEN','60c7bf2d-f5e0-4e08-a856-b0a633bfdb40','{\"token_id\":\"3ee46472-8668-4ddd-a443-429dd54db269\",\"grant_type\":\"authorization_code\",\"refresh_token_type\":\"Refresh\",\"scope\":\"openid email profile\",\"refresh_token_id\":\"c66174ed-ce96-4c06-b310-1f5ec03d8068\",\"code_id\":\"7d8be6b3-ad94-4468-a35d-dacbd1c17bd2\",\"client_auth_method\":\"client-secret\"}'),('c3dca4b4-9e89-4a08-945b-f53623253d9e','mytrainer2client',NULL,NULL,'172.18.0.1','e50ee46d-dbef-4c14-8389-4018de132723','b8b1798b-1e6f-4f58-9886-0c0f16999452',1745865960313,'LOGIN','60c7bf2d-f5e0-4e08-a856-b0a633bfdb40','{\"auth_method\":\"openid-connect\",\"auth_type\":\"code\",\"redirect_uri\":\"http://localhost/login\",\"consent\":\"no_consent_required\",\"code_id\":\"b8b1798b-1e6f-4f58-9886-0c0f16999452\",\"username\":\"trainer1\"}'),('c44bcde6-2154-4734-86a5-1667cb269975','mytrainer2client',NULL,NULL,'172.18.0.1','e50ee46d-dbef-4c14-8389-4018de132723','102db51d-b64e-405f-817e-ccd683f9ff85',1748444267267,'CODE_TO_TOKEN','60c7bf2d-f5e0-4e08-a856-b0a633bfdb40','{\"token_id\":\"cfa4e028-9296-460a-95ab-b76a7117b791\",\"grant_type\":\"authorization_code\",\"refresh_token_type\":\"Offline\",\"scope\":\"openid email offline_access profile\",\"refresh_token_id\":\"c50c15c0-c0da-492a-bb8e-a8035dbafccb\",\"code_id\":\"102db51d-b64e-405f-817e-ccd683f9ff85\",\"client_auth_method\":\"client-secret\"}'),('c4b7b3b9-d7f6-4df4-b62c-cb55ced7f9d1','mytrainer2client',NULL,NULL,'172.18.0.1','e50ee46d-dbef-4c14-8389-4018de132723','aacef841-718c-49c7-97a8-6b99776cbc24',1748191337084,'LOGOUT','60c7bf2d-f5e0-4e08-a856-b0a633bfdb40','{\"redirect_uri\":\"com.mvfitness.mytrainer2client://logoutredirect\"}'),('c4e82022-2385-45b1-9978-85a484bf157f','mytrainer2client',NULL,NULL,'172.18.0.1','e50ee46d-dbef-4c14-8389-4018de132723','3594556b-2edd-4f43-be68-c5c952d0c394',1748430726527,'LOGIN','60c7bf2d-f5e0-4e08-a856-b0a633bfdb40','{\"auth_method\":\"openid-connect\",\"auth_type\":\"code\",\"redirect_uri\":\"com.mvfitness.mytrainer2client://oauthredirect\",\"remember_me\":\"true\",\"consent\":\"no_consent_required\",\"code_id\":\"3594556b-2edd-4f43-be68-c5c952d0c394\",\"username\":\"trainer1\"}'),('c710610a-e0f1-41d2-b49c-d47d90953e76','mytrainer2client',NULL,NULL,'172.18.0.1','e50ee46d-dbef-4c14-8389-4018de132723','fed9abd1-a21d-410b-978a-95a31476a475',1745611810340,'LOGIN','60c7bf2d-f5e0-4e08-a856-b0a633bfdb40','{\"auth_method\":\"openid-connect\",\"auth_type\":\"code\",\"redirect_uri\":\"http://localhost/login\",\"remember_me\":\"true\",\"consent\":\"persistent_consent\",\"code_id\":\"fed9abd1-a21d-410b-978a-95a31476a475\",\"username\":\"trainer1\"}'),('c72a8389-38c9-4713-ae8b-3fe59e73aa63','mytrainer2client',NULL,NULL,'172.18.0.1','e50ee46d-dbef-4c14-8389-4018de132723','a17d3425-3a62-49d9-abe9-1988c83aca5a',1746094254399,'LOGIN','60c7bf2d-f5e0-4e08-a856-b0a633bfdb40','{\"auth_method\":\"openid-connect\",\"auth_type\":\"code\",\"response_type\":\"code\",\"redirect_uri\":\"com.mvfitness.mytrainer2client://oauthredirect\",\"consent\":\"no_consent_required\",\"code_id\":\"a17d3425-3a62-49d9-abe9-1988c83aca5a\",\"response_mode\":\"query\",\"username\":\"trainer1\"}'),('c7634e47-e271-4985-8271-28bf36dbdc02','mytrainer2client',NULL,NULL,'172.18.0.1','e50ee46d-dbef-4c14-8389-4018de132723','7f4caf45-2bac-4ac6-9050-9469f7dd1a8f',1746368235914,'LOGIN','60c7bf2d-f5e0-4e08-a856-b0a633bfdb40','{\"auth_method\":\"openid-connect\",\"auth_type\":\"code\",\"redirect_uri\":\"http://localhost/login\",\"consent\":\"no_consent_required\",\"code_id\":\"7f4caf45-2bac-4ac6-9050-9469f7dd1a8f\",\"username\":\"trainer1\"}'),('c7f701d9-6125-4fc1-8ea0-b0da2bdc2807','mytrainer2client',NULL,NULL,'172.18.0.1','e50ee46d-dbef-4c14-8389-4018de132723','9caf7a1a-b474-4270-b26a-5cd9c07f6085',1746096037866,'LOGIN','60c7bf2d-f5e0-4e08-a856-b0a633bfdb40','{\"auth_method\":\"openid-connect\",\"auth_type\":\"code\",\"redirect_uri\":\"com.mvfitness.mytrainer2client://oauthredirect\",\"consent\":\"no_consent_required\",\"code_id\":\"9caf7a1a-b474-4270-b26a-5cd9c07f6085\",\"username\":\"trainer1\"}'),('c84e507f-d962-41e1-b80c-0d3a2a9e5e87','mytrainer2client',NULL,NULL,'172.18.0.1','e50ee46d-dbef-4c14-8389-4018de132723','31a329b6-bae2-4da8-b952-6c910e933919',1748848239069,'CODE_TO_TOKEN','60c7bf2d-f5e0-4e08-a856-b0a633bfdb40','{\"token_id\":\"fb3e86ec-18c8-46b5-896e-58d87a92d2b9\",\"grant_type\":\"authorization_code\",\"refresh_token_type\":\"Offline\",\"scope\":\"openid email offline_access profile\",\"refresh_token_id\":\"4cc059d3-ce1e-4866-88a1-7d8a455faec5\",\"code_id\":\"31a329b6-bae2-4da8-b952-6c910e933919\",\"client_auth_method\":\"client-secret\"}'),('c97c4a31-b438-4556-a756-4f02c6ddeaea','mytrainer2client',NULL,NULL,'172.18.0.1','e50ee46d-dbef-4c14-8389-4018de132723',NULL,1745439749783,'REGISTER','ef51fb99-e0b5-43c9-9ee9-7e763fc1bf30','{\"auth_method\":\"openid-connect\",\"auth_type\":\"code\",\"register_method\":\"form\",\"last_name\":\"11\",\"redirect_uri\":\"http://localhost/login\",\"first_name\":\"Trainer\",\"code_id\":\"42f11d92-5cdf-418f-b8e5-e167f9b7ac1b\",\"email\":\"trainer11@gmail.com\",\"username\":\"trainer11\"}'),('ca09127f-1918-4003-9204-763e6b607d95','mytrainer2client',NULL,NULL,'172.18.0.1','e50ee46d-dbef-4c14-8389-4018de132723','d2e47ffc-d7b8-4a0b-8a70-57ccb84d33dc',1746040305697,'LOGIN','60c7bf2d-f5e0-4e08-a856-b0a633bfdb40','{\"auth_method\":\"openid-connect\",\"auth_type\":\"code\",\"redirect_uri\":\"http://localhost:57254/login\",\"consent\":\"no_consent_required\",\"code_id\":\"d2e47ffc-d7b8-4a0b-8a70-57ccb84d33dc\",\"username\":\"trainer1\"}'),('ca4d0771-a2ac-4a69-b0c6-79b1fc669e12','mytrainer2client',NULL,NULL,'172.18.0.1','e50ee46d-dbef-4c14-8389-4018de132723','5cf2dbcd-7f38-4672-8d22-4223beb207de',1748926781421,'LOGIN','60c7bf2d-f5e0-4e08-a856-b0a633bfdb40','{\"auth_method\":\"openid-connect\",\"auth_type\":\"code\",\"redirect_uri\":\"com.mvfitness.mytrainer2client://oauthredirect\",\"remember_me\":\"true\",\"consent\":\"no_consent_required\",\"code_id\":\"5cf2dbcd-7f38-4672-8d22-4223beb207de\",\"username\":\"trainer1\"}'),('ca62d631-c6ba-4353-8435-869f7d608f22','mytrainer2client',NULL,'user_not_found','172.18.0.1','e50ee46d-dbef-4c14-8389-4018de132723',NULL,1746088691487,'LOGIN_ERROR',NULL,'{\"auth_method\":\"openid-connect\",\"auth_type\":\"code\",\"redirect_uri\":\"http://localhost/login\",\"code_id\":\"81b74108-401d-49d6-a074-eb529cc4cc81\",\"username\":\"admin\"}'),('cab5b92a-3688-4471-be49-4c599e8c60d4','mytrainer2client',NULL,NULL,'172.18.0.1','e50ee46d-dbef-4c14-8389-4018de132723','1a54b23f-6766-468b-a349-f4d52d190472',1745614334140,'LOGIN','60c7bf2d-f5e0-4e08-a856-b0a633bfdb40','{\"auth_method\":\"openid-connect\",\"token_id\":\"f15d8ec4-42f9-4e03-acd6-573de44a836d\",\"grant_type\":\"password\",\"refresh_token_type\":\"Refresh\",\"scope\":\"openid email profile\",\"refresh_token_id\":\"693b358e-0f9b-402a-95ac-0ecda7d371e0\",\"client_auth_method\":\"client-secret\",\"username\":\"trainer1\"}'),('cc72fc12-dd5f-47c0-9560-ef554a1e4089','mytrainer2client',NULL,NULL,'172.18.0.1','e50ee46d-dbef-4c14-8389-4018de132723','33d52446-5937-4a3c-b380-298f48036951',1746101574569,'LOGIN','60c7bf2d-f5e0-4e08-a856-b0a633bfdb40','{\"auth_method\":\"openid-connect\",\"auth_type\":\"code\",\"response_type\":\"id_token token\",\"redirect_uri\":\"http://localhost/login\",\"consent\":\"no_consent_required\",\"code_id\":\"33d52446-5937-4a3c-b380-298f48036951\",\"response_mode\":\"fragment\",\"username\":\"trainer1\"}'),('ccb16a9b-66ef-49f7-8570-37280b1b8d2c','mytrainer2client',NULL,NULL,'172.18.0.1','e50ee46d-dbef-4c14-8389-4018de132723','4c7d0118-0f90-4154-90a5-f308807e302c',1748433698885,'CODE_TO_TOKEN','60c7bf2d-f5e0-4e08-a856-b0a633bfdb40','{\"token_id\":\"e1bc173f-cea6-41fb-8cc5-d95f4af9a4ae\",\"grant_type\":\"authorization_code\",\"refresh_token_type\":\"Offline\",\"scope\":\"openid email offline_access profile\",\"refresh_token_id\":\"0ab8cd4a-7475-4cc8-896b-331bdb69837c\",\"code_id\":\"4c7d0118-0f90-4154-90a5-f308807e302c\",\"client_auth_method\":\"client-secret\"}'),('cdbd779a-a138-468d-b6e0-04ec13a87f5d','mytrainer2client',NULL,NULL,'172.18.0.1','e50ee46d-dbef-4c14-8389-4018de132723','e57b7f43-7ced-4212-917b-7beeddd0dd3c',1746097493589,'LOGIN','60c7bf2d-f5e0-4e08-a856-b0a633bfdb40','{\"auth_method\":\"openid-connect\",\"auth_type\":\"code\",\"response_type\":\"code\",\"redirect_uri\":\"com.mvfitness.mytrainer2client://oauthredirect\",\"consent\":\"no_consent_required\",\"code_id\":\"e57b7f43-7ced-4212-917b-7beeddd0dd3c\",\"response_mode\":\"query\",\"username\":\"trainer1\"}'),('ce1f5343-158c-436d-9a19-0306e390a836','mytrainer2client',NULL,NULL,'172.18.0.1','e50ee46d-dbef-4c14-8389-4018de132723','568b5c71-4392-41bf-8e55-6ac14091a7d4',1746980684246,'LOGIN','60c7bf2d-f5e0-4e08-a856-b0a633bfdb40','{\"auth_method\":\"openid-connect\",\"auth_type\":\"code\",\"redirect_uri\":\"com.mvfitness.mytrainer2client://oauthredirect\",\"consent\":\"no_consent_required\",\"code_id\":\"568b5c71-4392-41bf-8e55-6ac14091a7d4\",\"username\":\"trainer1\"}'),('ced67a5e-b4d0-4a6b-a356-26f0ae625e35','mytrainer2client',NULL,'session_expired','172.18.0.1','e50ee46d-dbef-4c14-8389-4018de132723',NULL,1745865948739,'LOGOUT_ERROR',NULL,NULL),('cf0e28d8-1b09-44cc-bf10-df6b964f8bb4','mytrainer2client',NULL,'session_expired','172.18.0.1','e50ee46d-dbef-4c14-8389-4018de132723',NULL,1749580298785,'LOGOUT_ERROR',NULL,NULL),('cf3e3c46-ba78-46f2-87d9-a4a0722b3036','mytrainer2client',NULL,NULL,'172.18.0.1','e50ee46d-dbef-4c14-8389-4018de132723','30150521-9139-4735-81cb-b45bcb86def8',1746369117812,'LOGIN','60c7bf2d-f5e0-4e08-a856-b0a633bfdb40','{\"auth_method\":\"openid-connect\",\"auth_type\":\"code\",\"redirect_uri\":\"com.mvfitness.mytrainer2client://oauthredirect\",\"consent\":\"no_consent_required\",\"code_id\":\"30150521-9139-4735-81cb-b45bcb86def8\",\"username\":\"trainer1\"}'),('cfac0ca3-0065-4eee-b351-5077406ae7f9','mytrainer2client',NULL,NULL,'172.18.0.1','e50ee46d-dbef-4c14-8389-4018de132723','c2e59dfb-91b0-4079-ba50-442898ef1bc3',1748926397660,'LOGIN','60c7bf2d-f5e0-4e08-a856-b0a633bfdb40','{\"auth_method\":\"openid-connect\",\"auth_type\":\"code\",\"redirect_uri\":\"com.mvfitness.mytrainer2client://oauthredirect\",\"remember_me\":\"true\",\"consent\":\"no_consent_required\",\"code_id\":\"c2e59dfb-91b0-4079-ba50-442898ef1bc3\",\"username\":\"trainer1\"}'),('d0a47c4c-47d0-42ac-a1a1-811744081627','mytrainer2client',NULL,NULL,'172.18.0.1','e50ee46d-dbef-4c14-8389-4018de132723','b460de5e-f42f-4af2-ae28-8a215ea702b5',1746099477112,'CODE_TO_TOKEN','60c7bf2d-f5e0-4e08-a856-b0a633bfdb40','{\"token_id\":\"e2579a2f-f1eb-46a8-9393-e59067e4cc4f\",\"grant_type\":\"authorization_code\",\"refresh_token_type\":\"Refresh\",\"scope\":\"openid email profile\",\"refresh_token_id\":\"eb4b9ee4-6f57-4f61-b79c-079d47f7adaa\",\"code_id\":\"b460de5e-f42f-4af2-ae28-8a215ea702b5\",\"client_auth_method\":\"client-secret\"}'),('d0f45452-1622-436f-98a5-8d3debbdedd1','mytrainer2client',NULL,NULL,'172.18.0.1','e50ee46d-dbef-4c14-8389-4018de132723','102db51d-b64e-405f-817e-ccd683f9ff85',1748444265423,'LOGIN','60c7bf2d-f5e0-4e08-a856-b0a633bfdb40','{\"auth_method\":\"openid-connect\",\"auth_type\":\"code\",\"redirect_uri\":\"com.mvfitness.mytrainer2client://oauthredirect\",\"remember_me\":\"true\",\"consent\":\"no_consent_required\",\"code_id\":\"102db51d-b64e-405f-817e-ccd683f9ff85\",\"username\":\"trainer1\"}'),('d10970b5-80f0-4a83-a4f2-127c41679b4f','mytrainer2client',NULL,NULL,'172.18.0.1','e50ee46d-dbef-4c14-8389-4018de132723','0bf9ed79-074d-4f5b-8b05-cdc4764bfda8',1749561998851,'LOGIN','60c7bf2d-f5e0-4e08-a856-b0a633bfdb40','{\"auth_method\":\"openid-connect\",\"auth_type\":\"code\",\"response_type\":\"id_token token\",\"redirect_uri\":\"http://localhost/login\",\"consent\":\"no_consent_required\",\"code_id\":\"0bf9ed79-074d-4f5b-8b05-cdc4764bfda8\",\"response_mode\":\"fragment\",\"username\":\"trainer1\"}'),('d10c7bb4-5960-4b8c-8824-c2aaa1e2eaef','mytrainer2client',NULL,NULL,'172.18.0.1','e50ee46d-dbef-4c14-8389-4018de132723','ed72c557-57ae-4624-b1b0-f57d466f8b21',1748173654715,'LOGOUT','60c7bf2d-f5e0-4e08-a856-b0a633bfdb40','{\"redirect_uri\":\"com.mvfitness.mytrainer2client://logoutredirect\"}'),('d10fdb7c-b3a1-4ab1-95d7-475c297d4bd2','mytrainer2client',NULL,NULL,'172.18.0.1','e50ee46d-dbef-4c14-8389-4018de132723','487e3945-1516-4493-b6ec-d3bed4be57f7',1746096793767,'LOGIN','60c7bf2d-f5e0-4e08-a856-b0a633bfdb40','{\"auth_method\":\"openid-connect\",\"auth_type\":\"code\",\"redirect_uri\":\"com.mvfitness.mytrainer2client://oauthredirect\",\"consent\":\"no_consent_required\",\"code_id\":\"487e3945-1516-4493-b6ec-d3bed4be57f7\",\"username\":\"trainer1\"}'),('d35c7e12-c97b-4b89-bc1b-8b8e6bbc00dc','mytrainer2client',NULL,NULL,'172.18.0.1','e50ee46d-dbef-4c14-8389-4018de132723','71678999-69c0-4656-883e-4e712c2f8b02',1746882170663,'CODE_TO_TOKEN','60c7bf2d-f5e0-4e08-a856-b0a633bfdb40','{\"token_id\":\"508f0339-19c9-4355-8246-7ebdd6678101\",\"grant_type\":\"authorization_code\",\"refresh_token_type\":\"Refresh\",\"scope\":\"openid email profile\",\"refresh_token_id\":\"f057c0a8-319b-4b55-a16b-70f8d09c7dc7\",\"code_id\":\"71678999-69c0-4656-883e-4e712c2f8b02\",\"client_auth_method\":\"client-secret\"}'),('d3770557-e4e3-4d70-8667-75d82b7bd220','mytrainer2client',NULL,NULL,'172.18.0.1','e50ee46d-dbef-4c14-8389-4018de132723','59f007ba-8401-403d-8e55-277bfae0be7b',1746289090611,'LOGIN','60c7bf2d-f5e0-4e08-a856-b0a633bfdb40','{\"auth_method\":\"openid-connect\",\"auth_type\":\"code\",\"redirect_uri\":\"http://localhost/login\",\"consent\":\"no_consent_required\",\"code_id\":\"59f007ba-8401-403d-8e55-277bfae0be7b\",\"username\":\"trainer1\"}'),('d4016e42-e6ff-4585-ab7f-4f76900d00a2','mytrainer2client',NULL,NULL,'172.18.0.1','e50ee46d-dbef-4c14-8389-4018de132723','76a01f94-485a-40d0-9c19-565e6bd842e5',1746289072921,'LOGIN','60c7bf2d-f5e0-4e08-a856-b0a633bfdb40','{\"auth_method\":\"openid-connect\",\"auth_type\":\"code\",\"response_type\":\"id_token token\",\"redirect_uri\":\"http://localhost/login\",\"consent\":\"no_consent_required\",\"code_id\":\"76a01f94-485a-40d0-9c19-565e6bd842e5\",\"response_mode\":\"fragment\",\"username\":\"trainer1\"}'),('d434a033-9945-4ae2-b55f-0e3099b8ea00','mytrainer2client',NULL,NULL,'172.18.0.1','e50ee46d-dbef-4c14-8389-4018de132723','a8f76735-02aa-4193-8483-b06a4bd49d31',1748444660827,'CODE_TO_TOKEN','60c7bf2d-f5e0-4e08-a856-b0a633bfdb40','{\"token_id\":\"47fe0614-fbc6-4d8e-b848-4556e517ba48\",\"grant_type\":\"authorization_code\",\"refresh_token_type\":\"Offline\",\"scope\":\"openid email offline_access profile\",\"refresh_token_id\":\"cfa9e614-c2a3-4e81-b5a3-0dfd4a7bd613\",\"code_id\":\"a8f76735-02aa-4193-8483-b06a4bd49d31\",\"client_auth_method\":\"client-secret\"}'),('d4625c5b-dc84-4f09-8608-b826957929ac','mytrainer2client',NULL,NULL,'172.18.0.1','e50ee46d-dbef-4c14-8389-4018de132723','295d5b1d-ad66-4704-892d-725cecd20050',1749015438950,'CODE_TO_TOKEN','60c7bf2d-f5e0-4e08-a856-b0a633bfdb40','{\"token_id\":\"a50d2c04-f1aa-492d-80ab-ea5f27461c2c\",\"grant_type\":\"authorization_code\",\"refresh_token_type\":\"Offline\",\"scope\":\"openid email offline_access profile\",\"refresh_token_id\":\"f7856203-833f-490f-a44c-5075b4779447\",\"code_id\":\"295d5b1d-ad66-4704-892d-725cecd20050\",\"client_auth_method\":\"client-secret\"}'),('d59fb5ee-859d-4f99-ae19-c94328008d63','mytrainer2client',NULL,NULL,'172.18.0.1','e50ee46d-dbef-4c14-8389-4018de132723','48c427ce-bdda-4f50-b747-66959ac85147',1746521454207,'LOGOUT','60c7bf2d-f5e0-4e08-a856-b0a633bfdb40','{\"redirect_uri\":\"com.mvfitness.mytrainer2client://logoutredirect\"}'),('d647975c-6ee7-4079-a5b2-522aa54fc983','mytrainer2client',NULL,NULL,'172.18.0.1','e50ee46d-dbef-4c14-8389-4018de132723','4e9505e1-1f79-4eec-870f-5ffd60b15631',1746093962089,'LOGIN','60c7bf2d-f5e0-4e08-a856-b0a633bfdb40','{\"auth_method\":\"openid-connect\",\"auth_type\":\"code\",\"redirect_uri\":\"http://localhost/login\",\"consent\":\"no_consent_required\",\"code_id\":\"4e9505e1-1f79-4eec-870f-5ffd60b15631\",\"username\":\"trainer1\"}'),('d688f108-fc65-40d1-92c0-0472035bfb54','mytrainer2client',NULL,NULL,'172.18.0.1','e50ee46d-dbef-4c14-8389-4018de132723','c8c4af8d-8b4d-4b77-be87-dcf0a93bc7e5',1746099433148,'LOGOUT','60c7bf2d-f5e0-4e08-a856-b0a633bfdb40','{\"redirect_uri\":\"http://localhost\"}'),('d6feaa86-4e6e-42c9-b66a-5573220a8752','mytrainer2client',NULL,NULL,'172.18.0.1','e50ee46d-dbef-4c14-8389-4018de132723','5119c761-7611-4191-8b39-ffde02dd1505',1746090909062,'LOGIN','60c7bf2d-f5e0-4e08-a856-b0a633bfdb40','{\"auth_method\":\"openid-connect\",\"auth_type\":\"code\",\"response_type\":\"id_token token\",\"redirect_uri\":\"http://localhost:56267/login\",\"consent\":\"no_consent_required\",\"code_id\":\"5119c761-7611-4191-8b39-ffde02dd1505\",\"response_mode\":\"fragment\",\"username\":\"trainer1\"}'),('d854202d-64a3-4ee3-9a56-00638b968b61','mytrainer2client',NULL,NULL,'172.18.0.1','e50ee46d-dbef-4c14-8389-4018de132723','7668b9d5-b5a0-47a3-bb73-bd07204829bc',1746888539675,'LOGIN','60c7bf2d-f5e0-4e08-a856-b0a633bfdb40','{\"auth_method\":\"openid-connect\",\"auth_type\":\"code\",\"redirect_uri\":\"com.mvfitness.mytrainer2client://oauthredirect\",\"consent\":\"no_consent_required\",\"code_id\":\"7668b9d5-b5a0-47a3-bb73-bd07204829bc\",\"username\":\"trainer1\"}'),('d956fe25-6a22-428d-a671-24207731d80d','mytrainer2client',NULL,NULL,'172.18.0.1','e50ee46d-dbef-4c14-8389-4018de132723','aacef841-718c-49c7-97a8-6b99776cbc24',1748190963959,'LOGIN','60c7bf2d-f5e0-4e08-a856-b0a633bfdb40','{\"auth_method\":\"openid-connect\",\"auth_type\":\"code\",\"redirect_uri\":\"com.mvfitness.mytrainer2client://oauthredirect\",\"consent\":\"no_consent_required\",\"code_id\":\"aacef841-718c-49c7-97a8-6b99776cbc24\",\"username\":\"trainer1\"}'),('da9c1ae9-383e-4652-93ce-671d0edc4df1','mytrainer2client',NULL,NULL,'172.18.0.1','e50ee46d-dbef-4c14-8389-4018de132723','48c427ce-bdda-4f50-b747-66959ac85147',1746520725310,'CODE_TO_TOKEN','60c7bf2d-f5e0-4e08-a856-b0a633bfdb40','{\"token_id\":\"cfc0c4e3-c7b4-445c-8db8-1eb41af3cf64\",\"grant_type\":\"authorization_code\",\"refresh_token_type\":\"Refresh\",\"scope\":\"openid email profile\",\"refresh_token_id\":\"c0170bc0-c519-466f-ae51-bc638bfbf91e\",\"code_id\":\"48c427ce-bdda-4f50-b747-66959ac85147\",\"client_auth_method\":\"client-secret\"}'),('dabe8a8a-f0ca-4bcb-ab35-e9f5538e8db8','mytrainer2client',NULL,NULL,'172.18.0.1','e50ee46d-dbef-4c14-8389-4018de132723','fbceb094-3d29-45f6-8845-9487ab492a03',1748189923162,'LOGOUT','60c7bf2d-f5e0-4e08-a856-b0a633bfdb40','{\"redirect_uri\":\"com.mvfitness.mytrainer2client://logoutredirect\"}'),('dacaeca1-7718-4c59-b64b-fd0e349dcb70','mytrainer2client',NULL,NULL,'172.18.0.1','e50ee46d-dbef-4c14-8389-4018de132723','a7c898ba-e168-43c8-8f51-774dacafee50',1746520187075,'CODE_TO_TOKEN','60c7bf2d-f5e0-4e08-a856-b0a633bfdb40','{\"token_id\":\"86642e2d-8997-4ba6-a579-682caf3d7ce3\",\"grant_type\":\"authorization_code\",\"refresh_token_type\":\"Refresh\",\"scope\":\"openid email profile\",\"refresh_token_id\":\"dca6a8a7-a059-4827-8624-22cd083c22ff\",\"code_id\":\"a7c898ba-e168-43c8-8f51-774dacafee50\",\"client_auth_method\":\"client-secret\"}'),('db1493a6-960b-413f-ae2c-14778960e69f','mytrainer2client',NULL,NULL,'172.18.0.1','e50ee46d-dbef-4c14-8389-4018de132723','a114a66f-d98b-4e87-af8b-634b4ec74876',1747856471396,'LOGOUT','60c7bf2d-f5e0-4e08-a856-b0a633bfdb40','{\"redirect_uri\":\"com.mvfitness.mytrainer2client://logoutredirect\"}'),('dc18b8bb-60c6-4113-a176-e327c7f96f8e','mytrainer2client',NULL,NULL,'172.18.0.1','e50ee46d-dbef-4c14-8389-4018de132723','d4be2938-cd27-4f93-a27c-b2dbb5520589',1746099271957,'LOGIN','60c7bf2d-f5e0-4e08-a856-b0a633bfdb40','{\"auth_method\":\"openid-connect\",\"auth_type\":\"code\",\"response_type\":\"code\",\"redirect_uri\":\"com.mvfitness.mytrainer2client://oauthredirect\",\"consent\":\"no_consent_required\",\"code_id\":\"d4be2938-cd27-4f93-a27c-b2dbb5520589\",\"response_mode\":\"query\",\"username\":\"trainer1\"}'),('dd0a52ca-21ae-4c09-bd83-686002012bc2','mytrainer2client',NULL,NULL,'172.18.0.1','e50ee46d-dbef-4c14-8389-4018de132723','4f9ab544-3417-4a3f-9d60-7aefe790a3e5',1746982650317,'CODE_TO_TOKEN','60c7bf2d-f5e0-4e08-a856-b0a633bfdb40','{\"token_id\":\"680444e0-be6b-441e-98e6-82c481d9c379\",\"grant_type\":\"authorization_code\",\"refresh_token_type\":\"Refresh\",\"scope\":\"openid email profile\",\"refresh_token_id\":\"4cdcbd00-fe9e-4d3e-b4e1-c778ee5fc6bd\",\"code_id\":\"4f9ab544-3417-4a3f-9d60-7aefe790a3e5\",\"client_auth_method\":\"client-secret\"}'),('dd927ab4-c657-4659-b684-d8b81b287e01','provisioning-client',NULL,NULL,'127.0.0.1','e50ee46d-dbef-4c14-8389-4018de132723','af163a60-9680-45fd-a3d7-e5a2dd014e24',1745441649190,'CLIENT_LOGIN','2f2b1ea7-e8d3-47c8-af7c-67971f1c494a','{\"token_id\":\"51b89575-ea22-4903-9d80-9ae63bd9db0c\",\"grant_type\":\"client_credentials\",\"scope\":\"email profile\",\"client_auth_method\":\"client-secret\",\"username\":\"service-account-provisioning-client\"}'),('dfd1fc0d-b8ee-4e3e-878a-ca658c97a2f9','mytrainer2client',NULL,NULL,'172.18.0.1','e50ee46d-dbef-4c14-8389-4018de132723','88536e1e-217f-4659-8605-554c93ba6ad4',1745685389725,'LOGIN','60c7bf2d-f5e0-4e08-a856-b0a633bfdb40','{\"auth_method\":\"openid-connect\",\"auth_type\":\"code\",\"redirect_uri\":\"http://localhost:50900/login\",\"consent\":\"no_consent_required\",\"code_id\":\"88536e1e-217f-4659-8605-554c93ba6ad4\",\"username\":\"trainer1\"}'),('dff52f1f-0087-40c9-b07f-75ec088faa82','mytrainer2client',NULL,NULL,'172.18.0.1','e50ee46d-dbef-4c14-8389-4018de132723','a05a3fdb-14cd-4905-9fb2-d0927508a051',1749584384545,'CODE_TO_TOKEN','60c7bf2d-f5e0-4e08-a856-b0a633bfdb40','{\"token_id\":\"cd07aede-d817-405a-928b-456d8383def6\",\"grant_type\":\"authorization_code\",\"refresh_token_type\":\"Offline\",\"scope\":\"openid email offline_access profile\",\"refresh_token_id\":\"e4f6212d-3f00-460d-b15d-aed766f23a14\",\"code_id\":\"a05a3fdb-14cd-4905-9fb2-d0927508a051\",\"client_auth_method\":\"client-secret\"}'),('e0a2d992-6d1e-4761-8ff6-f85e8e6d3b27','mytrainer2client',NULL,NULL,'172.18.0.1','e50ee46d-dbef-4c14-8389-4018de132723','b0285a0b-c170-47df-aa79-0cbfd284c8d2',1748189940117,'LOGIN','60c7bf2d-f5e0-4e08-a856-b0a633bfdb40','{\"auth_method\":\"openid-connect\",\"auth_type\":\"code\",\"redirect_uri\":\"com.mvfitness.mytrainer2client://oauthredirect\",\"consent\":\"no_consent_required\",\"code_id\":\"b0285a0b-c170-47df-aa79-0cbfd284c8d2\",\"username\":\"trainer1\"}'),('e13807fc-6ea2-4b0d-9fd7-565f3ae519ee','mytrainer2client',NULL,NULL,'172.18.0.1','e50ee46d-dbef-4c14-8389-4018de132723','222aeb8e-9a68-4a41-baa2-8b2fbdee8360',1746100516811,'CODE_TO_TOKEN','60c7bf2d-f5e0-4e08-a856-b0a633bfdb40','{\"token_id\":\"3f50979d-7f36-4e39-b900-1e400ca8dabc\",\"grant_type\":\"authorization_code\",\"refresh_token_type\":\"Refresh\",\"scope\":\"openid email profile\",\"refresh_token_id\":\"c00d35ae-3a0e-426f-b12e-ad73532ed8db\",\"code_id\":\"222aeb8e-9a68-4a41-baa2-8b2fbdee8360\",\"client_auth_method\":\"client-secret\"}'),('e15cbd74-6a76-4590-9ecb-cb1a6988a0cb','mytrainer2client',NULL,NULL,'172.18.0.1','e50ee46d-dbef-4c14-8389-4018de132723','a114a66f-d98b-4e87-af8b-634b4ec74876',1747855643374,'LOGIN','60c7bf2d-f5e0-4e08-a856-b0a633bfdb40','{\"auth_method\":\"openid-connect\",\"auth_type\":\"code\",\"redirect_uri\":\"com.mvfitness.mytrainer2client://oauthredirect\",\"consent\":\"no_consent_required\",\"code_id\":\"a114a66f-d98b-4e87-af8b-634b4ec74876\",\"username\":\"trainer1\"}'),('e196e8ab-d882-4575-a006-cc13d1e19624','mytrainer2client',NULL,NULL,'172.18.0.1','e50ee46d-dbef-4c14-8389-4018de132723','ca7ff1a7-eabd-460d-87c8-d61f449f5b53',1748442495520,'CODE_TO_TOKEN','60c7bf2d-f5e0-4e08-a856-b0a633bfdb40','{\"token_id\":\"79e9b37d-3e95-4195-bc33-7f7a22d91b66\",\"grant_type\":\"authorization_code\",\"refresh_token_type\":\"Offline\",\"scope\":\"openid email offline_access profile\",\"refresh_token_id\":\"e8895d0b-d96b-4528-ad9b-c45868e25d39\",\"code_id\":\"ca7ff1a7-eabd-460d-87c8-d61f449f5b53\",\"client_auth_method\":\"client-secret\"}'),('e1f7e239-a5d2-4ae2-8a2e-8ebd4896ca6e','mytrainer2client',NULL,NULL,'172.18.0.1','e50ee46d-dbef-4c14-8389-4018de132723','7dd79974-ed43-4cff-bf3d-daf37708245c',1748925965003,'LOGIN','60c7bf2d-f5e0-4e08-a856-b0a633bfdb40','{\"auth_method\":\"openid-connect\",\"auth_type\":\"code\",\"response_type\":\"code\",\"redirect_uri\":\"com.mvfitness.mytrainer2client://oauthredirect\",\"consent\":\"no_consent_required\",\"code_id\":\"7dd79974-ed43-4cff-bf3d-daf37708245c\",\"response_mode\":\"query\",\"username\":\"trainer1\"}'),('e23200dc-fd5f-48ef-96eb-7a74aa4ed9a1','provisioning-client',NULL,NULL,'127.0.0.1','e50ee46d-dbef-4c14-8389-4018de132723','afb261cf-b1db-426a-94ff-66f282a22c04',1745441489008,'CLIENT_LOGIN','2f2b1ea7-e8d3-47c8-af7c-67971f1c494a','{\"token_id\":\"a6d0d6f0-bcd7-4f47-910c-ba38b5878ef4\",\"grant_type\":\"client_credentials\",\"scope\":\"email profile\",\"client_auth_method\":\"client-secret\",\"username\":\"service-account-provisioning-client\"}'),('e2a9bb7e-d538-4bbf-a920-f846236516a3','mytrainer2client',NULL,NULL,'172.18.0.1','e50ee46d-dbef-4c14-8389-4018de132723','b0285a0b-c170-47df-aa79-0cbfd284c8d2',1748190946136,'CODE_TO_TOKEN','60c7bf2d-f5e0-4e08-a856-b0a633bfdb40','{\"token_id\":\"2a0a4ad7-39a5-413d-888e-bfcbf6573e84\",\"grant_type\":\"authorization_code\",\"refresh_token_type\":\"Refresh\",\"scope\":\"openid email profile\",\"refresh_token_id\":\"3c1f6f44-4c06-4f9f-b839-b82d29fe4ebe\",\"code_id\":\"b0285a0b-c170-47df-aa79-0cbfd284c8d2\",\"client_auth_method\":\"client-secret\"}'),('e33e7319-ffaa-499e-99b2-2bab93c19b5d','mytrainer2client',NULL,NULL,'172.18.0.1','e50ee46d-dbef-4c14-8389-4018de132723','495141a0-8852-4264-b966-e90f0bc812bb',1746286899251,'CODE_TO_TOKEN','60c7bf2d-f5e0-4e08-a856-b0a633bfdb40','{\"token_id\":\"96987844-1a24-4795-ac99-3f141a719392\",\"grant_type\":\"authorization_code\",\"refresh_token_type\":\"Refresh\",\"scope\":\"openid email profile\",\"refresh_token_id\":\"a23f5d92-dd60-47a5-b9d2-edcb3570fc50\",\"code_id\":\"495141a0-8852-4264-b966-e90f0bc812bb\",\"client_auth_method\":\"client-secret\"}'),('e3df3c32-67e9-4fc9-af67-15652e17c28c','mytrainer2client',NULL,NULL,'172.18.0.1','e50ee46d-dbef-4c14-8389-4018de132723','4f5dcd2c-f257-4b3b-819f-c5a7bda07159',1746096232921,'LOGIN','60c7bf2d-f5e0-4e08-a856-b0a633bfdb40','{\"auth_method\":\"openid-connect\",\"auth_type\":\"code\",\"redirect_uri\":\"com.mvfitness.mytrainer2client://oauthredirect\",\"consent\":\"no_consent_required\",\"code_id\":\"4f5dcd2c-f257-4b3b-819f-c5a7bda07159\",\"username\":\"trainer1\"}'),('e42f6e42-a1c9-492f-9209-d2861adbd7bc','mytrainer2client',NULL,NULL,'172.18.0.1','e50ee46d-dbef-4c14-8389-4018de132723','1544bc31-29e6-4683-a10c-b5b40e91de2a',1746886473214,'LOGIN','60c7bf2d-f5e0-4e08-a856-b0a633bfdb40','{\"auth_method\":\"openid-connect\",\"auth_type\":\"code\",\"redirect_uri\":\"com.mvfitness.mytrainer2client://oauthredirect\",\"consent\":\"no_consent_required\",\"code_id\":\"1544bc31-29e6-4683-a10c-b5b40e91de2a\",\"username\":\"trainer1\"}'),('e4ea72ea-69ff-4a7c-9a28-5a7e181c3ac3','mytrainer2client',NULL,NULL,'172.18.0.1','e50ee46d-dbef-4c14-8389-4018de132723','68aaf70d-e9f3-434e-9fb1-f6603547cc98',1748178465706,'CODE_TO_TOKEN','60c7bf2d-f5e0-4e08-a856-b0a633bfdb40','{\"token_id\":\"c7091629-5d11-4623-bd44-49c70ef24b30\",\"grant_type\":\"authorization_code\",\"refresh_token_type\":\"Refresh\",\"scope\":\"openid email profile\",\"refresh_token_id\":\"66a4d599-2e03-48d3-bba0-88af84b0d12b\",\"code_id\":\"68aaf70d-e9f3-434e-9fb1-f6603547cc98\",\"client_auth_method\":\"client-secret\"}'),('e518a4ac-90f5-4b1a-a618-4d884378aba6','mytrainer2client',NULL,NULL,'172.18.0.1','e50ee46d-dbef-4c14-8389-4018de132723','f46fc1a1-6747-45d2-bd8d-aeb460a4dd33',1748437562072,'CODE_TO_TOKEN','60c7bf2d-f5e0-4e08-a856-b0a633bfdb40','{\"token_id\":\"ee1287a3-100f-48ca-9462-64779bd49519\",\"grant_type\":\"authorization_code\",\"refresh_token_type\":\"Offline\",\"scope\":\"openid email offline_access profile\",\"refresh_token_id\":\"e8e7c14a-5bd7-499b-93b1-2f47388a110d\",\"code_id\":\"f46fc1a1-6747-45d2-bd8d-aeb460a4dd33\",\"client_auth_method\":\"client-secret\"}'),('e655c593-e0ed-4b58-a840-7e74720e3f16','mytrainer2client',NULL,NULL,'172.18.0.1','e50ee46d-dbef-4c14-8389-4018de132723','b460de5e-f42f-4af2-ae28-8a215ea702b5',1746100493806,'LOGOUT','60c7bf2d-f5e0-4e08-a856-b0a633bfdb40','{\"redirect_uri\":\"com.mvfitness.mytrainer2client://logoutredirect\"}'),('e6a36610-f67f-4530-a6db-e19604bdd0a1','mytrainer2client',NULL,NULL,'172.18.0.1','e50ee46d-dbef-4c14-8389-4018de132723','7775fbbe-abc5-458c-89f8-25be8d6e8d7d',1746519075797,'CODE_TO_TOKEN','60c7bf2d-f5e0-4e08-a856-b0a633bfdb40','{\"token_id\":\"162485a4-0f0d-450b-8a1f-f9c5e2002165\",\"grant_type\":\"authorization_code\",\"refresh_token_type\":\"Refresh\",\"scope\":\"openid email profile\",\"refresh_token_id\":\"ebc551b9-6207-4226-bee4-5602df405fd3\",\"code_id\":\"7775fbbe-abc5-458c-89f8-25be8d6e8d7d\",\"client_auth_method\":\"client-secret\"}'),('e722d513-be81-4d8e-86a8-e1628281d4bd','mytrainer2client',NULL,NULL,'172.18.0.1','e50ee46d-dbef-4c14-8389-4018de132723','33d52446-5937-4a3c-b380-298f48036951',1746101373731,'LOGIN','60c7bf2d-f5e0-4e08-a856-b0a633bfdb40','{\"auth_method\":\"openid-connect\",\"auth_type\":\"code\",\"redirect_uri\":\"http://localhost/login\",\"consent\":\"no_consent_required\",\"code_id\":\"33d52446-5937-4a3c-b380-298f48036951\",\"username\":\"trainer1\"}'),('e7394c90-dde9-4bae-bece-8704ed25e00f','mytrainer2client',NULL,NULL,'172.18.0.1','e50ee46d-dbef-4c14-8389-4018de132723','271b79da-5a01-4e1c-a08f-aa1d200d0112',1748426931338,'LOGIN','60c7bf2d-f5e0-4e08-a856-b0a633bfdb40','{\"auth_method\":\"openid-connect\",\"auth_type\":\"code\",\"redirect_uri\":\"com.mvfitness.mytrainer2client://oauthredirect\",\"remember_me\":\"true\",\"consent\":\"no_consent_required\",\"code_id\":\"271b79da-5a01-4e1c-a08f-aa1d200d0112\",\"username\":\"trainer1\"}'),('e73e51be-774e-4777-8e6e-60835f948479','mytrainer2client',NULL,NULL,'172.18.0.1','e50ee46d-dbef-4c14-8389-4018de132723','99315d4b-d504-447c-b84a-8ce79eeaa469',1745614459261,'LOGIN','60c7bf2d-f5e0-4e08-a856-b0a633bfdb40','{\"auth_method\":\"openid-connect\",\"token_id\":\"28f56e7d-66bc-49bf-9b49-c782d8cb08b4\",\"grant_type\":\"password\",\"refresh_token_type\":\"Refresh\",\"scope\":\"openid email profile\",\"refresh_token_id\":\"c3687a96-7931-479b-8a15-bfa59995834e\",\"client_auth_method\":\"client-secret\",\"username\":\"trainer1\"}'),('e7405398-bb89-4322-b94b-cd464a6da298','mytrainer2client',NULL,NULL,'172.18.0.1','e50ee46d-dbef-4c14-8389-4018de132723','67329fa8-7f18-4b42-b3c4-378c2046a792',1748065990645,'CODE_TO_TOKEN','60c7bf2d-f5e0-4e08-a856-b0a633bfdb40','{\"token_id\":\"75d1d7d8-7026-4f78-abe1-e3e92078cb0a\",\"grant_type\":\"authorization_code\",\"refresh_token_type\":\"Refresh\",\"scope\":\"openid email profile\",\"refresh_token_id\":\"7186ebd7-74ef-4f03-bd73-619d30a7682b\",\"code_id\":\"67329fa8-7f18-4b42-b3c4-378c2046a792\",\"client_auth_method\":\"client-secret\"}'),('e7474b33-963b-4715-b905-146b69c8d485','mytrainer2client',NULL,NULL,'172.18.0.1','e50ee46d-dbef-4c14-8389-4018de132723','cd2e7bc0-855b-4339-a47e-6548ab5dda76',1748064451520,'LOGIN','60c7bf2d-f5e0-4e08-a856-b0a633bfdb40','{\"auth_method\":\"openid-connect\",\"auth_type\":\"code\",\"response_type\":\"code\",\"redirect_uri\":\"com.mvfitness.mytrainer2client://oauthredirect\",\"consent\":\"no_consent_required\",\"code_id\":\"cd2e7bc0-855b-4339-a47e-6548ab5dda76\",\"response_mode\":\"query\",\"username\":\"trainer1\"}'),('e8bb9657-90d2-4549-8223-6485746c48c8','mytrainer2client',NULL,NULL,'172.18.0.1','e50ee46d-dbef-4c14-8389-4018de132723','e4325191-4b13-4e49-9a97-0c80976e1034',1746285215074,'LOGOUT','60c7bf2d-f5e0-4e08-a856-b0a633bfdb40','{\"redirect_uri\":\"http://localhost\"}'),('e9415e77-c773-450f-9880-e86f2e03b7a4','mytrainer2client',NULL,NULL,'172.18.0.1','e50ee46d-dbef-4c14-8389-4018de132723','081648eb-217f-4262-9e9c-75bd64bd592b',1748180286763,'LOGOUT','60c7bf2d-f5e0-4e08-a856-b0a633bfdb40','{\"redirect_uri\":\"com.mvfitness.mytrainer2client://logoutredirect\"}'),('ea10ab98-ac40-44a7-abca-86a261a25c0f','mytrainer2client',NULL,NULL,'172.18.0.1','e50ee46d-dbef-4c14-8389-4018de132723','a05a3fdb-14cd-4905-9fb2-d0927508a051',1749584383340,'LOGIN','60c7bf2d-f5e0-4e08-a856-b0a633bfdb40','{\"auth_method\":\"openid-connect\",\"auth_type\":\"code\",\"redirect_uri\":\"com.mvfitness.mytrainer2client://oauthredirect\",\"remember_me\":\"true\",\"consent\":\"no_consent_required\",\"code_id\":\"a05a3fdb-14cd-4905-9fb2-d0927508a051\",\"username\":\"trainer1\"}'),('ea2f1cdd-6ddd-4b63-95b0-906c21bb6f29','mytrainer2client',NULL,'invalid_user_credentials','172.18.0.1','e50ee46d-dbef-4c14-8389-4018de132723',NULL,1748433117103,'LOGIN_ERROR','60c7bf2d-f5e0-4e08-a856-b0a633bfdb40','{\"auth_method\":\"openid-connect\",\"auth_type\":\"code\",\"redirect_uri\":\"com.mvfitness.mytrainer2client://oauthredirect\",\"code_id\":\"e3cd283c-0180-4658-a182-7b63da6145cf\",\"username\":\"trainer1\"}'),('ea390a66-416b-44c7-b8f9-24b347afc39d','mytrainer2client',NULL,NULL,'172.18.0.1','e50ee46d-dbef-4c14-8389-4018de132723','fbfd8a44-1b40-4492-96ae-f3d792074799',1748676174928,'CODE_TO_TOKEN','60c7bf2d-f5e0-4e08-a856-b0a633bfdb40','{\"token_id\":\"b126b83e-39b4-4a84-90f6-b56c33db00c9\",\"grant_type\":\"authorization_code\",\"refresh_token_type\":\"Offline\",\"scope\":\"openid email offline_access profile\",\"refresh_token_id\":\"1093ea32-32b9-4b97-b092-d262b3add71a\",\"code_id\":\"fbfd8a44-1b40-4492-96ae-f3d792074799\",\"client_auth_method\":\"client-secret\"}'),('eaf3168e-2eff-4204-a59e-b99d5a8a03a7','mytrainer2client',NULL,NULL,'172.18.0.1','e50ee46d-dbef-4c14-8389-4018de132723','27d6920b-4aa7-4376-87f8-2caae90ea3e1',1745612754328,'LOGIN','60c7bf2d-f5e0-4e08-a856-b0a633bfdb40','{\"auth_method\":\"openid-connect\",\"token_id\":\"6e62da2a-bc1d-4451-a732-0fd054804050\",\"grant_type\":\"password\",\"refresh_token_type\":\"Refresh\",\"scope\":\"openid email profile\",\"refresh_token_id\":\"875038ed-ffe5-4090-ae9c-888e3db45998\",\"client_auth_method\":\"client-secret\",\"username\":\"trainer1\"}'),('eaf38a0a-e3e8-402e-bf8c-1edd3020d4aa','mytrainer2client',NULL,NULL,'172.18.0.1','e50ee46d-dbef-4c14-8389-4018de132723','12d8d279-e8eb-4315-bde6-71e6251d18d7',1748176911374,'LOGIN','60c7bf2d-f5e0-4e08-a856-b0a633bfdb40','{\"auth_method\":\"openid-connect\",\"auth_type\":\"code\",\"redirect_uri\":\"com.mvfitness.mytrainer2client://oauthredirect\",\"consent\":\"no_consent_required\",\"code_id\":\"12d8d279-e8eb-4315-bde6-71e6251d18d7\",\"username\":\"trainer1\"}'),('eb7b8af6-7c3e-420a-bd8e-0b3abadbee9a','mytrainer2client',NULL,NULL,'172.18.0.1','e50ee46d-dbef-4c14-8389-4018de132723','9caf7a1a-b474-4270-b26a-5cd9c07f6085',1746096160996,'LOGOUT','60c7bf2d-f5e0-4e08-a856-b0a633bfdb40','{\"redirect_uri\":\"com.mvfitness.mytrainer2client://logoutredirect\"}'),('ec0ada7f-fd89-4190-9406-9d88e278d4fe','mytrainer2client',NULL,NULL,'172.18.0.1','e50ee46d-dbef-4c14-8389-4018de132723','cd2e7bc0-855b-4339-a47e-6548ab5dda76',1748064452095,'CODE_TO_TOKEN','60c7bf2d-f5e0-4e08-a856-b0a633bfdb40','{\"token_id\":\"ebcc0937-7abc-4bc2-8def-0f284f15cb01\",\"grant_type\":\"authorization_code\",\"refresh_token_type\":\"Refresh\",\"scope\":\"openid email profile\",\"refresh_token_id\":\"85b827dc-42e7-4536-a61c-a99ec81fbe5b\",\"code_id\":\"cd2e7bc0-855b-4339-a47e-6548ab5dda76\",\"client_auth_method\":\"client-secret\"}'),('ec6f7d7a-8e2e-480f-93f6-831e4b152d9b','mytrainer2client',NULL,NULL,'172.18.0.1','e50ee46d-dbef-4c14-8389-4018de132723','fd12d462-4dc8-4731-8536-aa50838b9cfd',1748246970759,'LOGIN','60c7bf2d-f5e0-4e08-a856-b0a633bfdb40','{\"auth_method\":\"openid-connect\",\"auth_type\":\"code\",\"redirect_uri\":\"com.mvfitness.mytrainer2client://oauthredirect\",\"remember_me\":\"true\",\"consent\":\"no_consent_required\",\"code_id\":\"fd12d462-4dc8-4731-8536-aa50838b9cfd\",\"username\":\"trainer1\"}'),('ec8ad4f8-7e17-49cc-bad6-efd5d6c1480c','mytrainer2client',NULL,NULL,'172.18.0.1','e50ee46d-dbef-4c14-8389-4018de132723','04bb415c-fd1c-464f-a392-01b32ced1ed5',1746041124297,'LOGIN','60c7bf2d-f5e0-4e08-a856-b0a633bfdb40','{\"auth_method\":\"openid-connect\",\"auth_type\":\"code\",\"redirect_uri\":\"com.mvfitness.mytrainer2client://oauthredirect\",\"consent\":\"no_consent_required\",\"code_id\":\"04bb415c-fd1c-464f-a392-01b32ced1ed5\",\"username\":\"trainer1\"}'),('ede4d683-2e0f-4d97-8352-9259f1b874e2','mytrainer2client',NULL,NULL,'172.18.0.1','e50ee46d-dbef-4c14-8389-4018de132723','fbceb094-3d29-45f6-8845-9487ab492a03',1748189292564,'CODE_TO_TOKEN','60c7bf2d-f5e0-4e08-a856-b0a633bfdb40','{\"token_id\":\"4c7c9fae-0995-4a0a-bb6b-9346cf0bc39c\",\"grant_type\":\"authorization_code\",\"refresh_token_type\":\"Refresh\",\"scope\":\"openid email profile\",\"refresh_token_id\":\"2df93897-6542-455a-a1d6-c6f10620dcc1\",\"code_id\":\"fbceb094-3d29-45f6-8845-9487ab492a03\",\"client_auth_method\":\"client-secret\"}'),('ede631f2-985b-42f4-bc63-ebe28d5cc800','mytrainer2client',NULL,NULL,'172.18.0.1','e50ee46d-dbef-4c14-8389-4018de132723','8d18bc83-e27e-4fad-a4b8-e9596e315538',1748429979517,'CODE_TO_TOKEN','60c7bf2d-f5e0-4e08-a856-b0a633bfdb40','{\"token_id\":\"bf5a1939-1177-4ad6-a55e-0dab2e56907e\",\"grant_type\":\"authorization_code\",\"refresh_token_type\":\"Offline\",\"scope\":\"openid email offline_access profile\",\"refresh_token_id\":\"3648f88e-d445-4763-85ce-48f2fa289b78\",\"code_id\":\"8d18bc83-e27e-4fad-a4b8-e9596e315538\",\"client_auth_method\":\"client-secret\"}'),('ee918f7b-62d4-4157-b37f-ed0dfb8c17a4','mytrainer2client',NULL,'session_expired','172.18.0.1','e50ee46d-dbef-4c14-8389-4018de132723',NULL,1751618041457,'LOGOUT_ERROR',NULL,NULL),('f030c713-716a-4ed3-96d7-b2bfd77b8923','mytrainer2client',NULL,NULL,'172.18.0.1','e50ee46d-dbef-4c14-8389-4018de132723','de370584-9478-45eb-adcb-8e0ec7002081',1748068465182,'LOGIN','60c7bf2d-f5e0-4e08-a856-b0a633bfdb40','{\"auth_method\":\"openid-connect\",\"auth_type\":\"code\",\"redirect_uri\":\"com.mvfitness.mytrainer2client://oauthredirect\",\"consent\":\"no_consent_required\",\"code_id\":\"de370584-9478-45eb-adcb-8e0ec7002081\",\"username\":\"trainer1\"}'),('f1c72cf4-f242-461c-a973-f399e6baa12d','mytrainer2client',NULL,NULL,'172.18.0.1','e50ee46d-dbef-4c14-8389-4018de132723','225bfc1d-6230-49aa-af97-bde3aeb6da15',1746110667721,'CODE_TO_TOKEN','60c7bf2d-f5e0-4e08-a856-b0a633bfdb40','{\"token_id\":\"0ffcde67-5be1-4bc3-b49c-15cb2be50c63\",\"grant_type\":\"authorization_code\",\"refresh_token_type\":\"Refresh\",\"scope\":\"openid email profile\",\"refresh_token_id\":\"c375b6db-0e3b-4f8c-99ab-3bcef1ce1cd9\",\"code_id\":\"225bfc1d-6230-49aa-af97-bde3aeb6da15\",\"client_auth_method\":\"client-secret\"}'),('f212ee16-5a90-41d8-8749-7af3536ccdbc','mytrainer2client',NULL,NULL,'172.18.0.1','e50ee46d-dbef-4c14-8389-4018de132723','fe661f1c-eb31-44df-960e-3989ecafac6b',1748172653544,'LOGIN','60c7bf2d-f5e0-4e08-a856-b0a633bfdb40','{\"auth_method\":\"openid-connect\",\"auth_type\":\"code\",\"redirect_uri\":\"com.mvfitness.mytrainer2client://oauthredirect\",\"consent\":\"no_consent_required\",\"code_id\":\"fe661f1c-eb31-44df-960e-3989ecafac6b\",\"username\":\"trainer1\"}'),('f3378512-0523-4c29-9f82-0acedcb898a5','mytrainer2client',NULL,NULL,'172.18.0.1','e50ee46d-dbef-4c14-8389-4018de132723','7d8be6b3-ad94-4468-a35d-dacbd1c17bd2',1746885474944,'LOGOUT','60c7bf2d-f5e0-4e08-a856-b0a633bfdb40','{\"redirect_uri\":\"com.mvfitness.mytrainer2client://logoutredirect\"}'),('f339012e-9997-4d4b-8821-54dc03e3538e','mytrainer2client',NULL,NULL,'172.18.0.1','e50ee46d-dbef-4c14-8389-4018de132723','a17d3425-3a62-49d9-abe9-1988c83aca5a',1746094295568,'LOGIN','60c7bf2d-f5e0-4e08-a856-b0a633bfdb40','{\"auth_method\":\"openid-connect\",\"auth_type\":\"code\",\"response_type\":\"code\",\"redirect_uri\":\"com.mvfitness.mytrainer2client://oauthredirect\",\"consent\":\"no_consent_required\",\"code_id\":\"a17d3425-3a62-49d9-abe9-1988c83aca5a\",\"response_mode\":\"query\",\"username\":\"trainer1\"}'),('f3430161-ca07-4fd3-b406-f6303e0ac9a7','mytrainer2client',NULL,NULL,'172.18.0.1','e50ee46d-dbef-4c14-8389-4018de132723','94fbf2f4-4466-459d-9a2d-dc8f80c705cf',1748426692182,'LOGIN','60c7bf2d-f5e0-4e08-a856-b0a633bfdb40','{\"auth_method\":\"openid-connect\",\"auth_type\":\"code\",\"redirect_uri\":\"com.mvfitness.mytrainer2client://oauthredirect\",\"remember_me\":\"true\",\"consent\":\"no_consent_required\",\"code_id\":\"94fbf2f4-4466-459d-9a2d-dc8f80c705cf\",\"username\":\"trainer1\"}'),('f35e9c2c-a4a1-4da5-90d8-0df88623c012','mytrainer2client',NULL,NULL,'172.18.0.1','e50ee46d-dbef-4c14-8389-4018de132723','eb629052-d14f-471d-a740-daea20b4d124',1748448138375,'CODE_TO_TOKEN','60c7bf2d-f5e0-4e08-a856-b0a633bfdb40','{\"token_id\":\"5ed9cd0f-7e3a-4510-96dc-a2dac28189e8\",\"grant_type\":\"authorization_code\",\"refresh_token_type\":\"Offline\",\"scope\":\"openid email offline_access profile\",\"refresh_token_id\":\"6e4343eb-4e07-43a6-b545-18a1b12b2e7e\",\"code_id\":\"eb629052-d14f-471d-a740-daea20b4d124\",\"client_auth_method\":\"client-secret\"}'),('f3d75ce6-e0bc-48bc-9623-30da4fd7fa4c','mytrainer2client',NULL,NULL,'172.18.0.1','e50ee46d-dbef-4c14-8389-4018de132723','4b55905a-b358-479c-97e1-4d4fb6245d8e',1747852944390,'LOGIN','60c7bf2d-f5e0-4e08-a856-b0a633bfdb40','{\"auth_method\":\"openid-connect\",\"auth_type\":\"code\",\"response_type\":\"code\",\"redirect_uri\":\"com.mvfitness.mytrainer2client://oauthredirect\",\"consent\":\"no_consent_required\",\"code_id\":\"4b55905a-b358-479c-97e1-4d4fb6245d8e\",\"response_mode\":\"query\",\"username\":\"trainer1\"}'),('f41a849d-6275-44d5-be93-359ba687b97e','mytrainer2client',NULL,NULL,'172.18.0.1','e50ee46d-dbef-4c14-8389-4018de132723','59f007ba-8401-403d-8e55-277bfae0be7b',1746289095279,'LOGOUT','60c7bf2d-f5e0-4e08-a856-b0a633bfdb40','{\"redirect_uri\":\"http://localhost\"}'),('f472ba93-1e37-462e-ba2e-38d6e94820b7','mytrainer2client',NULL,NULL,'172.18.0.1','e50ee46d-dbef-4c14-8389-4018de132723','495141a0-8852-4264-b966-e90f0bc812bb',1746288376097,'LOGIN','60c7bf2d-f5e0-4e08-a856-b0a633bfdb40','{\"auth_method\":\"openid-connect\",\"auth_type\":\"code\",\"response_type\":\"code\",\"redirect_uri\":\"com.mvfitness.mytrainer2client://oauthredirect\",\"consent\":\"no_consent_required\",\"code_id\":\"495141a0-8852-4264-b966-e90f0bc812bb\",\"response_mode\":\"query\",\"username\":\"trainer1\"}'),('f48d5593-3ec0-4d0e-a6a0-898ef6d7a96d','mytrainer2client',NULL,NULL,'172.18.0.1','e50ee46d-dbef-4c14-8389-4018de132723','f18b9682-b0ca-4269-9ab2-b39a8ebc844e',1746521866737,'CODE_TO_TOKEN','60c7bf2d-f5e0-4e08-a856-b0a633bfdb40','{\"token_id\":\"0833b6dd-72b8-4769-b38b-453dc6fa630e\",\"grant_type\":\"authorization_code\",\"refresh_token_type\":\"Refresh\",\"scope\":\"openid email profile\",\"refresh_token_id\":\"ccf21e1e-cb8c-4e05-b8f4-8948a13c6fa0\",\"code_id\":\"f18b9682-b0ca-4269-9ab2-b39a8ebc844e\",\"client_auth_method\":\"client-secret\"}'),('f51985eb-f770-4bb0-b42b-e7eb7d9a7022','mytrainer2client',NULL,NULL,'172.18.0.1','e50ee46d-dbef-4c14-8389-4018de132723','d01848aa-c15b-4097-a7af-53d467cb0969',1746369659124,'CODE_TO_TOKEN','60c7bf2d-f5e0-4e08-a856-b0a633bfdb40','{\"token_id\":\"77c04752-b81f-4ec4-be49-7b232fdee982\",\"grant_type\":\"authorization_code\",\"refresh_token_type\":\"Refresh\",\"scope\":\"openid email profile\",\"refresh_token_id\":\"85027d90-24e0-4772-b790-7c1ee1586dc4\",\"code_id\":\"d01848aa-c15b-4097-a7af-53d467cb0969\",\"client_auth_method\":\"client-secret\"}'),('f5b172c0-3153-42ae-9ba1-a3c6edf27dc6','mytrainer2client',NULL,NULL,'172.18.0.1','e50ee46d-dbef-4c14-8389-4018de132723','a008a150-dd84-4cd6-99b9-11c5581a7197',1746088660507,'LOGIN','60c7bf2d-f5e0-4e08-a856-b0a633bfdb40','{\"auth_method\":\"openid-connect\",\"auth_type\":\"code\",\"response_type\":\"code\",\"redirect_uri\":\"com.mvfitness.mytrainer2client://callback\",\"consent\":\"no_consent_required\",\"code_id\":\"a008a150-dd84-4cd6-99b9-11c5581a7197\",\"response_mode\":\"query\",\"username\":\"trainer1\"}'),('f5c96085-3eb0-496c-a420-be7a580f10aa','mytrainer2client',NULL,NULL,'172.18.0.1','e50ee46d-dbef-4c14-8389-4018de132723','8fccb2a8-c44e-4b14-8046-fa9376009df7',1746090236036,'LOGIN','60c7bf2d-f5e0-4e08-a856-b0a633bfdb40','{\"auth_method\":\"openid-connect\",\"auth_type\":\"code\",\"redirect_uri\":\"com.mvfitness.mytrainer2client://callback\",\"consent\":\"no_consent_required\",\"code_id\":\"8fccb2a8-c44e-4b14-8046-fa9376009df7\",\"username\":\"trainer1\"}'),('f5f16e82-46ed-4b7c-9c4e-ba0c601c76f3','mytrainer2client',NULL,NULL,'172.18.0.1','e50ee46d-dbef-4c14-8389-4018de132723','783afefc-5d06-4a96-8912-190a5f0a6859',1748928104352,'LOGIN','60c7bf2d-f5e0-4e08-a856-b0a633bfdb40','{\"auth_method\":\"openid-connect\",\"auth_type\":\"code\",\"redirect_uri\":\"com.mvfitness.mytrainer2client://oauthredirect\",\"remember_me\":\"true\",\"consent\":\"no_consent_required\",\"code_id\":\"783afefc-5d06-4a96-8912-190a5f0a6859\",\"username\":\"trainer1\"}'),('f6de7019-32c8-4e53-ac48-86e481b85ee1','mytrainer2client',NULL,NULL,'172.18.0.1','e50ee46d-dbef-4c14-8389-4018de132723','ecd12113-2f11-4595-9431-fe581789bbc5',1748067421975,'LOGIN','60c7bf2d-f5e0-4e08-a856-b0a633bfdb40','{\"auth_method\":\"openid-connect\",\"auth_type\":\"code\",\"redirect_uri\":\"com.mvfitness.mytrainer2client://oauthredirect\",\"consent\":\"no_consent_required\",\"code_id\":\"ecd12113-2f11-4595-9431-fe581789bbc5\",\"username\":\"trainer1\"}'),('f6e2b1ea-348b-4f2a-93cb-40f0fe1f3ee1','mytrainer2client',NULL,NULL,'172.18.0.1','e50ee46d-dbef-4c14-8389-4018de132723','557dec4c-6655-44ef-9674-548081a69095',1746521837651,'LOGOUT','60c7bf2d-f5e0-4e08-a856-b0a633bfdb40','{\"redirect_uri\":\"com.mvfitness.mytrainer2client://logoutredirect\"}'),('f704f540-65c2-452d-9324-f752db44deb1','mytrainer2client',NULL,NULL,'172.18.0.1','e50ee46d-dbef-4c14-8389-4018de132723','5119c761-7611-4191-8b39-ffde02dd1505',1746090913724,'LOGIN','60c7bf2d-f5e0-4e08-a856-b0a633bfdb40','{\"auth_method\":\"openid-connect\",\"auth_type\":\"code\",\"response_type\":\"id_token token\",\"redirect_uri\":\"http://localhost:56267/login\",\"consent\":\"no_consent_required\",\"code_id\":\"5119c761-7611-4191-8b39-ffde02dd1505\",\"response_mode\":\"fragment\",\"username\":\"trainer1\"}'),('f864d584-c821-4f44-b522-79df2d7477a2','mytrainer2client',NULL,NULL,'172.18.0.1','e50ee46d-dbef-4c14-8389-4018de132723','b0285a0b-c170-47df-aa79-0cbfd284c8d2',1748190944533,'LOGIN','60c7bf2d-f5e0-4e08-a856-b0a633bfdb40','{\"auth_method\":\"openid-connect\",\"auth_type\":\"code\",\"response_type\":\"code\",\"redirect_uri\":\"com.mvfitness.mytrainer2client://oauthredirect\",\"consent\":\"no_consent_required\",\"code_id\":\"b0285a0b-c170-47df-aa79-0cbfd284c8d2\",\"response_mode\":\"query\",\"username\":\"trainer1\"}'),('f880f57c-09ab-4048-b6ee-a9fcadd84998','mytrainer2client',NULL,NULL,'172.18.0.1','e50ee46d-dbef-4c14-8389-4018de132723','a495c247-83d7-4efd-beab-a21d88914bc5',1749562087235,'LOGIN','60c7bf2d-f5e0-4e08-a856-b0a633bfdb40','{\"auth_method\":\"openid-connect\",\"auth_type\":\"code\",\"redirect_uri\":\"http://localhost:52737/login\",\"consent\":\"no_consent_required\",\"code_id\":\"a495c247-83d7-4efd-beab-a21d88914bc5\",\"username\":\"trainer1\"}'),('f8873dc5-a44a-461b-bbfd-3f37cb79b260','mytrainer2client',NULL,NULL,'172.18.0.1','e50ee46d-dbef-4c14-8389-4018de132723','d46115e1-12f4-40b3-82a3-5dddc3536428',1746874958235,'CODE_TO_TOKEN','60c7bf2d-f5e0-4e08-a856-b0a633bfdb40','{\"token_id\":\"3bb76b11-2da9-436b-b5f8-f06ff4a3bc37\",\"grant_type\":\"authorization_code\",\"refresh_token_type\":\"Refresh\",\"scope\":\"openid email profile\",\"refresh_token_id\":\"7f9b9aff-2afd-410a-948f-b51f54de1abd\",\"code_id\":\"d46115e1-12f4-40b3-82a3-5dddc3536428\",\"client_auth_method\":\"client-secret\"}'),('f9152024-6c3d-4a22-917d-6ec2b2e98524','mytrainer2client',NULL,NULL,'172.18.0.1','e50ee46d-dbef-4c14-8389-4018de132723','8467adc8-a8fd-43bd-9268-8079075affa2',1748434210040,'CODE_TO_TOKEN','60c7bf2d-f5e0-4e08-a856-b0a633bfdb40','{\"token_id\":\"8941631a-94d8-4970-a4fc-a4ebc84b2ca3\",\"grant_type\":\"authorization_code\",\"refresh_token_type\":\"Offline\",\"scope\":\"openid email offline_access profile\",\"refresh_token_id\":\"52843944-0aa8-4e33-9d64-0a74d3e9ce81\",\"code_id\":\"8467adc8-a8fd-43bd-9268-8079075affa2\",\"client_auth_method\":\"client-secret\"}'),('f93dfcad-a9c8-43c6-a794-e22fe28cb68c','mytrainer2client',NULL,NULL,'172.18.0.1','e50ee46d-dbef-4c14-8389-4018de132723','a17d3425-3a62-49d9-abe9-1988c83aca5a',1746094102748,'LOGIN','60c7bf2d-f5e0-4e08-a856-b0a633bfdb40','{\"auth_method\":\"openid-connect\",\"auth_type\":\"code\",\"redirect_uri\":\"com.mvfitness.mytrainer2client://oauthredirect\",\"consent\":\"no_consent_required\",\"code_id\":\"a17d3425-3a62-49d9-abe9-1988c83aca5a\",\"username\":\"trainer1\"}'),('f9994dcd-fd11-45ac-9160-c9a49f5b55ac','mytrainer2client',NULL,'not_allowed','172.18.0.1','e50ee46d-dbef-4c14-8389-4018de132723',NULL,1745612537215,'LOGIN_ERROR',NULL,'{\"reason\":\"Client not allowed for direct access grants\",\"auth_method\":\"oauth_credentials\",\"grant_type\":\"password\",\"client_auth_method\":\"client-secret\"}'),('f99dd37e-4d49-4a66-a9e7-bcacde2ef533','mytrainer2client',NULL,NULL,'172.18.0.1','e50ee46d-dbef-4c14-8389-4018de132723','9e1d5860-5358-4ecf-ad5b-cd0aeb9862be',1748063734452,'LOGIN','60c7bf2d-f5e0-4e08-a856-b0a633bfdb40','{\"auth_method\":\"openid-connect\",\"auth_type\":\"code\",\"redirect_uri\":\"com.mvfitness.mytrainer2client://oauthredirect\",\"remember_me\":\"true\",\"consent\":\"no_consent_required\",\"code_id\":\"9e1d5860-5358-4ecf-ad5b-cd0aeb9862be\",\"username\":\"trainer1\"}'),('f9c7e646-6e4f-4725-92e0-96810fb6f39d','mytrainer2client',NULL,NULL,'172.18.0.1','e50ee46d-dbef-4c14-8389-4018de132723','d8b3f7d8-c19a-491f-84ae-16f34d22a71c',1745614354678,'LOGIN','60c7bf2d-f5e0-4e08-a856-b0a633bfdb40','{\"auth_method\":\"openid-connect\",\"token_id\":\"078d85fc-b7b4-4fc0-946d-ba7f43d81ab2\",\"grant_type\":\"password\",\"refresh_token_type\":\"Refresh\",\"scope\":\"openid email profile\",\"refresh_token_id\":\"46c68302-4933-4662-b3cf-ff9db50a6d91\",\"client_auth_method\":\"client-secret\",\"username\":\"trainer1\"}'),('fac713a1-0ba8-4f27-ac63-e496de980b93','mytrainer2client',NULL,NULL,'172.18.0.1','e50ee46d-dbef-4c14-8389-4018de132723','f874a8d1-740c-49b4-aa5c-a4f7d6603f9f',1749585381689,'LOGIN','60c7bf2d-f5e0-4e08-a856-b0a633bfdb40','{\"auth_method\":\"openid-connect\",\"auth_type\":\"code\",\"response_type\":\"id_token token\",\"redirect_uri\":\"http://localhost/login\",\"consent\":\"no_consent_required\",\"code_id\":\"f874a8d1-740c-49b4-aa5c-a4f7d6603f9f\",\"response_mode\":\"fragment\",\"username\":\"trainer1\"}'),('fba3d7ad-299f-4060-887e-7e618bdc27b6','provisioning-client',NULL,NULL,'172.18.0.1','e50ee46d-dbef-4c14-8389-4018de132723','694df956-b345-4f3a-b84d-4e3d7f8830b9',1745611431143,'CLIENT_LOGIN','2f2b1ea7-e8d3-47c8-af7c-67971f1c494a','{\"token_id\":\"1621495a-4673-45a1-84e6-46ba8f1540aa\",\"grant_type\":\"client_credentials\",\"scope\":\"email profile\",\"client_auth_method\":\"client-secret\",\"username\":\"service-account-provisioning-client\"}'),('fc9fef28-8dd5-478b-a094-761413586625','mytrainer2client',NULL,NULL,'172.18.0.1','e50ee46d-dbef-4c14-8389-4018de132723','ca7ff1a7-eabd-460d-87c8-d61f449f5b53',1748442493528,'LOGIN','60c7bf2d-f5e0-4e08-a856-b0a633bfdb40','{\"auth_method\":\"openid-connect\",\"auth_type\":\"code\",\"redirect_uri\":\"com.mvfitness.mytrainer2client://oauthredirect\",\"remember_me\":\"true\",\"consent\":\"no_consent_required\",\"code_id\":\"ca7ff1a7-eabd-460d-87c8-d61f449f5b53\",\"username\":\"trainer1\"}'),('fcef4b1a-b249-40bc-8b3e-2578e72b8f72','mytrainer2client',NULL,NULL,'172.18.0.1','e50ee46d-dbef-4c14-8389-4018de132723','3292f2df-47fd-463f-8449-cc774a092377',1748171434602,'LOGIN','60c7bf2d-f5e0-4e08-a856-b0a633bfdb40','{\"auth_method\":\"openid-connect\",\"auth_type\":\"code\",\"redirect_uri\":\"com.mvfitness.mytrainer2client://oauthredirect\",\"remember_me\":\"true\",\"consent\":\"no_consent_required\",\"code_id\":\"3292f2df-47fd-463f-8449-cc774a092377\",\"username\":\"trainer1\"}'),('fd3b2ad7-4849-4e20-aecc-aff638a62913','mytrainer2client',NULL,NULL,'172.18.0.1','e50ee46d-dbef-4c14-8389-4018de132723','6d2eb0f5-ad2a-42cc-ab78-f1db0362e281',1746886102575,'LOGIN','60c7bf2d-f5e0-4e08-a856-b0a633bfdb40','{\"auth_method\":\"openid-connect\",\"auth_type\":\"code\",\"redirect_uri\":\"com.mvfitness.mytrainer2client://oauthredirect\",\"consent\":\"no_consent_required\",\"code_id\":\"6d2eb0f5-ad2a-42cc-ab78-f1db0362e281\",\"username\":\"trainer1\"}'),('fe6f9105-8829-4941-aee1-1616396c15e3','mytrainer2client',NULL,NULL,'172.18.0.1','e50ee46d-dbef-4c14-8389-4018de132723','a452dfe4-9056-45e2-b83c-5fd73f2e29b4',1745682329260,'LOGIN','60c7bf2d-f5e0-4e08-a856-b0a633bfdb40','{\"auth_method\":\"openid-connect\",\"auth_type\":\"code\",\"redirect_uri\":\"http://localhost/login\",\"remember_me\":\"true\",\"consent\":\"no_consent_required\",\"code_id\":\"a452dfe4-9056-45e2-b83c-5fd73f2e29b4\",\"username\":\"trainer1\"}'),('ff1ab203-85f2-408b-ab54-a85ee337dfbb','mytrainer2client',NULL,NULL,'172.18.0.1','e50ee46d-dbef-4c14-8389-4018de132723','99b4dcfe-d654-4cce-b6e6-e39a2189b1c1',1746983437157,'CODE_TO_TOKEN','60c7bf2d-f5e0-4e08-a856-b0a633bfdb40','{\"token_id\":\"76da47a6-4b92-4e0c-8064-0f0494b9228e\",\"grant_type\":\"authorization_code\",\"refresh_token_type\":\"Refresh\",\"scope\":\"openid email profile\",\"refresh_token_id\":\"61972a2b-ac34-4a3e-b267-bc5e8d2ae458\",\"code_id\":\"99b4dcfe-d654-4cce-b6e6-e39a2189b1c1\",\"client_auth_method\":\"client-secret\"}');
/*!40000 ALTER TABLE `EVENT_ENTITY` ENABLE KEYS */;
UNLOCK TABLES;

--
-- Table structure for table `FEDERATED_IDENTITY`
--

DROP TABLE IF EXISTS `FEDERATED_IDENTITY`;
/*!40101 SET @saved_cs_client     = @@character_set_client */;
/*!50503 SET character_set_client = utf8mb4 */;
CREATE TABLE `FEDERATED_IDENTITY` (
  `IDENTITY_PROVIDER` varchar(255) NOT NULL,
  `REALM_ID` varchar(36) DEFAULT NULL,
  `FEDERATED_USER_ID` varchar(255) DEFAULT NULL,
  `FEDERATED_USERNAME` varchar(255) DEFAULT NULL,
  `TOKEN` text,
  `USER_ID` varchar(36) NOT NULL,
  PRIMARY KEY (`IDENTITY_PROVIDER`,`USER_ID`),
  KEY `IDX_FEDIDENTITY_USER` (`USER_ID`),
  KEY `IDX_FEDIDENTITY_FEDUSER` (`FEDERATED_USER_ID`),
  CONSTRAINT `FK404288B92EF007A6` FOREIGN KEY (`USER_ID`) REFERENCES `USER_ENTITY` (`ID`)
) ENGINE=InnoDB DEFAULT CHARSET=utf8mb4 COLLATE=utf8mb4_0900_ai_ci;
/*!40101 SET character_set_client = @saved_cs_client */;

--
-- Dumping data for table `FEDERATED_IDENTITY`
--

LOCK TABLES `FEDERATED_IDENTITY` WRITE;
/*!40000 ALTER TABLE `FEDERATED_IDENTITY` DISABLE KEYS */;
INSERT INTO `FEDERATED_IDENTITY` VALUES ('google','e50ee46d-dbef-4c14-8389-4018de132723','118332372209791489464','simeonov230@gmail.com',NULL,'c24c3776-c1c9-4761-ab43-25be8e927ec6');
/*!40000 ALTER TABLE `FEDERATED_IDENTITY` ENABLE KEYS */;
UNLOCK TABLES;

--
-- Table structure for table `FEDERATED_USER`
--

DROP TABLE IF EXISTS `FEDERATED_USER`;
/*!40101 SET @saved_cs_client     = @@character_set_client */;
/*!50503 SET character_set_client = utf8mb4 */;
CREATE TABLE `FEDERATED_USER` (
  `ID` varchar(255) NOT NULL,
  `STORAGE_PROVIDER_ID` varchar(255) DEFAULT NULL,
  `REALM_ID` varchar(36) NOT NULL,
  PRIMARY KEY (`ID`)
) ENGINE=InnoDB DEFAULT CHARSET=utf8mb4 COLLATE=utf8mb4_0900_ai_ci;
/*!40101 SET character_set_client = @saved_cs_client */;

--
-- Dumping data for table `FEDERATED_USER`
--

LOCK TABLES `FEDERATED_USER` WRITE;
/*!40000 ALTER TABLE `FEDERATED_USER` DISABLE KEYS */;
/*!40000 ALTER TABLE `FEDERATED_USER` ENABLE KEYS */;
UNLOCK TABLES;

--
-- Table structure for table `FED_USER_ATTRIBUTE`
--

DROP TABLE IF EXISTS `FED_USER_ATTRIBUTE`;
/*!40101 SET @saved_cs_client     = @@character_set_client */;
/*!50503 SET character_set_client = utf8mb4 */;
CREATE TABLE `FED_USER_ATTRIBUTE` (
  `ID` varchar(36) NOT NULL,
  `NAME` varchar(255) NOT NULL,
  `USER_ID` varchar(255) NOT NULL,
  `REALM_ID` varchar(36) NOT NULL,
  `STORAGE_PROVIDER_ID` varchar(36) DEFAULT NULL,
  `VALUE` text,
  `LONG_VALUE_HASH` binary(64) DEFAULT NULL,
  `LONG_VALUE_HASH_LOWER_CASE` binary(64) DEFAULT NULL,
  `LONG_VALUE` longtext CHARACTER SET utf8mb3 COLLATE utf8mb3_general_ci,
  PRIMARY KEY (`ID`),
  KEY `IDX_FU_ATTRIBUTE` (`USER_ID`,`REALM_ID`,`NAME`),
  KEY `FED_USER_ATTR_LONG_VALUES` (`LONG_VALUE_HASH`,`NAME`),
  KEY `FED_USER_ATTR_LONG_VALUES_LOWER_CASE` (`LONG_VALUE_HASH_LOWER_CASE`,`NAME`)
) ENGINE=InnoDB DEFAULT CHARSET=utf8mb4 COLLATE=utf8mb4_0900_ai_ci;
/*!40101 SET character_set_client = @saved_cs_client */;

--
-- Dumping data for table `FED_USER_ATTRIBUTE`
--

LOCK TABLES `FED_USER_ATTRIBUTE` WRITE;
/*!40000 ALTER TABLE `FED_USER_ATTRIBUTE` DISABLE KEYS */;
/*!40000 ALTER TABLE `FED_USER_ATTRIBUTE` ENABLE KEYS */;
UNLOCK TABLES;

--
-- Table structure for table `FED_USER_CONSENT`
--

DROP TABLE IF EXISTS `FED_USER_CONSENT`;
/*!40101 SET @saved_cs_client     = @@character_set_client */;
/*!50503 SET character_set_client = utf8mb4 */;
CREATE TABLE `FED_USER_CONSENT` (
  `ID` varchar(36) NOT NULL,
  `CLIENT_ID` varchar(255) DEFAULT NULL,
  `USER_ID` varchar(255) NOT NULL,
  `REALM_ID` varchar(36) NOT NULL,
  `STORAGE_PROVIDER_ID` varchar(36) DEFAULT NULL,
  `CREATED_DATE` bigint DEFAULT NULL,
  `LAST_UPDATED_DATE` bigint DEFAULT NULL,
  `CLIENT_STORAGE_PROVIDER` varchar(36) DEFAULT NULL,
  `EXTERNAL_CLIENT_ID` varchar(255) DEFAULT NULL,
  PRIMARY KEY (`ID`),
  KEY `IDX_FU_CONSENT` (`USER_ID`,`CLIENT_ID`),
  KEY `IDX_FU_CONSENT_RU` (`REALM_ID`,`USER_ID`),
  KEY `IDX_FU_CNSNT_EXT` (`USER_ID`,`CLIENT_STORAGE_PROVIDER`,`EXTERNAL_CLIENT_ID`)
) ENGINE=InnoDB DEFAULT CHARSET=utf8mb4 COLLATE=utf8mb4_0900_ai_ci;
/*!40101 SET character_set_client = @saved_cs_client */;

--
-- Dumping data for table `FED_USER_CONSENT`
--

LOCK TABLES `FED_USER_CONSENT` WRITE;
/*!40000 ALTER TABLE `FED_USER_CONSENT` DISABLE KEYS */;
/*!40000 ALTER TABLE `FED_USER_CONSENT` ENABLE KEYS */;
UNLOCK TABLES;

--
-- Table structure for table `FED_USER_CONSENT_CL_SCOPE`
--

DROP TABLE IF EXISTS `FED_USER_CONSENT_CL_SCOPE`;
/*!40101 SET @saved_cs_client     = @@character_set_client */;
/*!50503 SET character_set_client = utf8mb4 */;
CREATE TABLE `FED_USER_CONSENT_CL_SCOPE` (
  `USER_CONSENT_ID` varchar(36) NOT NULL,
  `SCOPE_ID` varchar(36) NOT NULL,
  PRIMARY KEY (`USER_CONSENT_ID`,`SCOPE_ID`)
) ENGINE=InnoDB DEFAULT CHARSET=utf8mb4 COLLATE=utf8mb4_0900_ai_ci;
/*!40101 SET character_set_client = @saved_cs_client */;

--
-- Dumping data for table `FED_USER_CONSENT_CL_SCOPE`
--

LOCK TABLES `FED_USER_CONSENT_CL_SCOPE` WRITE;
/*!40000 ALTER TABLE `FED_USER_CONSENT_CL_SCOPE` DISABLE KEYS */;
/*!40000 ALTER TABLE `FED_USER_CONSENT_CL_SCOPE` ENABLE KEYS */;
UNLOCK TABLES;

--
-- Table structure for table `FED_USER_CREDENTIAL`
--

DROP TABLE IF EXISTS `FED_USER_CREDENTIAL`;
/*!40101 SET @saved_cs_client     = @@character_set_client */;
/*!50503 SET character_set_client = utf8mb4 */;
CREATE TABLE `FED_USER_CREDENTIAL` (
  `ID` varchar(36) NOT NULL,
  `SALT` tinyblob,
  `TYPE` varchar(255) DEFAULT NULL,
  `CREATED_DATE` bigint DEFAULT NULL,
  `USER_ID` varchar(255) NOT NULL,
  `REALM_ID` varchar(36) NOT NULL,
  `STORAGE_PROVIDER_ID` varchar(36) DEFAULT NULL,
  `USER_LABEL` varchar(255) DEFAULT NULL,
  `SECRET_DATA` longtext,
  `CREDENTIAL_DATA` longtext,
  `PRIORITY` int DEFAULT NULL,
  PRIMARY KEY (`ID`),
  KEY `IDX_FU_CREDENTIAL` (`USER_ID`,`TYPE`),
  KEY `IDX_FU_CREDENTIAL_RU` (`REALM_ID`,`USER_ID`)
) ENGINE=InnoDB DEFAULT CHARSET=utf8mb4 COLLATE=utf8mb4_0900_ai_ci;
/*!40101 SET character_set_client = @saved_cs_client */;

--
-- Dumping data for table `FED_USER_CREDENTIAL`
--

LOCK TABLES `FED_USER_CREDENTIAL` WRITE;
/*!40000 ALTER TABLE `FED_USER_CREDENTIAL` DISABLE KEYS */;
/*!40000 ALTER TABLE `FED_USER_CREDENTIAL` ENABLE KEYS */;
UNLOCK TABLES;

--
-- Table structure for table `FED_USER_GROUP_MEMBERSHIP`
--

DROP TABLE IF EXISTS `FED_USER_GROUP_MEMBERSHIP`;
/*!40101 SET @saved_cs_client     = @@character_set_client */;
/*!50503 SET character_set_client = utf8mb4 */;
CREATE TABLE `FED_USER_GROUP_MEMBERSHIP` (
  `GROUP_ID` varchar(36) NOT NULL,
  `USER_ID` varchar(255) NOT NULL,
  `REALM_ID` varchar(36) NOT NULL,
  `STORAGE_PROVIDER_ID` varchar(36) DEFAULT NULL,
  PRIMARY KEY (`GROUP_ID`,`USER_ID`),
  KEY `IDX_FU_GROUP_MEMBERSHIP` (`USER_ID`,`GROUP_ID`),
  KEY `IDX_FU_GROUP_MEMBERSHIP_RU` (`REALM_ID`,`USER_ID`)
) ENGINE=InnoDB DEFAULT CHARSET=utf8mb4 COLLATE=utf8mb4_0900_ai_ci;
/*!40101 SET character_set_client = @saved_cs_client */;

--
-- Dumping data for table `FED_USER_GROUP_MEMBERSHIP`
--

LOCK TABLES `FED_USER_GROUP_MEMBERSHIP` WRITE;
/*!40000 ALTER TABLE `FED_USER_GROUP_MEMBERSHIP` DISABLE KEYS */;
/*!40000 ALTER TABLE `FED_USER_GROUP_MEMBERSHIP` ENABLE KEYS */;
UNLOCK TABLES;

--
-- Table structure for table `FED_USER_REQUIRED_ACTION`
--

DROP TABLE IF EXISTS `FED_USER_REQUIRED_ACTION`;
/*!40101 SET @saved_cs_client     = @@character_set_client */;
/*!50503 SET character_set_client = utf8mb4 */;
CREATE TABLE `FED_USER_REQUIRED_ACTION` (
  `REQUIRED_ACTION` varchar(255) NOT NULL DEFAULT ' ',
  `USER_ID` varchar(255) NOT NULL,
  `REALM_ID` varchar(36) NOT NULL,
  `STORAGE_PROVIDER_ID` varchar(36) DEFAULT NULL,
  PRIMARY KEY (`REQUIRED_ACTION`,`USER_ID`),
  KEY `IDX_FU_REQUIRED_ACTION` (`USER_ID`,`REQUIRED_ACTION`),
  KEY `IDX_FU_REQUIRED_ACTION_RU` (`REALM_ID`,`USER_ID`)
) ENGINE=InnoDB DEFAULT CHARSET=utf8mb4 COLLATE=utf8mb4_0900_ai_ci;
/*!40101 SET character_set_client = @saved_cs_client */;

--
-- Dumping data for table `FED_USER_REQUIRED_ACTION`
--

LOCK TABLES `FED_USER_REQUIRED_ACTION` WRITE;
/*!40000 ALTER TABLE `FED_USER_REQUIRED_ACTION` DISABLE KEYS */;
/*!40000 ALTER TABLE `FED_USER_REQUIRED_ACTION` ENABLE KEYS */;
UNLOCK TABLES;

--
-- Table structure for table `FED_USER_ROLE_MAPPING`
--

DROP TABLE IF EXISTS `FED_USER_ROLE_MAPPING`;
/*!40101 SET @saved_cs_client     = @@character_set_client */;
/*!50503 SET character_set_client = utf8mb4 */;
CREATE TABLE `FED_USER_ROLE_MAPPING` (
  `ROLE_ID` varchar(36) NOT NULL,
  `USER_ID` varchar(255) NOT NULL,
  `REALM_ID` varchar(36) NOT NULL,
  `STORAGE_PROVIDER_ID` varchar(36) DEFAULT NULL,
  PRIMARY KEY (`ROLE_ID`,`USER_ID`),
  KEY `IDX_FU_ROLE_MAPPING` (`USER_ID`,`ROLE_ID`),
  KEY `IDX_FU_ROLE_MAPPING_RU` (`REALM_ID`,`USER_ID`)
) ENGINE=InnoDB DEFAULT CHARSET=utf8mb4 COLLATE=utf8mb4_0900_ai_ci;
/*!40101 SET character_set_client = @saved_cs_client */;

--
-- Dumping data for table `FED_USER_ROLE_MAPPING`
--

LOCK TABLES `FED_USER_ROLE_MAPPING` WRITE;
/*!40000 ALTER TABLE `FED_USER_ROLE_MAPPING` DISABLE KEYS */;
/*!40000 ALTER TABLE `FED_USER_ROLE_MAPPING` ENABLE KEYS */;
UNLOCK TABLES;

--
-- Table structure for table `GROUP_ATTRIBUTE`
--

DROP TABLE IF EXISTS `GROUP_ATTRIBUTE`;
/*!40101 SET @saved_cs_client     = @@character_set_client */;
/*!50503 SET character_set_client = utf8mb4 */;
CREATE TABLE `GROUP_ATTRIBUTE` (
  `ID` varchar(36) NOT NULL DEFAULT 'sybase-needs-something-here',
  `NAME` varchar(255) NOT NULL,
  `VALUE` varchar(255) CHARACTER SET utf8mb3 COLLATE utf8mb3_general_ci DEFAULT NULL,
  `GROUP_ID` varchar(36) NOT NULL,
  PRIMARY KEY (`ID`),
  KEY `IDX_GROUP_ATTR_GROUP` (`GROUP_ID`),
  KEY `IDX_GROUP_ATT_BY_NAME_VALUE` (`NAME`,`VALUE`),
  CONSTRAINT `FK_GROUP_ATTRIBUTE_GROUP` FOREIGN KEY (`GROUP_ID`) REFERENCES `KEYCLOAK_GROUP` (`ID`)
) ENGINE=InnoDB DEFAULT CHARSET=utf8mb4 COLLATE=utf8mb4_0900_ai_ci;
/*!40101 SET character_set_client = @saved_cs_client */;

--
-- Dumping data for table `GROUP_ATTRIBUTE`
--

LOCK TABLES `GROUP_ATTRIBUTE` WRITE;
/*!40000 ALTER TABLE `GROUP_ATTRIBUTE` DISABLE KEYS */;
/*!40000 ALTER TABLE `GROUP_ATTRIBUTE` ENABLE KEYS */;
UNLOCK TABLES;

--
-- Table structure for table `GROUP_ROLE_MAPPING`
--

DROP TABLE IF EXISTS `GROUP_ROLE_MAPPING`;
/*!40101 SET @saved_cs_client     = @@character_set_client */;
/*!50503 SET character_set_client = utf8mb4 */;
CREATE TABLE `GROUP_ROLE_MAPPING` (
  `ROLE_ID` varchar(36) NOT NULL,
  `GROUP_ID` varchar(36) NOT NULL,
  PRIMARY KEY (`ROLE_ID`,`GROUP_ID`),
  KEY `IDX_GROUP_ROLE_MAPP_GROUP` (`GROUP_ID`),
  CONSTRAINT `FK_GROUP_ROLE_GROUP` FOREIGN KEY (`GROUP_ID`) REFERENCES `KEYCLOAK_GROUP` (`ID`)
) ENGINE=InnoDB DEFAULT CHARSET=utf8mb4 COLLATE=utf8mb4_0900_ai_ci;
/*!40101 SET character_set_client = @saved_cs_client */;

--
-- Dumping data for table `GROUP_ROLE_MAPPING`
--

LOCK TABLES `GROUP_ROLE_MAPPING` WRITE;
/*!40000 ALTER TABLE `GROUP_ROLE_MAPPING` DISABLE KEYS */;
/*!40000 ALTER TABLE `GROUP_ROLE_MAPPING` ENABLE KEYS */;
UNLOCK TABLES;

--
-- Table structure for table `IDENTITY_PROVIDER`
--

DROP TABLE IF EXISTS `IDENTITY_PROVIDER`;
/*!40101 SET @saved_cs_client     = @@character_set_client */;
/*!50503 SET character_set_client = utf8mb4 */;
CREATE TABLE `IDENTITY_PROVIDER` (
  `INTERNAL_ID` varchar(36) NOT NULL,
  `ENABLED` tinyint NOT NULL DEFAULT '0',
  `PROVIDER_ALIAS` varchar(255) DEFAULT NULL,
  `PROVIDER_ID` varchar(255) DEFAULT NULL,
  `STORE_TOKEN` tinyint NOT NULL DEFAULT '0',
  `AUTHENTICATE_BY_DEFAULT` tinyint NOT NULL DEFAULT '0',
  `REALM_ID` varchar(36) DEFAULT NULL,
  `ADD_TOKEN_ROLE` tinyint NOT NULL DEFAULT '1',
  `TRUST_EMAIL` tinyint NOT NULL DEFAULT '0',
  `FIRST_BROKER_LOGIN_FLOW_ID` varchar(36) DEFAULT NULL,
  `POST_BROKER_LOGIN_FLOW_ID` varchar(36) DEFAULT NULL,
  `PROVIDER_DISPLAY_NAME` varchar(255) DEFAULT NULL,
  `LINK_ONLY` tinyint NOT NULL DEFAULT '0',
  `ORGANIZATION_ID` varchar(255) DEFAULT NULL,
  `HIDE_ON_LOGIN` tinyint DEFAULT '0',
  PRIMARY KEY (`INTERNAL_ID`),
  UNIQUE KEY `UK_2DAELWNIBJI49AVXSRTUF6XJ33` (`PROVIDER_ALIAS`,`REALM_ID`),
  KEY `IDX_IDENT_PROV_REALM` (`REALM_ID`),
  KEY `IDX_IDP_REALM_ORG` (`REALM_ID`,`ORGANIZATION_ID`),
  KEY `IDX_IDP_FOR_LOGIN` (`REALM_ID`,`ENABLED`,`LINK_ONLY`,`HIDE_ON_LOGIN`,`ORGANIZATION_ID`),
  CONSTRAINT `FK2B4EBC52AE5C3B34` FOREIGN KEY (`REALM_ID`) REFERENCES `REALM` (`ID`)
) ENGINE=InnoDB DEFAULT CHARSET=utf8mb4 COLLATE=utf8mb4_0900_ai_ci;
/*!40101 SET character_set_client = @saved_cs_client */;

--
-- Dumping data for table `IDENTITY_PROVIDER`
--

LOCK TABLES `IDENTITY_PROVIDER` WRITE;
/*!40000 ALTER TABLE `IDENTITY_PROVIDER` DISABLE KEYS */;
INSERT INTO `IDENTITY_PROVIDER` VALUES ('4a0f2011-e5c4-4532-bb04-cdf4799c5499',1,'linkedin-openid-connect','linkedin-openid-connect',0,0,'e50ee46d-dbef-4c14-8389-4018de132723',0,1,NULL,NULL,'',0,NULL,0),('f8ae0335-8ffc-4536-9f61-8bcb620e7771',1,'facebook','facebook',0,0,'e50ee46d-dbef-4c14-8389-4018de132723',0,1,NULL,NULL,'',0,NULL,0),('fd903246-b7af-47a4-a979-1ba993260c3e',1,'google','google',0,0,'e50ee46d-dbef-4c14-8389-4018de132723',0,1,NULL,NULL,'',0,NULL,0);
/*!40000 ALTER TABLE `IDENTITY_PROVIDER` ENABLE KEYS */;
UNLOCK TABLES;

--
-- Table structure for table `IDENTITY_PROVIDER_CONFIG`
--

DROP TABLE IF EXISTS `IDENTITY_PROVIDER_CONFIG`;
/*!40101 SET @saved_cs_client     = @@character_set_client */;
/*!50503 SET character_set_client = utf8mb4 */;
CREATE TABLE `IDENTITY_PROVIDER_CONFIG` (
  `IDENTITY_PROVIDER_ID` varchar(36) NOT NULL,
  `VALUE` longtext,
  `NAME` varchar(255) NOT NULL,
  PRIMARY KEY (`IDENTITY_PROVIDER_ID`,`NAME`),
  CONSTRAINT `FKDC4897CF864C4E43` FOREIGN KEY (`IDENTITY_PROVIDER_ID`) REFERENCES `IDENTITY_PROVIDER` (`INTERNAL_ID`)
) ENGINE=InnoDB DEFAULT CHARSET=utf8mb4 COLLATE=utf8mb4_0900_ai_ci;
/*!40101 SET character_set_client = @saved_cs_client */;

--
-- Dumping data for table `IDENTITY_PROVIDER_CONFIG`
--

LOCK TABLES `IDENTITY_PROVIDER_CONFIG` WRITE;
/*!40000 ALTER TABLE `IDENTITY_PROVIDER_CONFIG` DISABLE KEYS */;
INSERT INTO `IDENTITY_PROVIDER_CONFIG` VALUES ('4a0f2011-e5c4-4532-bb04-cdf4799c5499','false','acceptsPromptNoneForwardFromClient'),('4a0f2011-e5c4-4532-bb04-cdf4799c5499','false','caseSensitiveOriginalUsername'),('4a0f2011-e5c4-4532-bb04-cdf4799c5499','774t9xssgacgrg','clientId'),('4a0f2011-e5c4-4532-bb04-cdf4799c5499','WPL_AP1.LBtyP8Yt82nlXyGR.c+AK+g==','clientSecret'),('4a0f2011-e5c4-4532-bb04-cdf4799c5499','false','disableUserInfo'),('4a0f2011-e5c4-4532-bb04-cdf4799c5499','false','filteredByClaim'),('4a0f2011-e5c4-4532-bb04-cdf4799c5499','LEGACY','syncMode'),('f8ae0335-8ffc-4536-9f61-8bcb620e7771','false','acceptsPromptNoneForwardFromClient'),('f8ae0335-8ffc-4536-9f61-8bcb620e7771','false','caseSensitiveOriginalUsername'),('f8ae0335-8ffc-4536-9f61-8bcb620e7771','558108710665452','clientId'),('f8ae0335-8ffc-4536-9f61-8bcb620e7771','d6276c50a50e6af3428321296ac1ee5d','clientSecret'),('f8ae0335-8ffc-4536-9f61-8bcb620e7771','false','disableUserInfo'),('f8ae0335-8ffc-4536-9f61-8bcb620e7771','false','filteredByClaim'),('f8ae0335-8ffc-4536-9f61-8bcb620e7771','LEGACY','syncMode'),('fd903246-b7af-47a4-a979-1ba993260c3e','false','acceptsPromptNoneForwardFromClient'),('fd903246-b7af-47a4-a979-1ba993260c3e','false','caseSensitiveOriginalUsername'),('fd903246-b7af-47a4-a979-1ba993260c3e','616375659320-ib1sn9kvbvvkuraddpno16eov75sbh0n.apps.googleusercontent.com','clientId'),('fd903246-b7af-47a4-a979-1ba993260c3e','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','clientSecret'),('fd903246-b7af-47a4-a979-1ba993260c3e','false','disableUserInfo'),('fd903246-b7af-47a4-a979-1ba993260c3e','false','filteredByClaim'),('fd903246-b7af-47a4-a979-1ba993260c3e','LEGACY','syncMode');
/*!40000 ALTER TABLE `IDENTITY_PROVIDER_CONFIG` ENABLE KEYS */;
UNLOCK TABLES;

--
-- Table structure for table `IDENTITY_PROVIDER_MAPPER`
--

DROP TABLE IF EXISTS `IDENTITY_PROVIDER_MAPPER`;
/*!40101 SET @saved_cs_client     = @@character_set_client */;
/*!50503 SET character_set_client = utf8mb4 */;
CREATE TABLE `IDENTITY_PROVIDER_MAPPER` (
  `ID` varchar(36) NOT NULL,
  `NAME` varchar(255) NOT NULL,
  `IDP_ALIAS` varchar(255) NOT NULL,
  `IDP_MAPPER_NAME` varchar(255) NOT NULL,
  `REALM_ID` varchar(36) NOT NULL,
  PRIMARY KEY (`ID`),
  KEY `IDX_ID_PROV_MAPP_REALM` (`REALM_ID`),
  CONSTRAINT `FK_IDPM_REALM` FOREIGN KEY (`REALM_ID`) REFERENCES `REALM` (`ID`)
) ENGINE=InnoDB DEFAULT CHARSET=utf8mb4 COLLATE=utf8mb4_0900_ai_ci;
/*!40101 SET character_set_client = @saved_cs_client */;

--
-- Dumping data for table `IDENTITY_PROVIDER_MAPPER`
--

LOCK TABLES `IDENTITY_PROVIDER_MAPPER` WRITE;
/*!40000 ALTER TABLE `IDENTITY_PROVIDER_MAPPER` DISABLE KEYS */;
/*!40000 ALTER TABLE `IDENTITY_PROVIDER_MAPPER` ENABLE KEYS */;
UNLOCK TABLES;

--
-- Table structure for table `IDP_MAPPER_CONFIG`
--

DROP TABLE IF EXISTS `IDP_MAPPER_CONFIG`;
/*!40101 SET @saved_cs_client     = @@character_set_client */;
/*!50503 SET character_set_client = utf8mb4 */;
CREATE TABLE `IDP_MAPPER_CONFIG` (
  `IDP_MAPPER_ID` varchar(36) NOT NULL,
  `VALUE` longtext,
  `NAME` varchar(255) NOT NULL,
  PRIMARY KEY (`IDP_MAPPER_ID`,`NAME`),
  CONSTRAINT `FK_IDPMCONFIG` FOREIGN KEY (`IDP_MAPPER_ID`) REFERENCES `IDENTITY_PROVIDER_MAPPER` (`ID`)
) ENGINE=InnoDB DEFAULT CHARSET=utf8mb4 COLLATE=utf8mb4_0900_ai_ci;
/*!40101 SET character_set_client = @saved_cs_client */;

--
-- Dumping data for table `IDP_MAPPER_CONFIG`
--

LOCK TABLES `IDP_MAPPER_CONFIG` WRITE;
/*!40000 ALTER TABLE `IDP_MAPPER_CONFIG` DISABLE KEYS */;
/*!40000 ALTER TABLE `IDP_MAPPER_CONFIG` ENABLE KEYS */;
UNLOCK TABLES;

--
-- Table structure for table `JGROUPS_PING`
--

DROP TABLE IF EXISTS `JGROUPS_PING`;
/*!40101 SET @saved_cs_client     = @@character_set_client */;
/*!50503 SET character_set_client = utf8mb4 */;
CREATE TABLE `JGROUPS_PING` (
  `address` varchar(200) NOT NULL,
  `name` varchar(200) DEFAULT NULL,
  `cluster_name` varchar(200) NOT NULL,
  `ip` varchar(200) NOT NULL,
  `coord` tinyint DEFAULT NULL,
  PRIMARY KEY (`address`)
) ENGINE=InnoDB DEFAULT CHARSET=utf8mb4 COLLATE=utf8mb4_0900_ai_ci;
/*!40101 SET character_set_client = @saved_cs_client */;

--
-- Dumping data for table `JGROUPS_PING`
--

LOCK TABLES `JGROUPS_PING` WRITE;
/*!40000 ALTER TABLE `JGROUPS_PING` DISABLE KEYS */;
/*!40000 ALTER TABLE `JGROUPS_PING` ENABLE KEYS */;
UNLOCK TABLES;

--
-- Table structure for table `KEYCLOAK_GROUP`
--

DROP TABLE IF EXISTS `KEYCLOAK_GROUP`;
/*!40101 SET @saved_cs_client     = @@character_set_client */;
/*!50503 SET character_set_client = utf8mb4 */;
CREATE TABLE `KEYCLOAK_GROUP` (
  `ID` varchar(36) NOT NULL,
  `NAME` varchar(255) CHARACTER SET utf8mb3 COLLATE utf8mb3_general_ci DEFAULT NULL,
  `PARENT_GROUP` varchar(36) NOT NULL,
  `REALM_ID` varchar(36) DEFAULT NULL,
  `TYPE` int NOT NULL,
  PRIMARY KEY (`ID`),
  UNIQUE KEY `SIBLING_NAMES` (`REALM_ID`,`PARENT_GROUP`,`NAME`)
) ENGINE=InnoDB DEFAULT CHARSET=utf8mb4 COLLATE=utf8mb4_0900_ai_ci;
/*!40101 SET character_set_client = @saved_cs_client */;

--
-- Dumping data for table `KEYCLOAK_GROUP`
--

LOCK TABLES `KEYCLOAK_GROUP` WRITE;
/*!40000 ALTER TABLE `KEYCLOAK_GROUP` DISABLE KEYS */;
/*!40000 ALTER TABLE `KEYCLOAK_GROUP` ENABLE KEYS */;
UNLOCK TABLES;

--
-- Table structure for table `KEYCLOAK_ROLE`
--

DROP TABLE IF EXISTS `KEYCLOAK_ROLE`;
/*!40101 SET @saved_cs_client     = @@character_set_client */;
/*!50503 SET character_set_client = utf8mb4 */;
CREATE TABLE `KEYCLOAK_ROLE` (
  `ID` varchar(36) NOT NULL,
  `CLIENT_REALM_CONSTRAINT` varchar(255) DEFAULT NULL,
  `CLIENT_ROLE` tinyint DEFAULT NULL,
  `DESCRIPTION` varchar(255) CHARACTER SET utf8mb3 COLLATE utf8mb3_general_ci DEFAULT NULL,
  `NAME` varchar(255) CHARACTER SET utf8mb3 COLLATE utf8mb3_general_ci DEFAULT NULL,
  `REALM_ID` varchar(255) DEFAULT NULL,
  `CLIENT` varchar(36) DEFAULT NULL,
  `REALM` varchar(36) DEFAULT NULL,
  PRIMARY KEY (`ID`),
  UNIQUE KEY `UK_J3RWUVD56ONTGSUHOGM184WW2-2` (`NAME`,`CLIENT_REALM_CONSTRAINT`),
  KEY `IDX_KEYCLOAK_ROLE_CLIENT` (`CLIENT`),
  KEY `IDX_KEYCLOAK_ROLE_REALM` (`REALM`),
  CONSTRAINT `FK_6VYQFE4CN4WLQ8R6KT5VDSJ5C` FOREIGN KEY (`REALM`) REFERENCES `REALM` (`ID`)
) ENGINE=InnoDB DEFAULT CHARSET=utf8mb4 COLLATE=utf8mb4_0900_ai_ci;
/*!40101 SET character_set_client = @saved_cs_client */;

--
-- Dumping data for table `KEYCLOAK_ROLE`
--

LOCK TABLES `KEYCLOAK_ROLE` WRITE;
/*!40000 ALTER TABLE `KEYCLOAK_ROLE` DISABLE KEYS */;
INSERT INTO `KEYCLOAK_ROLE` VALUES ('002e06eb-1b9a-44f8-9854-61ac838ae690','d34ded44-98e1-4fba-a762-4e5dd96004f8',1,'${role_view-identity-providers}','view-identity-providers','e50ee46d-dbef-4c14-8389-4018de132723','d34ded44-98e1-4fba-a762-4e5dd96004f8',NULL),('01398bf9-085e-4c53-80c3-451b4452fa3c','abde16d7-a58f-4caa-ad9d-54e15ab1de94',1,'${role_query-groups}','query-groups','f1946406-82b6-4136-8051-6fb1a90c99f5','abde16d7-a58f-4caa-ad9d-54e15ab1de94',NULL),('014be0cd-7450-4e2b-a288-7ac5ff8ff800','d34ded44-98e1-4fba-a762-4e5dd96004f8',1,'${role_manage-authorization}','manage-authorization','e50ee46d-dbef-4c14-8389-4018de132723','d34ded44-98e1-4fba-a762-4e5dd96004f8',NULL),('03a81177-3d0b-459a-a2f6-904fc35ef51c','abde16d7-a58f-4caa-ad9d-54e15ab1de94',1,'${role_manage-users}','manage-users','f1946406-82b6-4136-8051-6fb1a90c99f5','abde16d7-a58f-4caa-ad9d-54e15ab1de94',NULL),('0db550c6-00c0-4366-b729-e05b0c605282','e50ee46d-dbef-4c14-8389-4018de132723',0,'','CLIENT','e50ee46d-dbef-4c14-8389-4018de132723',NULL,NULL),('117000f8-392e-41b1-ae84-842bc2f04336','d34ded44-98e1-4fba-a762-4e5dd96004f8',1,'${role_query-clients}','query-clients','e50ee46d-dbef-4c14-8389-4018de132723','d34ded44-98e1-4fba-a762-4e5dd96004f8',NULL),('15494a19-6122-4041-9778-1f15b09d7cb0','4c20a7bd-9883-490d-abfc-58b25911af28',1,'${role_view-users}','view-users','f1946406-82b6-4136-8051-6fb1a90c99f5','4c20a7bd-9883-490d-abfc-58b25911af28',NULL),('157eb6e1-f96f-4b0d-bad0-4545043636cf','4c20a7bd-9883-490d-abfc-58b25911af28',1,'${role_manage-identity-providers}','manage-identity-providers','f1946406-82b6-4136-8051-6fb1a90c99f5','4c20a7bd-9883-490d-abfc-58b25911af28',NULL),('1675163a-5c63-42a3-ac3d-b4649f7ea6c4','4c20a7bd-9883-490d-abfc-58b25911af28',1,'${role_manage-realm}','manage-realm','f1946406-82b6-4136-8051-6fb1a90c99f5','4c20a7bd-9883-490d-abfc-58b25911af28',NULL),('1d04191c-7e80-4d7e-a77c-2eb144b37d47','d34ded44-98e1-4fba-a762-4e5dd96004f8',1,'${role_manage-identity-providers}','manage-identity-providers','e50ee46d-dbef-4c14-8389-4018de132723','d34ded44-98e1-4fba-a762-4e5dd96004f8',NULL),('20dda3f6-9868-4cef-bb48-655b9dc9b15d','abde16d7-a58f-4caa-ad9d-54e15ab1de94',1,'${role_query-users}','query-users','f1946406-82b6-4136-8051-6fb1a90c99f5','abde16d7-a58f-4caa-ad9d-54e15ab1de94',NULL),('26a89c6c-1216-4a74-8b83-7d55c56a838c','d34ded44-98e1-4fba-a762-4e5dd96004f8',1,'${role_realm-admin}','realm-admin','e50ee46d-dbef-4c14-8389-4018de132723','d34ded44-98e1-4fba-a762-4e5dd96004f8',NULL),('2931431c-5b47-46fd-bf90-1630e72f9f15','abde16d7-a58f-4caa-ad9d-54e15ab1de94',1,'${role_manage-realm}','manage-realm','f1946406-82b6-4136-8051-6fb1a90c99f5','abde16d7-a58f-4caa-ad9d-54e15ab1de94',NULL),('2b1884df-cada-45fc-a66d-06c563148866','fca762a4-efcf-4413-9a8a-a5d8667ac60d',1,'${role_view-consent}','view-consent','f1946406-82b6-4136-8051-6fb1a90c99f5','fca762a4-efcf-4413-9a8a-a5d8667ac60d',NULL),('2d2f8c14-952a-458f-813e-e7cb55dcfcdc','1399d0b4-f016-47bc-a452-46d610d67de5',1,'${role_manage-account}','manage-account','e50ee46d-dbef-4c14-8389-4018de132723','1399d0b4-f016-47bc-a452-46d610d67de5',NULL),('2d359fce-caf0-4cdb-bf1e-b1b1b8754fa6','abde16d7-a58f-4caa-ad9d-54e15ab1de94',1,'${role_manage-clients}','manage-clients','f1946406-82b6-4136-8051-6fb1a90c99f5','abde16d7-a58f-4caa-ad9d-54e15ab1de94',NULL),('2d47399f-f081-4706-9122-75a0b0629e84','abde16d7-a58f-4caa-ad9d-54e15ab1de94',1,'${role_view-clients}','view-clients','f1946406-82b6-4136-8051-6fb1a90c99f5','abde16d7-a58f-4caa-ad9d-54e15ab1de94',NULL),('2e24f2ef-dc74-4577-b8f4-865dff608265','abde16d7-a58f-4caa-ad9d-54e15ab1de94',1,'${role_manage-authorization}','manage-authorization','f1946406-82b6-4136-8051-6fb1a90c99f5','abde16d7-a58f-4caa-ad9d-54e15ab1de94',NULL),('2f1084f6-47a5-475a-b2dc-8b0b8ab03cba','d34ded44-98e1-4fba-a762-4e5dd96004f8',1,'${role_view-authorization}','view-authorization','e50ee46d-dbef-4c14-8389-4018de132723','d34ded44-98e1-4fba-a762-4e5dd96004f8',NULL),('31d450bc-ae35-4ed0-9742-a90b7250849f','4c20a7bd-9883-490d-abfc-58b25911af28',1,'${role_view-clients}','view-clients','f1946406-82b6-4136-8051-6fb1a90c99f5','4c20a7bd-9883-490d-abfc-58b25911af28',NULL),('3389b9a3-19d3-43e8-aa53-0bc2411926ba','fca762a4-efcf-4413-9a8a-a5d8667ac60d',1,'${role_view-groups}','view-groups','f1946406-82b6-4136-8051-6fb1a90c99f5','fca762a4-efcf-4413-9a8a-a5d8667ac60d',NULL),('3859e83a-4adf-4a1a-96ff-2358e2e0275e','d34ded44-98e1-4fba-a762-4e5dd96004f8',1,'${role_manage-users}','manage-users','e50ee46d-dbef-4c14-8389-4018de132723','d34ded44-98e1-4fba-a762-4e5dd96004f8',NULL),('43100910-9d02-41ee-92bd-cd5bcc72f7b3','e50ee46d-dbef-4c14-8389-4018de132723',0,'','TRAINER','e50ee46d-dbef-4c14-8389-4018de132723',NULL,NULL),('464edd58-5a7a-4d93-916c-90fa22ac0a33','1399d0b4-f016-47bc-a452-46d610d67de5',1,'${role_view-groups}','view-groups','e50ee46d-dbef-4c14-8389-4018de132723','1399d0b4-f016-47bc-a452-46d610d67de5',NULL),('497375f9-4b15-416f-bd79-60d3e6910142','1399d0b4-f016-47bc-a452-46d610d67de5',1,'${role_manage-account-links}','manage-account-links','e50ee46d-dbef-4c14-8389-4018de132723','1399d0b4-f016-47bc-a452-46d610d67de5',NULL),('4d61ab69-50e4-4da2-9051-e495c5e61125','4c20a7bd-9883-490d-abfc-58b25911af28',1,'${role_query-groups}','query-groups','f1946406-82b6-4136-8051-6fb1a90c99f5','4c20a7bd-9883-490d-abfc-58b25911af28',NULL),('51994b50-d23c-4fe2-9557-f43eb4205826','abde16d7-a58f-4caa-ad9d-54e15ab1de94',1,'${role_query-clients}','query-clients','f1946406-82b6-4136-8051-6fb1a90c99f5','abde16d7-a58f-4caa-ad9d-54e15ab1de94',NULL),('5477d77a-ee34-4a75-856b-3e287f4094d8','abde16d7-a58f-4caa-ad9d-54e15ab1de94',1,'${role_impersonation}','impersonation','f1946406-82b6-4136-8051-6fb1a90c99f5','abde16d7-a58f-4caa-ad9d-54e15ab1de94',NULL),('553a21e2-af0d-4eca-a886-9030e97c7b2a','4c20a7bd-9883-490d-abfc-58b25911af28',1,'${role_impersonation}','impersonation','f1946406-82b6-4136-8051-6fb1a90c99f5','4c20a7bd-9883-490d-abfc-58b25911af28',NULL),('5701c9b4-a128-41ae-859c-e4dcd48ee76b','abde16d7-a58f-4caa-ad9d-54e15ab1de94',1,'${role_manage-events}','manage-events','f1946406-82b6-4136-8051-6fb1a90c99f5','abde16d7-a58f-4caa-ad9d-54e15ab1de94',NULL),('57021a29-f378-42c9-878b-3b1f9df6c527','4c20a7bd-9883-490d-abfc-58b25911af28',1,'${role_query-users}','query-users','f1946406-82b6-4136-8051-6fb1a90c99f5','4c20a7bd-9883-490d-abfc-58b25911af28',NULL),('6663c124-4ace-4999-8c9f-4af36df80eea','d34ded44-98e1-4fba-a762-4e5dd96004f8',1,'${role_manage-clients}','manage-clients','e50ee46d-dbef-4c14-8389-4018de132723','d34ded44-98e1-4fba-a762-4e5dd96004f8',NULL),('66c68359-de72-40cc-a901-8579b8fff89a','1399d0b4-f016-47bc-a452-46d610d67de5',1,'${role_delete-account}','delete-account','e50ee46d-dbef-4c14-8389-4018de132723','1399d0b4-f016-47bc-a452-46d610d67de5',NULL),('730237cd-6677-4388-8f4b-d522cf00a5bf','f1946406-82b6-4136-8051-6fb1a90c99f5',0,'${role_admin}','admin','f1946406-82b6-4136-8051-6fb1a90c99f5',NULL,NULL),('785c4c4d-568b-4c6b-9f2e-b1206055076c','f1946406-82b6-4136-8051-6fb1a90c99f5',0,'${role_create-realm}','create-realm','f1946406-82b6-4136-8051-6fb1a90c99f5',NULL,NULL),('7d72fb98-8e20-46dc-bacb-a40c8e6ba68d','d34ded44-98e1-4fba-a762-4e5dd96004f8',1,'${role_view-realm}','view-realm','e50ee46d-dbef-4c14-8389-4018de132723','d34ded44-98e1-4fba-a762-4e5dd96004f8',NULL),('7ec1b825-b352-4680-a4ca-774e60eb2b68','1399d0b4-f016-47bc-a452-46d610d67de5',1,'${role_manage-consent}','manage-consent','e50ee46d-dbef-4c14-8389-4018de132723','1399d0b4-f016-47bc-a452-46d610d67de5',NULL),('8047de40-73d4-43f0-954e-8a76ef27944b','4c20a7bd-9883-490d-abfc-58b25911af28',1,'${role_view-realm}','view-realm','f1946406-82b6-4136-8051-6fb1a90c99f5','4c20a7bd-9883-490d-abfc-58b25911af28',NULL),('81065132-35a5-4cfb-9bf3-1589627f25dd','fca762a4-efcf-4413-9a8a-a5d8667ac60d',1,'${role_manage-account}','manage-account','f1946406-82b6-4136-8051-6fb1a90c99f5','fca762a4-efcf-4413-9a8a-a5d8667ac60d',NULL),('85ec344d-b529-40f9-b576-acb7cb3512fe','abde16d7-a58f-4caa-ad9d-54e15ab1de94',1,'${role_view-events}','view-events','f1946406-82b6-4136-8051-6fb1a90c99f5','abde16d7-a58f-4caa-ad9d-54e15ab1de94',NULL),('86e53b0d-a2b6-4c6a-acf3-380be1a3a56b','fca762a4-efcf-4413-9a8a-a5d8667ac60d',1,'${role_view-applications}','view-applications','f1946406-82b6-4136-8051-6fb1a90c99f5','fca762a4-efcf-4413-9a8a-a5d8667ac60d',NULL),('8aeca213-b1bd-49b6-bd0e-b915552d39ab','f1946406-82b6-4136-8051-6fb1a90c99f5',0,'${role_offline-access}','offline_access','f1946406-82b6-4136-8051-6fb1a90c99f5',NULL,NULL),('8ce437f2-179c-40a0-af35-c33b6b2bf979','fca762a4-efcf-4413-9a8a-a5d8667ac60d',1,'${role_manage-consent}','manage-consent','f1946406-82b6-4136-8051-6fb1a90c99f5','fca762a4-efcf-4413-9a8a-a5d8667ac60d',NULL),('8d5dd840-1d48-4270-adf0-48f592553fa7','4c20a7bd-9883-490d-abfc-58b25911af28',1,'${role_manage-users}','manage-users','f1946406-82b6-4136-8051-6fb1a90c99f5','4c20a7bd-9883-490d-abfc-58b25911af28',NULL),('94e5052e-6613-4c16-a98a-c7f7451ae14d','20836201-ca6b-40c4-bf3a-b48cf00a8637',1,'${role_read-token}','read-token','e50ee46d-dbef-4c14-8389-4018de132723','20836201-ca6b-40c4-bf3a-b48cf00a8637',NULL),('96ea6f4f-5fe9-49ee-a87e-9af00f7a8d63','abde16d7-a58f-4caa-ad9d-54e15ab1de94',1,'${role_manage-identity-providers}','manage-identity-providers','f1946406-82b6-4136-8051-6fb1a90c99f5','abde16d7-a58f-4caa-ad9d-54e15ab1de94',NULL),('992c78a8-6389-4b2a-8306-60cf1143f15d','fca762a4-efcf-4413-9a8a-a5d8667ac60d',1,'${role_view-profile}','view-profile','f1946406-82b6-4136-8051-6fb1a90c99f5','fca762a4-efcf-4413-9a8a-a5d8667ac60d',NULL),('99390fab-69d9-4431-a41a-2a8c37483bc4','d34ded44-98e1-4fba-a762-4e5dd96004f8',1,'${role_view-events}','view-events','e50ee46d-dbef-4c14-8389-4018de132723','d34ded44-98e1-4fba-a762-4e5dd96004f8',NULL),('9b16ed51-d333-4d6f-9bb3-adeb075f26d2','49f2a783-9899-4618-95be-1a77d63e29b1',1,'${role_read-token}','read-token','f1946406-82b6-4136-8051-6fb1a90c99f5','49f2a783-9899-4618-95be-1a77d63e29b1',NULL),('9c322ef2-4730-45a4-a88b-4c21de81ce04','abde16d7-a58f-4caa-ad9d-54e15ab1de94',1,'${role_query-realms}','query-realms','f1946406-82b6-4136-8051-6fb1a90c99f5','abde16d7-a58f-4caa-ad9d-54e15ab1de94',NULL),('9f5f5f96-4c88-45a1-b656-4ee05542b246','4c20a7bd-9883-490d-abfc-58b25911af28',1,'${role_manage-clients}','manage-clients','f1946406-82b6-4136-8051-6fb1a90c99f5','4c20a7bd-9883-490d-abfc-58b25911af28',NULL),('a3dfca67-ca58-4a54-a448-4a22bd86ebf7','abde16d7-a58f-4caa-ad9d-54e15ab1de94',1,'${role_view-identity-providers}','view-identity-providers','f1946406-82b6-4136-8051-6fb1a90c99f5','abde16d7-a58f-4caa-ad9d-54e15ab1de94',NULL),('a3f51265-2a20-4669-89f3-aa07c30c22b3','e50ee46d-dbef-4c14-8389-4018de132723',0,'${role_uma_authorization}','uma_authorization','e50ee46d-dbef-4c14-8389-4018de132723',NULL,NULL),('ac4acb38-8b35-4035-b696-275172ce751f','abde16d7-a58f-4caa-ad9d-54e15ab1de94',1,'${role_view-users}','view-users','f1946406-82b6-4136-8051-6fb1a90c99f5','abde16d7-a58f-4caa-ad9d-54e15ab1de94',NULL),('afeca97a-50d3-492c-96cf-daa3ab34f142','fca762a4-efcf-4413-9a8a-a5d8667ac60d',1,'${role_manage-account-links}','manage-account-links','f1946406-82b6-4136-8051-6fb1a90c99f5','fca762a4-efcf-4413-9a8a-a5d8667ac60d',NULL),('b3e6bcaf-4022-4c19-9844-e060e0f80e08','e50ee46d-dbef-4c14-8389-4018de132723',0,'${role_offline-access}','offline_access','e50ee46d-dbef-4c14-8389-4018de132723',NULL,NULL),('b4f0cfd1-fc79-4cba-bbec-2fde8a751b31','4c20a7bd-9883-490d-abfc-58b25911af28',1,'${role_create-client}','create-client','f1946406-82b6-4136-8051-6fb1a90c99f5','4c20a7bd-9883-490d-abfc-58b25911af28',NULL),('b9182ff2-251f-4883-bfd5-4d08f52674eb','e50ee46d-dbef-4c14-8389-4018de132723',0,'${role_default-roles}','default-roles-myrealm','e50ee46d-dbef-4c14-8389-4018de132723',NULL,NULL),('b9a4f6fb-84dd-428f-bed8-d4d8004258b0','abde16d7-a58f-4caa-ad9d-54e15ab1de94',1,'${role_view-realm}','view-realm','f1946406-82b6-4136-8051-6fb1a90c99f5','abde16d7-a58f-4caa-ad9d-54e15ab1de94',NULL),('bcffd841-d321-4d7c-8e54-6b78c17ad82c','4c20a7bd-9883-490d-abfc-58b25911af28',1,'${role_query-realms}','query-realms','f1946406-82b6-4136-8051-6fb1a90c99f5','4c20a7bd-9883-490d-abfc-58b25911af28',NULL),('be3b76e8-c9ac-4c58-8c0b-e7874956218a','f1946406-82b6-4136-8051-6fb1a90c99f5',0,'${role_uma_authorization}','uma_authorization','f1946406-82b6-4136-8051-6fb1a90c99f5',NULL,NULL),('bea449b3-f47e-479d-b223-a6fcf1c7eab6','fca762a4-efcf-4413-9a8a-a5d8667ac60d',1,'${role_delete-account}','delete-account','f1946406-82b6-4136-8051-6fb1a90c99f5','fca762a4-efcf-4413-9a8a-a5d8667ac60d',NULL),('c352ae61-f538-481e-a5dd-d0efb5759972','d34ded44-98e1-4fba-a762-4e5dd96004f8',1,'${role_query-groups}','query-groups','e50ee46d-dbef-4c14-8389-4018de132723','d34ded44-98e1-4fba-a762-4e5dd96004f8',NULL),('c50d48f5-cca4-4329-a79e-af3e43642592','d34ded44-98e1-4fba-a762-4e5dd96004f8',1,'${role_impersonation}','impersonation','e50ee46d-dbef-4c14-8389-4018de132723','d34ded44-98e1-4fba-a762-4e5dd96004f8',NULL),('cacda422-80c3-4f65-951d-11856f4475d6','d34ded44-98e1-4fba-a762-4e5dd96004f8',1,'${role_query-users}','query-users','e50ee46d-dbef-4c14-8389-4018de132723','d34ded44-98e1-4fba-a762-4e5dd96004f8',NULL),('ce6d69f8-c0fe-4c4d-877c-c1e3c2ca3df0','d34ded44-98e1-4fba-a762-4e5dd96004f8',1,'${role_view-users}','view-users','e50ee46d-dbef-4c14-8389-4018de132723','d34ded44-98e1-4fba-a762-4e5dd96004f8',NULL),('d213fb65-032d-44d2-8e60-aa7b92ce2e46','d34ded44-98e1-4fba-a762-4e5dd96004f8',1,'${role_view-clients}','view-clients','e50ee46d-dbef-4c14-8389-4018de132723','d34ded44-98e1-4fba-a762-4e5dd96004f8',NULL),('d2792a2c-67a4-4a6b-b243-bed8ed3f49ad','4c20a7bd-9883-490d-abfc-58b25911af28',1,'${role_manage-events}','manage-events','f1946406-82b6-4136-8051-6fb1a90c99f5','4c20a7bd-9883-490d-abfc-58b25911af28',NULL),('d2c54fa4-cc06-4d0b-a76a-ba1049dfb7b3','d34ded44-98e1-4fba-a762-4e5dd96004f8',1,'${role_manage-events}','manage-events','e50ee46d-dbef-4c14-8389-4018de132723','d34ded44-98e1-4fba-a762-4e5dd96004f8',NULL),('d4fa13c7-4c29-4518-8193-efe568f9796d','f1946406-82b6-4136-8051-6fb1a90c99f5',0,'${role_default-roles}','default-roles-master','f1946406-82b6-4136-8051-6fb1a90c99f5',NULL,NULL),('e37ba8f6-c0f0-4a28-b21f-91668440c3aa','d34ded44-98e1-4fba-a762-4e5dd96004f8',1,'${role_manage-realm}','manage-realm','e50ee46d-dbef-4c14-8389-4018de132723','d34ded44-98e1-4fba-a762-4e5dd96004f8',NULL),('e3f1fbd2-74c1-4865-a613-bb557bdccd5e','4c20a7bd-9883-490d-abfc-58b25911af28',1,'${role_manage-authorization}','manage-authorization','f1946406-82b6-4136-8051-6fb1a90c99f5','4c20a7bd-9883-490d-abfc-58b25911af28',NULL),('e52f07cd-f257-4edb-9e01-b0ba4d163f29','d34ded44-98e1-4fba-a762-4e5dd96004f8',1,'${role_query-realms}','query-realms','e50ee46d-dbef-4c14-8389-4018de132723','d34ded44-98e1-4fba-a762-4e5dd96004f8',NULL),('e68a83e9-3ca5-4d76-843e-1642ed32e984','abde16d7-a58f-4caa-ad9d-54e15ab1de94',1,'${role_create-client}','create-client','f1946406-82b6-4136-8051-6fb1a90c99f5','abde16d7-a58f-4caa-ad9d-54e15ab1de94',NULL),('e7d81011-554c-453d-affe-6299981dd869','4c20a7bd-9883-490d-abfc-58b25911af28',1,'${role_query-clients}','query-clients','f1946406-82b6-4136-8051-6fb1a90c99f5','4c20a7bd-9883-490d-abfc-58b25911af28',NULL),('ef2d1b0f-3ed9-4290-9505-e658145c6bf5','1399d0b4-f016-47bc-a452-46d610d67de5',1,'${role_view-profile}','view-profile','e50ee46d-dbef-4c14-8389-4018de132723','1399d0b4-f016-47bc-a452-46d610d67de5',NULL),('f7404226-8415-411e-bae8-546a4431544f','4c20a7bd-9883-490d-abfc-58b25911af28',1,'${role_view-identity-providers}','view-identity-providers','f1946406-82b6-4136-8051-6fb1a90c99f5','4c20a7bd-9883-490d-abfc-58b25911af28',NULL),('f7743c6e-f81b-4971-b0fb-4bfbf0bf6f56','abde16d7-a58f-4caa-ad9d-54e15ab1de94',1,'${role_view-authorization}','view-authorization','f1946406-82b6-4136-8051-6fb1a90c99f5','abde16d7-a58f-4caa-ad9d-54e15ab1de94',NULL),('f8f64370-9a3c-41c3-af53-9fb9dd194120','1399d0b4-f016-47bc-a452-46d610d67de5',1,'${role_view-applications}','view-applications','e50ee46d-dbef-4c14-8389-4018de132723','1399d0b4-f016-47bc-a452-46d610d67de5',NULL),('f93c43c1-afd1-4cd0-acd6-2775723ee75f','d34ded44-98e1-4fba-a762-4e5dd96004f8',1,'${role_create-client}','create-client','e50ee46d-dbef-4c14-8389-4018de132723','d34ded44-98e1-4fba-a762-4e5dd96004f8',NULL),('fa81170a-8011-4f21-b896-adf5a2dc1c6d','4c20a7bd-9883-490d-abfc-58b25911af28',1,'${role_view-authorization}','view-authorization','f1946406-82b6-4136-8051-6fb1a90c99f5','4c20a7bd-9883-490d-abfc-58b25911af28',NULL),('fba90f54-f34a-470f-ba16-30cd1592dcf2','1399d0b4-f016-47bc-a452-46d610d67de5',1,'${role_view-consent}','view-consent','e50ee46d-dbef-4c14-8389-4018de132723','1399d0b4-f016-47bc-a452-46d610d67de5',NULL),('fdf53816-48d2-4c6c-9b8a-76f8721a3370','4c20a7bd-9883-490d-abfc-58b25911af28',1,'${role_view-events}','view-events','f1946406-82b6-4136-8051-6fb1a90c99f5','4c20a7bd-9883-490d-abfc-58b25911af28',NULL);
/*!40000 ALTER TABLE `KEYCLOAK_ROLE` ENABLE KEYS */;
UNLOCK TABLES;

--
-- Table structure for table `MIGRATION_MODEL`
--

DROP TABLE IF EXISTS `MIGRATION_MODEL`;
/*!40101 SET @saved_cs_client     = @@character_set_client */;
/*!50503 SET character_set_client = utf8mb4 */;
CREATE TABLE `MIGRATION_MODEL` (
  `ID` varchar(36) NOT NULL,
  `VERSION` varchar(36) DEFAULT NULL,
  `UPDATE_TIME` bigint NOT NULL DEFAULT '0',
  PRIMARY KEY (`ID`),
  KEY `IDX_UPDATE_TIME` (`UPDATE_TIME`)
) ENGINE=InnoDB DEFAULT CHARSET=utf8mb4 COLLATE=utf8mb4_0900_ai_ci;
/*!40101 SET character_set_client = @saved_cs_client */;

--
-- Dumping data for table `MIGRATION_MODEL`
--

LOCK TABLES `MIGRATION_MODEL` WRITE;
/*!40000 ALTER TABLE `MIGRATION_MODEL` DISABLE KEYS */;
INSERT INTO `MIGRATION_MODEL` VALUES ('yl8an','26.1.4',1743492234);
/*!40000 ALTER TABLE `MIGRATION_MODEL` ENABLE KEYS */;
UNLOCK TABLES;

--
-- Table structure for table `OFFLINE_CLIENT_SESSION`
--

DROP TABLE IF EXISTS `OFFLINE_CLIENT_SESSION`;
/*!40101 SET @saved_cs_client     = @@character_set_client */;
/*!50503 SET character_set_client = utf8mb4 */;
CREATE TABLE `OFFLINE_CLIENT_SESSION` (
  `USER_SESSION_ID` varchar(36) NOT NULL,
  `CLIENT_ID` varchar(255) NOT NULL,
  `OFFLINE_FLAG` varchar(4) NOT NULL,
  `TIMESTAMP` int DEFAULT NULL,
  `DATA` longtext,
  `CLIENT_STORAGE_PROVIDER` varchar(36) NOT NULL DEFAULT 'local',
  `EXTERNAL_CLIENT_ID` varchar(255) NOT NULL DEFAULT 'local',
  `VERSION` int DEFAULT '0',
  PRIMARY KEY (`USER_SESSION_ID`,`CLIENT_ID`,`CLIENT_STORAGE_PROVIDER`,`EXTERNAL_CLIENT_ID`,`OFFLINE_FLAG`)
) ENGINE=InnoDB DEFAULT CHARSET=utf8mb4 COLLATE=utf8mb4_0900_ai_ci;
/*!40101 SET character_set_client = @saved_cs_client */;

--
-- Dumping data for table `OFFLINE_CLIENT_SESSION`
--

LOCK TABLES `OFFLINE_CLIENT_SESSION` WRITE;
/*!40000 ALTER TABLE `OFFLINE_CLIENT_SESSION` DISABLE KEYS */;
INSERT INTO `OFFLINE_CLIENT_SESSION` VALUES ('c1cb5559-939c-49f4-b1d0-22f31ac18001','a1604d53-1ef0-41f6-92ca-f9ab8dea20e0','0',1752305674,'{\"authMethod\":\"openid-connect\",\"redirectUri\":\"http://localhost:8081/admin/master/console/#/myrealm/clients/ae9915e7-77b0-427e-8586-0ef575e74160/settings\",\"notes\":{\"clientId\":\"a1604d53-1ef0-41f6-92ca-f9ab8dea20e0\",\"iss\":\"http://localhost:8081/realms/master\",\"startedAt\":\"1752305672\",\"response_type\":\"code\",\"level-of-authentication\":\"-1\",\"code_challenge_method\":\"S256\",\"nonce\":\"d6c17cb2-0a4d-4a4f-b54e-eaa168bc87bd\",\"response_mode\":\"query\",\"scope\":\"openid\",\"userSessionStartedAt\":\"1752305672\",\"redirect_uri\":\"http://localhost:8081/admin/master/console/#/myrealm/clients/ae9915e7-77b0-427e-8586-0ef575e74160/settings\",\"state\":\"d6984008-aaf7-4280-9826-97fa705bbe27\",\"code_challenge\":\"RqasP8vgnZNWfftleKFH-AzBWjxfnfLHvOZ5FvVAbaM\"}}','local','local',1),('c51c89c8-97c7-4548-a306-f5ce1b79593d','ae9915e7-77b0-427e-8586-0ef575e74160','0',1752305060,'{\"authMethod\":\"openid-connect\",\"redirectUri\":\"http://localhost/login\",\"notes\":{\"first.offline.access\":\"true\",\"clientId\":\"ae9915e7-77b0-427e-8586-0ef575e74160\",\"userSessionRememberMe\":\"true\",\"iss\":\"http://localhost:8081/realms/myrealm\",\"startedAt\":\"1752305060\",\"response_type\":\"id_token token\",\"level-of-authentication\":\"-1\",\"nonce\":\"PYwTmYod4w8II0Yp\",\"scope\":\"openid profile email openid profile email offline_access\",\"userSessionStartedAt\":\"1752305060\",\"redirect_uri\":\"http://localhost/login\",\"state\":\"bNC6njrV2hCgcZPebhTh\",\"prompt\":\"\"}}','local','local',0);
/*!40000 ALTER TABLE `OFFLINE_CLIENT_SESSION` ENABLE KEYS */;
UNLOCK TABLES;

--
-- Table structure for table `OFFLINE_USER_SESSION`
--

DROP TABLE IF EXISTS `OFFLINE_USER_SESSION`;
/*!40101 SET @saved_cs_client     = @@character_set_client */;
/*!50503 SET character_set_client = utf8mb4 */;
CREATE TABLE `OFFLINE_USER_SESSION` (
  `USER_SESSION_ID` varchar(36) NOT NULL,
  `USER_ID` varchar(255) DEFAULT NULL,
  `REALM_ID` varchar(36) NOT NULL,
  `CREATED_ON` int NOT NULL,
  `OFFLINE_FLAG` varchar(4) NOT NULL,
  `DATA` longtext,
  `LAST_SESSION_REFRESH` int NOT NULL DEFAULT '0',
  `BROKER_SESSION_ID` text,
  `VERSION` int DEFAULT '0',
  PRIMARY KEY (`USER_SESSION_ID`,`OFFLINE_FLAG`),
  KEY `IDX_OFFLINE_USS_BY_USER` (`USER_ID`,`REALM_ID`,`OFFLINE_FLAG`),
  KEY `IDX_OFFLINE_USS_BY_LAST_SESSION_REFRESH` (`REALM_ID`,`OFFLINE_FLAG`,`LAST_SESSION_REFRESH`),
  KEY `IDX_OFFLINE_USS_BY_BROKER_SESSION_ID` (`BROKER_SESSION_ID`(255),`REALM_ID`)
) ENGINE=InnoDB DEFAULT CHARSET=utf8mb4 COLLATE=utf8mb4_0900_ai_ci;
/*!40101 SET character_set_client = @saved_cs_client */;

--
-- Dumping data for table `OFFLINE_USER_SESSION`
--

LOCK TABLES `OFFLINE_USER_SESSION` WRITE;
/*!40000 ALTER TABLE `OFFLINE_USER_SESSION` DISABLE KEYS */;
INSERT INTO `OFFLINE_USER_SESSION` VALUES ('c1cb5559-939c-49f4-b1d0-22f31ac18001','10b872f3-24a6-4227-83a2-81ebedc755b9','f1946406-82b6-4136-8051-6fb1a90c99f5',1752305672,'0','{\"ipAddress\":\"172.18.0.1\",\"authMethod\":\"openid-connect\",\"rememberMe\":false,\"started\":0,\"notes\":{\"KC_DEVICE_NOTE\":\"eyJpcEFkZHJlc3MiOiIxNzIuMTguMC4xIiwib3MiOiJXaW5kb3dzIiwib3NWZXJzaW9uIjoiMTAiLCJicm93c2VyIjoiQ2hyb21lLzEzOC4wLjAiLCJkZXZpY2UiOiJPdGhlciIsImxhc3RBY2Nlc3MiOjAsIm1vYmlsZSI6ZmFsc2V9\",\"AUTH_TIME\":\"1752305672\",\"authenticators-completed\":\"{\\\"56466236-4a45-4cf9-9852-843ef0bd7a01\\\":1752305672}\"},\"state\":\"LOGGED_IN\"}',1752305674,NULL,1),('c51c89c8-97c7-4548-a306-f5ce1b79593d','60c7bf2d-f5e0-4e08-a856-b0a633bfdb40','e50ee46d-dbef-4c14-8389-4018de132723',1752305060,'0','{\"ipAddress\":\"172.18.0.1\",\"authMethod\":\"openid-connect\",\"rememberMe\":true,\"started\":0,\"notes\":{\"KC_DEVICE_NOTE\":\"eyJpcEFkZHJlc3MiOiIxNzIuMTguMC4xIiwib3MiOiJXaW5kb3dzIiwib3NWZXJzaW9uIjoiMTAiLCJicm93c2VyIjoiQ2hyb21lLzEzOC4wLjAiLCJkZXZpY2UiOiJPdGhlciIsImxhc3RBY2Nlc3MiOjAsIm1vYmlsZSI6ZmFsc2V9\",\"AUTH_TIME\":\"1752305060\",\"authenticators-completed\":\"{\\\"1eeed990-2b06-4648-a5d6-696761c36da5\\\":1752305060}\"},\"state\":\"LOGGED_IN\"}',1752305060,NULL,0);
/*!40000 ALTER TABLE `OFFLINE_USER_SESSION` ENABLE KEYS */;
UNLOCK TABLES;

--
-- Table structure for table `ORG`
--

DROP TABLE IF EXISTS `ORG`;
/*!40101 SET @saved_cs_client     = @@character_set_client */;
/*!50503 SET character_set_client = utf8mb4 */;
CREATE TABLE `ORG` (
  `ID` varchar(255) NOT NULL,
  `ENABLED` tinyint NOT NULL,
  `REALM_ID` varchar(255) NOT NULL,
  `GROUP_ID` varchar(255) NOT NULL,
  `NAME` varchar(255) NOT NULL,
  `DESCRIPTION` text,
  `ALIAS` varchar(255) NOT NULL,
  `REDIRECT_URL` text,
  PRIMARY KEY (`ID`),
  UNIQUE KEY `UK_ORG_NAME` (`REALM_ID`,`NAME`),
  UNIQUE KEY `UK_ORG_GROUP` (`GROUP_ID`),
  UNIQUE KEY `UK_ORG_ALIAS` (`REALM_ID`,`ALIAS`)
) ENGINE=InnoDB DEFAULT CHARSET=utf8mb4 COLLATE=utf8mb4_0900_ai_ci;
/*!40101 SET character_set_client = @saved_cs_client */;

--
-- Dumping data for table `ORG`
--

LOCK TABLES `ORG` WRITE;
/*!40000 ALTER TABLE `ORG` DISABLE KEYS */;
/*!40000 ALTER TABLE `ORG` ENABLE KEYS */;
UNLOCK TABLES;

--
-- Table structure for table `ORG_DOMAIN`
--

DROP TABLE IF EXISTS `ORG_DOMAIN`;
/*!40101 SET @saved_cs_client     = @@character_set_client */;
/*!50503 SET character_set_client = utf8mb4 */;
CREATE TABLE `ORG_DOMAIN` (
  `ID` varchar(36) NOT NULL,
  `NAME` varchar(255) NOT NULL,
  `VERIFIED` tinyint NOT NULL,
  `ORG_ID` varchar(255) NOT NULL,
  PRIMARY KEY (`ID`,`NAME`),
  KEY `IDX_ORG_DOMAIN_ORG_ID` (`ORG_ID`)
) ENGINE=InnoDB DEFAULT CHARSET=utf8mb4 COLLATE=utf8mb4_0900_ai_ci;
/*!40101 SET character_set_client = @saved_cs_client */;

--
-- Dumping data for table `ORG_DOMAIN`
--

LOCK TABLES `ORG_DOMAIN` WRITE;
/*!40000 ALTER TABLE `ORG_DOMAIN` DISABLE KEYS */;
/*!40000 ALTER TABLE `ORG_DOMAIN` ENABLE KEYS */;
UNLOCK TABLES;

--
-- Table structure for table `POLICY_CONFIG`
--

DROP TABLE IF EXISTS `POLICY_CONFIG`;
/*!40101 SET @saved_cs_client     = @@character_set_client */;
/*!50503 SET character_set_client = utf8mb4 */;
CREATE TABLE `POLICY_CONFIG` (
  `POLICY_ID` varchar(36) NOT NULL,
  `NAME` varchar(255) NOT NULL,
  `VALUE` longtext,
  PRIMARY KEY (`POLICY_ID`,`NAME`),
  CONSTRAINT `FKDC34197CF864C4E43` FOREIGN KEY (`POLICY_ID`) REFERENCES `RESOURCE_SERVER_POLICY` (`ID`)
) ENGINE=InnoDB DEFAULT CHARSET=utf8mb4 COLLATE=utf8mb4_0900_ai_ci;
/*!40101 SET character_set_client = @saved_cs_client */;

--
-- Dumping data for table `POLICY_CONFIG`
--

LOCK TABLES `POLICY_CONFIG` WRITE;
/*!40000 ALTER TABLE `POLICY_CONFIG` DISABLE KEYS */;
/*!40000 ALTER TABLE `POLICY_CONFIG` ENABLE KEYS */;
UNLOCK TABLES;

--
-- Table structure for table `PROTOCOL_MAPPER`
--

DROP TABLE IF EXISTS `PROTOCOL_MAPPER`;
/*!40101 SET @saved_cs_client     = @@character_set_client */;
/*!50503 SET character_set_client = utf8mb4 */;
CREATE TABLE `PROTOCOL_MAPPER` (
  `ID` varchar(36) NOT NULL,
  `NAME` varchar(255) NOT NULL,
  `PROTOCOL` varchar(255) NOT NULL,
  `PROTOCOL_MAPPER_NAME` varchar(255) NOT NULL,
  `CLIENT_ID` varchar(36) DEFAULT NULL,
  `CLIENT_SCOPE_ID` varchar(36) DEFAULT NULL,
  PRIMARY KEY (`ID`),
  KEY `IDX_PROTOCOL_MAPPER_CLIENT` (`CLIENT_ID`),
  KEY `IDX_CLSCOPE_PROTMAP` (`CLIENT_SCOPE_ID`),
  CONSTRAINT `FK_CLI_SCOPE_MAPPER` FOREIGN KEY (`CLIENT_SCOPE_ID`) REFERENCES `CLIENT_SCOPE` (`ID`),
  CONSTRAINT `FK_PCM_REALM` FOREIGN KEY (`CLIENT_ID`) REFERENCES `CLIENT` (`ID`)
) ENGINE=InnoDB DEFAULT CHARSET=utf8mb4 COLLATE=utf8mb4_0900_ai_ci;
/*!40101 SET character_set_client = @saved_cs_client */;

--
-- Dumping data for table `PROTOCOL_MAPPER`
--

LOCK TABLES `PROTOCOL_MAPPER` WRITE;
/*!40000 ALTER TABLE `PROTOCOL_MAPPER` DISABLE KEYS */;
INSERT INTO `PROTOCOL_MAPPER` VALUES ('07b936d4-3b05-4760-b1e5-ad9611f09686','role list','saml','saml-role-list-mapper',NULL,'0b018607-bb90-44d8-8fb5-97f9f7565903'),('0d3a0ad1-c096-4f9e-844c-24278bc9d440','updated at','openid-connect','oidc-usermodel-attribute-mapper',NULL,'01662085-1296-4356-909f-8da382b71424'),('0eb446cd-22a0-4066-894f-8427971cf199','role list','saml','saml-role-list-mapper',NULL,'74b36060-3972-415c-af50-a191f3450bce'),('0eca9aa3-4d05-4c88-9450-5c50a451414d','nickname','openid-connect','oidc-usermodel-attribute-mapper',NULL,'353828fe-dd39-4393-ade1-4c301d0fb83a'),('1670f612-b8a7-4545-8957-2491917342c1','birthdate','openid-connect','oidc-usermodel-attribute-mapper',NULL,'353828fe-dd39-4393-ade1-4c301d0fb83a'),('1827b8c3-1abd-4218-aed4-0efa9633e04a','family name','openid-connect','oidc-usermodel-attribute-mapper',NULL,'01662085-1296-4356-909f-8da382b71424'),('182a7720-8dfa-4f88-bc2e-2c76e8fff4ef','organization','saml','saml-organization-membership-mapper',NULL,'94df5a57-21b5-4726-9717-416d3028602b'),('1a6e927e-31b0-4daf-9069-238b4b63f5af','sub','openid-connect','oidc-sub-mapper',NULL,'55081448-2b92-4565-8b81-f2e189bafe6d'),('1b50c755-677e-42d2-881e-4872483e42c5','organization','openid-connect','oidc-organization-membership-mapper',NULL,'4a0d188b-c0a1-4af2-b172-fddee99e46fa'),('1e670cd9-073d-4fc2-8064-c7ff191aa6ad','allowed web origins','openid-connect','oidc-allowed-origins-mapper',NULL,'8a9748df-f527-46e4-9fdb-7e1b19bedb35'),('235fdaca-0127-4eff-a465-1364e21ff172','locale','openid-connect','oidc-usermodel-attribute-mapper',NULL,'01662085-1296-4356-909f-8da382b71424'),('24a7176d-041e-4deb-9168-b70c6ee1ddbd','auth_time','openid-connect','oidc-usersessionmodel-note-mapper',NULL,'55081448-2b92-4565-8b81-f2e189bafe6d'),('2d7ba5d1-2518-494d-b11e-1e00fc7c0f1c','middle name','openid-connect','oidc-usermodel-attribute-mapper',NULL,'353828fe-dd39-4393-ade1-4c301d0fb83a'),('2f59ea6f-b75c-4fe8-a3cf-fb620ed002f3','given name','openid-connect','oidc-usermodel-attribute-mapper',NULL,'01662085-1296-4356-909f-8da382b71424'),('302c22dd-be3e-420e-86b1-70fdec8cfe6e','nickname','openid-connect','oidc-usermodel-attribute-mapper',NULL,'01662085-1296-4356-909f-8da382b71424'),('34197e39-4901-4ba9-9ad1-699919d7598d','website','openid-connect','oidc-usermodel-attribute-mapper',NULL,'353828fe-dd39-4393-ade1-4c301d0fb83a'),('37362f5a-725b-43d3-a4a6-07e69f8f8c8b','birthdate','openid-connect','oidc-usermodel-attribute-mapper',NULL,'01662085-1296-4356-909f-8da382b71424'),('47c8ddd7-a264-46a7-9628-77e3e539cdf0','full name','openid-connect','oidc-full-name-mapper',NULL,'353828fe-dd39-4393-ade1-4c301d0fb83a'),('49aa2758-dc5f-4a33-b0c2-9c7a774a7b88','client roles','openid-connect','oidc-usermodel-client-role-mapper',NULL,'2d44fc60-0a0f-4f2e-ba93-325cc15e1ced'),('4c75c8f7-ff04-4038-ab4c-1cb0e5ecc9ab','gender','openid-connect','oidc-usermodel-attribute-mapper',NULL,'353828fe-dd39-4393-ade1-4c301d0fb83a'),('4ce8888a-78d2-465a-8bcb-2c6644aed074','organization','openid-connect','oidc-organization-membership-mapper',NULL,'c244afbe-d529-4821-aac0-0e6b90e73b7c'),('52fe9645-e660-4e7a-a342-b1a36f04f6ca','email','openid-connect','oidc-usermodel-attribute-mapper',NULL,'d0fa7c83-16b9-4273-a4ca-794296c3cbbe'),('5316f0b3-b457-4759-8cc5-5a9939dd04f8','middle name','openid-connect','oidc-usermodel-attribute-mapper',NULL,'01662085-1296-4356-909f-8da382b71424'),('5a7f90a3-a1cf-4e82-bbe5-ee4d88fe2087','allowed web origins','openid-connect','oidc-allowed-origins-mapper',NULL,'e9f19276-5d23-4a5e-82bd-9514b5c45e91'),('5de5f7f1-6d6b-47ff-abaf-226861c3f363','phone number','openid-connect','oidc-usermodel-attribute-mapper',NULL,'5f0251b2-632a-4f64-a554-ac292d474555'),('6ab24b1c-bd42-492a-81a9-1181f1e3de5e','client roles','openid-connect','oidc-usermodel-client-role-mapper',NULL,'76598644-4afe-433d-aff4-19edfb38dcc9'),('6f5d2884-72de-445d-925d-0bd9ac966ac4','groups','openid-connect','oidc-usermodel-realm-role-mapper',NULL,'effd8339-fc5c-48b8-9209-e5c20ae226d8'),('7083b34c-fc35-4e43-bc89-0f9debfcdfd8','email verified','openid-connect','oidc-usermodel-property-mapper',NULL,'d0fa7c83-16b9-4273-a4ca-794296c3cbbe'),('792b097d-f378-403a-b7d3-90e421e46b22','Client Host','openid-connect','oidc-usersessionmodel-note-mapper',NULL,'071bc6ac-a101-4775-ad48-f1fe70ce57e7'),('7b1d4451-a66f-494b-a142-52262ba88a2f','given name','openid-connect','oidc-usermodel-attribute-mapper',NULL,'353828fe-dd39-4393-ade1-4c301d0fb83a'),('8551e8bb-0818-4f74-9f8c-7e4855593efb','Client ID','openid-connect','oidc-usersessionmodel-note-mapper',NULL,'027b62a9-1c46-45cb-8f78-15d63b101ad6'),('85c35657-75d3-4d8c-9c72-88f02008bbad','address','openid-connect','oidc-address-mapper',NULL,'a6a02cce-3ea0-448a-82da-60da7df40ebb'),('86546ba8-d5e7-42af-a1d0-6e54b544db02','acr loa level','openid-connect','oidc-acr-mapper',NULL,'a9a2ed80-0f1a-4c2c-aa23-782742ebf247'),('87c15db3-5ea3-4216-a028-f878d49ed06e','sub','openid-connect','oidc-sub-mapper',NULL,'512e00e8-a96c-45b2-9d26-51531a929a2d'),('8a808dc6-ff41-4f08-866b-02360c69eafe','zoneinfo','openid-connect','oidc-usermodel-attribute-mapper',NULL,'01662085-1296-4356-909f-8da382b71424'),('8b0c0335-b60f-44d7-8e98-4d52e4671d95','email verified','openid-connect','oidc-usermodel-property-mapper',NULL,'977615ff-1bc4-4e46-af06-347908d8ac7b'),('8d5a4b76-36fc-4bc6-ae9a-f50926d45173','acr loa level','openid-connect','oidc-acr-mapper',NULL,'c574538a-3cff-4ee0-a367-d8c20f020390'),('8ddd4a06-ee6d-4bda-b4bf-ad8271f4d750','address','openid-connect','oidc-address-mapper',NULL,'b7c98de3-b9b8-4327-9a3c-27f198358886'),('907d7282-2247-4cb9-9eee-9c194e536c59','upn','openid-connect','oidc-usermodel-attribute-mapper',NULL,'effd8339-fc5c-48b8-9209-e5c20ae226d8'),('918e1902-e81e-47a3-bd6e-e21fff45de8b','auth_time','openid-connect','oidc-usersessionmodel-note-mapper',NULL,'512e00e8-a96c-45b2-9d26-51531a929a2d'),('9a8d44d1-daf1-4798-a361-0efcca995513','username','openid-connect','oidc-usermodel-attribute-mapper',NULL,'01662085-1296-4356-909f-8da382b71424'),('9be41ef9-e5c9-463a-8774-1c91911c022c','Client IP Address','openid-connect','oidc-usersessionmodel-note-mapper',NULL,'027b62a9-1c46-45cb-8f78-15d63b101ad6'),('9ebc172a-46d7-4279-ab13-317683a65257','locale','openid-connect','oidc-usermodel-attribute-mapper',NULL,'353828fe-dd39-4393-ade1-4c301d0fb83a'),('9ef41d9b-8459-41f3-8f25-7d40e668ed1c','audience resolve','openid-connect','oidc-audience-resolve-mapper',NULL,'2d44fc60-0a0f-4f2e-ba93-325cc15e1ced'),('9f595a3d-ace6-465d-a04e-363ff4e7ab87','upn','openid-connect','oidc-usermodel-attribute-mapper',NULL,'e75641e9-815c-4ff3-ab9a-58165e3a8034'),('a3dde778-7fab-488f-a323-8c2e9fb5b557','realm roles','openid-connect','oidc-usermodel-realm-role-mapper',NULL,'2d44fc60-0a0f-4f2e-ba93-325cc15e1ced'),('a83d79ef-4754-4865-887a-64599a53ad6a','picture','openid-connect','oidc-usermodel-attribute-mapper',NULL,'353828fe-dd39-4393-ade1-4c301d0fb83a'),('ade9e11f-a3f3-413d-a28b-f7c2fe718bc6','website','openid-connect','oidc-usermodel-attribute-mapper',NULL,'01662085-1296-4356-909f-8da382b71424'),('ae649b56-0aba-4e08-9c89-74fde4736241','family name','openid-connect','oidc-usermodel-attribute-mapper',NULL,'353828fe-dd39-4393-ade1-4c301d0fb83a'),('b6cfe41f-5011-4378-a6b0-7787fa989c7f','updated at','openid-connect','oidc-usermodel-attribute-mapper',NULL,'353828fe-dd39-4393-ade1-4c301d0fb83a'),('b7ba0fe6-ec03-4cc9-81b3-0751dea7b02b','audience resolve','openid-connect','oidc-audience-resolve-mapper','ef3c076b-9246-46d9-898d-a07017fa0fc2',NULL),('bc99046a-714c-45c8-823f-7b77dee00058','locale','openid-connect','oidc-usermodel-attribute-mapper','32b9c9ed-144d-4c00-85e3-6657b0f37925',NULL),('bfa5a418-b757-42d7-aa7a-dfa2f675bb34','groups','openid-connect','oidc-usermodel-realm-role-mapper',NULL,'e75641e9-815c-4ff3-ab9a-58165e3a8034'),('c0ce540e-66e2-492e-a17b-24933c3d9429','Client IP Address','openid-connect','oidc-usersessionmodel-note-mapper',NULL,'071bc6ac-a101-4775-ad48-f1fe70ce57e7'),('c63a6713-47ab-45b5-bd8f-5212ed7e62d9','audience resolve','openid-connect','oidc-audience-resolve-mapper',NULL,'76598644-4afe-433d-aff4-19edfb38dcc9'),('c9180299-7746-4657-8223-75d46126df3e','realm roles','openid-connect','oidc-usermodel-realm-role-mapper',NULL,'76598644-4afe-433d-aff4-19edfb38dcc9'),('cc0f1c35-df3a-46e0-aa9a-ce600bde9ae9','picture','openid-connect','oidc-usermodel-attribute-mapper',NULL,'01662085-1296-4356-909f-8da382b71424'),('d3038915-75ed-47cd-affe-2d47c53193f1','profile','openid-connect','oidc-usermodel-attribute-mapper',NULL,'01662085-1296-4356-909f-8da382b71424'),('d78c2c37-f2e9-4c6d-9938-4c12fcffcedc','locale','openid-connect','oidc-usermodel-attribute-mapper','a1604d53-1ef0-41f6-92ca-f9ab8dea20e0',NULL),('dd227b83-fa1e-4213-b567-4336ab249ab2','Client Host','openid-connect','oidc-usersessionmodel-note-mapper',NULL,'027b62a9-1c46-45cb-8f78-15d63b101ad6'),('de4c3c78-dbf6-4286-8dd2-cb6099ec43cf','zoneinfo','openid-connect','oidc-usermodel-attribute-mapper',NULL,'353828fe-dd39-4393-ade1-4c301d0fb83a'),('de4e7453-787a-4a1b-b9b3-247520e31406','profile','openid-connect','oidc-usermodel-attribute-mapper',NULL,'353828fe-dd39-4393-ade1-4c301d0fb83a'),('e3ca0eae-3e5b-4722-9f04-9e98c77aed66','audience resolve','openid-connect','oidc-audience-resolve-mapper','0414fe75-dcac-4c88-833a-3a505459bdde',NULL),('e42d48f4-53d4-4a20-a7cc-19ed884c307c','username','openid-connect','oidc-usermodel-attribute-mapper',NULL,'353828fe-dd39-4393-ade1-4c301d0fb83a'),('e522f224-4716-42cb-90c9-ab32f3ec258d','gender','openid-connect','oidc-usermodel-attribute-mapper',NULL,'01662085-1296-4356-909f-8da382b71424'),('e8b7411e-afd1-43b4-bd18-74b9b4cf6d97','organization','saml','saml-organization-membership-mapper',NULL,'6d28ac3b-4a05-492b-8591-f66210006277'),('ef952b06-d50f-43bf-9965-7d7d549ed187','full name','openid-connect','oidc-full-name-mapper',NULL,'01662085-1296-4356-909f-8da382b71424'),('f388ddb8-5125-4f64-a593-725a232153d8','phone number verified','openid-connect','oidc-usermodel-attribute-mapper',NULL,'f2178f14-ed52-4e8f-894e-0a3946ba2cb5'),('f42a1323-2644-4817-bab8-31e24854c033','phone number verified','openid-connect','oidc-usermodel-attribute-mapper',NULL,'5f0251b2-632a-4f64-a554-ac292d474555'),('f5c2d41e-1fd0-4179-8189-2c6071b32359','phone number','openid-connect','oidc-usermodel-attribute-mapper',NULL,'f2178f14-ed52-4e8f-894e-0a3946ba2cb5'),('fa1b71f2-1823-4740-86b9-0516d773466e','email','openid-connect','oidc-usermodel-attribute-mapper',NULL,'977615ff-1bc4-4e46-af06-347908d8ac7b'),('ff707177-51c4-4d57-8a94-3bbc5b056733','Client ID','openid-connect','oidc-usersessionmodel-note-mapper',NULL,'071bc6ac-a101-4775-ad48-f1fe70ce57e7');
/*!40000 ALTER TABLE `PROTOCOL_MAPPER` ENABLE KEYS */;
UNLOCK TABLES;

--
-- Table structure for table `PROTOCOL_MAPPER_CONFIG`
--

DROP TABLE IF EXISTS `PROTOCOL_MAPPER_CONFIG`;
/*!40101 SET @saved_cs_client     = @@character_set_client */;
/*!50503 SET character_set_client = utf8mb4 */;
CREATE TABLE `PROTOCOL_MAPPER_CONFIG` (
  `PROTOCOL_MAPPER_ID` varchar(36) NOT NULL,
  `VALUE` longtext,
  `NAME` varchar(255) NOT NULL,
  PRIMARY KEY (`PROTOCOL_MAPPER_ID`,`NAME`),
  CONSTRAINT `FK_PMCONFIG` FOREIGN KEY (`PROTOCOL_MAPPER_ID`) REFERENCES `PROTOCOL_MAPPER` (`ID`)
) ENGINE=InnoDB DEFAULT CHARSET=utf8mb4 COLLATE=utf8mb4_0900_ai_ci;
/*!40101 SET character_set_client = @saved_cs_client */;

--
-- Dumping data for table `PROTOCOL_MAPPER_CONFIG`
--

LOCK TABLES `PROTOCOL_MAPPER_CONFIG` WRITE;
/*!40000 ALTER TABLE `PROTOCOL_MAPPER_CONFIG` DISABLE KEYS */;
INSERT INTO `PROTOCOL_MAPPER_CONFIG` VALUES ('07b936d4-3b05-4760-b1e5-ad9611f09686','Role','attribute.name'),('07b936d4-3b05-4760-b1e5-ad9611f09686','Basic','attribute.nameformat'),('07b936d4-3b05-4760-b1e5-ad9611f09686','false','single'),('0d3a0ad1-c096-4f9e-844c-24278bc9d440','true','access.token.claim'),('0d3a0ad1-c096-4f9e-844c-24278bc9d440','updated_at','claim.name'),('0d3a0ad1-c096-4f9e-844c-24278bc9d440','true','id.token.claim'),('0d3a0ad1-c096-4f9e-844c-24278bc9d440','true','introspection.token.claim'),('0d3a0ad1-c096-4f9e-844c-24278bc9d440','long','jsonType.label'),('0d3a0ad1-c096-4f9e-844c-24278bc9d440','updatedAt','user.attribute'),('0d3a0ad1-c096-4f9e-844c-24278bc9d440','true','userinfo.token.claim'),('0eb446cd-22a0-4066-894f-8427971cf199','Role','attribute.name'),('0eb446cd-22a0-4066-894f-8427971cf199','Basic','attribute.nameformat'),('0eb446cd-22a0-4066-894f-8427971cf199','false','single'),('0eca9aa3-4d05-4c88-9450-5c50a451414d','true','access.token.claim'),('0eca9aa3-4d05-4c88-9450-5c50a451414d','nickname','claim.name'),('0eca9aa3-4d05-4c88-9450-5c50a451414d','true','id.token.claim'),('0eca9aa3-4d05-4c88-9450-5c50a451414d','true','introspection.token.claim'),('0eca9aa3-4d05-4c88-9450-5c50a451414d','String','jsonType.label'),('0eca9aa3-4d05-4c88-9450-5c50a451414d','nickname','user.attribute'),('0eca9aa3-4d05-4c88-9450-5c50a451414d','true','userinfo.token.claim'),('1670f612-b8a7-4545-8957-2491917342c1','true','access.token.claim'),('1670f612-b8a7-4545-8957-2491917342c1','birthdate','claim.name'),('1670f612-b8a7-4545-8957-2491917342c1','true','id.token.claim'),('1670f612-b8a7-4545-8957-2491917342c1','true','introspection.token.claim'),('1670f612-b8a7-4545-8957-2491917342c1','String','jsonType.label'),('1670f612-b8a7-4545-8957-2491917342c1','birthdate','user.attribute'),('1670f612-b8a7-4545-8957-2491917342c1','true','userinfo.token.claim'),('1827b8c3-1abd-4218-aed4-0efa9633e04a','true','access.token.claim'),('1827b8c3-1abd-4218-aed4-0efa9633e04a','family_name','claim.name'),('1827b8c3-1abd-4218-aed4-0efa9633e04a','true','id.token.claim'),('1827b8c3-1abd-4218-aed4-0efa9633e04a','true','introspection.token.claim'),('1827b8c3-1abd-4218-aed4-0efa9633e04a','String','jsonType.label'),('1827b8c3-1abd-4218-aed4-0efa9633e04a','lastName','user.attribute'),('1827b8c3-1abd-4218-aed4-0efa9633e04a','true','userinfo.token.claim'),('1a6e927e-31b0-4daf-9069-238b4b63f5af','true','access.token.claim'),('1a6e927e-31b0-4daf-9069-238b4b63f5af','true','introspection.token.claim'),('1b50c755-677e-42d2-881e-4872483e42c5','true','access.token.claim'),('1b50c755-677e-42d2-881e-4872483e42c5','organization','claim.name'),('1b50c755-677e-42d2-881e-4872483e42c5','true','id.token.claim'),('1b50c755-677e-42d2-881e-4872483e42c5','true','introspection.token.claim'),('1b50c755-677e-42d2-881e-4872483e42c5','String','jsonType.label'),('1b50c755-677e-42d2-881e-4872483e42c5','true','multivalued'),('1e670cd9-073d-4fc2-8064-c7ff191aa6ad','true','access.token.claim'),('1e670cd9-073d-4fc2-8064-c7ff191aa6ad','true','introspection.token.claim'),('235fdaca-0127-4eff-a465-1364e21ff172','true','access.token.claim'),('235fdaca-0127-4eff-a465-1364e21ff172','locale','claim.name'),('235fdaca-0127-4eff-a465-1364e21ff172','true','id.token.claim'),('235fdaca-0127-4eff-a465-1364e21ff172','true','introspection.token.claim'),('235fdaca-0127-4eff-a465-1364e21ff172','String','jsonType.label'),('235fdaca-0127-4eff-a465-1364e21ff172','locale','user.attribute'),('235fdaca-0127-4eff-a465-1364e21ff172','true','userinfo.token.claim'),('24a7176d-041e-4deb-9168-b70c6ee1ddbd','true','access.token.claim'),('24a7176d-041e-4deb-9168-b70c6ee1ddbd','auth_time','claim.name'),('24a7176d-041e-4deb-9168-b70c6ee1ddbd','true','id.token.claim'),('24a7176d-041e-4deb-9168-b70c6ee1ddbd','true','introspection.token.claim'),('24a7176d-041e-4deb-9168-b70c6ee1ddbd','long','jsonType.label'),('24a7176d-041e-4deb-9168-b70c6ee1ddbd','AUTH_TIME','user.session.note'),('2d7ba5d1-2518-494d-b11e-1e00fc7c0f1c','true','access.token.claim'),('2d7ba5d1-2518-494d-b11e-1e00fc7c0f1c','middle_name','claim.name'),('2d7ba5d1-2518-494d-b11e-1e00fc7c0f1c','true','id.token.claim'),('2d7ba5d1-2518-494d-b11e-1e00fc7c0f1c','true','introspection.token.claim'),('2d7ba5d1-2518-494d-b11e-1e00fc7c0f1c','String','jsonType.label'),('2d7ba5d1-2518-494d-b11e-1e00fc7c0f1c','middleName','user.attribute'),('2d7ba5d1-2518-494d-b11e-1e00fc7c0f1c','true','userinfo.token.claim'),('2f59ea6f-b75c-4fe8-a3cf-fb620ed002f3','true','access.token.claim'),('2f59ea6f-b75c-4fe8-a3cf-fb620ed002f3','given_name','claim.name'),('2f59ea6f-b75c-4fe8-a3cf-fb620ed002f3','true','id.token.claim'),('2f59ea6f-b75c-4fe8-a3cf-fb620ed002f3','true','introspection.token.claim'),('2f59ea6f-b75c-4fe8-a3cf-fb620ed002f3','String','jsonType.label'),('2f59ea6f-b75c-4fe8-a3cf-fb620ed002f3','firstName','user.attribute'),('2f59ea6f-b75c-4fe8-a3cf-fb620ed002f3','true','userinfo.token.claim'),('302c22dd-be3e-420e-86b1-70fdec8cfe6e','true','access.token.claim'),('302c22dd-be3e-420e-86b1-70fdec8cfe6e','nickname','claim.name'),('302c22dd-be3e-420e-86b1-70fdec8cfe6e','true','id.token.claim'),('302c22dd-be3e-420e-86b1-70fdec8cfe6e','true','introspection.token.claim'),('302c22dd-be3e-420e-86b1-70fdec8cfe6e','String','jsonType.label'),('302c22dd-be3e-420e-86b1-70fdec8cfe6e','nickname','user.attribute'),('302c22dd-be3e-420e-86b1-70fdec8cfe6e','true','userinfo.token.claim'),('34197e39-4901-4ba9-9ad1-699919d7598d','true','access.token.claim'),('34197e39-4901-4ba9-9ad1-699919d7598d','website','claim.name'),('34197e39-4901-4ba9-9ad1-699919d7598d','true','id.token.claim'),('34197e39-4901-4ba9-9ad1-699919d7598d','true','introspection.token.claim'),('34197e39-4901-4ba9-9ad1-699919d7598d','String','jsonType.label'),('34197e39-4901-4ba9-9ad1-699919d7598d','website','user.attribute'),('34197e39-4901-4ba9-9ad1-699919d7598d','true','userinfo.token.claim'),('37362f5a-725b-43d3-a4a6-07e69f8f8c8b','true','access.token.claim'),('37362f5a-725b-43d3-a4a6-07e69f8f8c8b','birthdate','claim.name'),('37362f5a-725b-43d3-a4a6-07e69f8f8c8b','true','id.token.claim'),('37362f5a-725b-43d3-a4a6-07e69f8f8c8b','true','introspection.token.claim'),('37362f5a-725b-43d3-a4a6-07e69f8f8c8b','String','jsonType.label'),('37362f5a-725b-43d3-a4a6-07e69f8f8c8b','birthdate','user.attribute'),('37362f5a-725b-43d3-a4a6-07e69f8f8c8b','true','userinfo.token.claim'),('47c8ddd7-a264-46a7-9628-77e3e539cdf0','true','access.token.claim'),('47c8ddd7-a264-46a7-9628-77e3e539cdf0','true','id.token.claim'),('47c8ddd7-a264-46a7-9628-77e3e539cdf0','true','introspection.token.claim'),('47c8ddd7-a264-46a7-9628-77e3e539cdf0','true','userinfo.token.claim'),('49aa2758-dc5f-4a33-b0c2-9c7a774a7b88','true','access.token.claim'),('49aa2758-dc5f-4a33-b0c2-9c7a774a7b88','resource_access.${client_id}.roles','claim.name'),('49aa2758-dc5f-4a33-b0c2-9c7a774a7b88','true','introspection.token.claim'),('49aa2758-dc5f-4a33-b0c2-9c7a774a7b88','String','jsonType.label'),('49aa2758-dc5f-4a33-b0c2-9c7a774a7b88','true','multivalued'),('49aa2758-dc5f-4a33-b0c2-9c7a774a7b88','foo','user.attribute'),('4c75c8f7-ff04-4038-ab4c-1cb0e5ecc9ab','true','access.token.claim'),('4c75c8f7-ff04-4038-ab4c-1cb0e5ecc9ab','gender','claim.name'),('4c75c8f7-ff04-4038-ab4c-1cb0e5ecc9ab','true','id.token.claim'),('4c75c8f7-ff04-4038-ab4c-1cb0e5ecc9ab','true','introspection.token.claim'),('4c75c8f7-ff04-4038-ab4c-1cb0e5ecc9ab','String','jsonType.label'),('4c75c8f7-ff04-4038-ab4c-1cb0e5ecc9ab','gender','user.attribute'),('4c75c8f7-ff04-4038-ab4c-1cb0e5ecc9ab','true','userinfo.token.claim'),('4ce8888a-78d2-465a-8bcb-2c6644aed074','true','access.token.claim'),('4ce8888a-78d2-465a-8bcb-2c6644aed074','organization','claim.name'),('4ce8888a-78d2-465a-8bcb-2c6644aed074','true','id.token.claim'),('4ce8888a-78d2-465a-8bcb-2c6644aed074','true','introspection.token.claim'),('4ce8888a-78d2-465a-8bcb-2c6644aed074','String','jsonType.label'),('4ce8888a-78d2-465a-8bcb-2c6644aed074','true','multivalued'),('52fe9645-e660-4e7a-a342-b1a36f04f6ca','true','access.token.claim'),('52fe9645-e660-4e7a-a342-b1a36f04f6ca','email','claim.name'),('52fe9645-e660-4e7a-a342-b1a36f04f6ca','true','id.token.claim'),('52fe9645-e660-4e7a-a342-b1a36f04f6ca','true','introspection.token.claim'),('52fe9645-e660-4e7a-a342-b1a36f04f6ca','String','jsonType.label'),('52fe9645-e660-4e7a-a342-b1a36f04f6ca','email','user.attribute'),('52fe9645-e660-4e7a-a342-b1a36f04f6ca','true','userinfo.token.claim'),('5316f0b3-b457-4759-8cc5-5a9939dd04f8','true','access.token.claim'),('5316f0b3-b457-4759-8cc5-5a9939dd04f8','middle_name','claim.name'),('5316f0b3-b457-4759-8cc5-5a9939dd04f8','true','id.token.claim'),('5316f0b3-b457-4759-8cc5-5a9939dd04f8','true','introspection.token.claim'),('5316f0b3-b457-4759-8cc5-5a9939dd04f8','String','jsonType.label'),('5316f0b3-b457-4759-8cc5-5a9939dd04f8','middleName','user.attribute'),('5316f0b3-b457-4759-8cc5-5a9939dd04f8','true','userinfo.token.claim'),('5a7f90a3-a1cf-4e82-bbe5-ee4d88fe2087','true','access.token.claim'),('5a7f90a3-a1cf-4e82-bbe5-ee4d88fe2087','true','introspection.token.claim'),('5de5f7f1-6d6b-47ff-abaf-226861c3f363','true','access.token.claim'),('5de5f7f1-6d6b-47ff-abaf-226861c3f363','phone_number','claim.name'),('5de5f7f1-6d6b-47ff-abaf-226861c3f363','true','id.token.claim'),('5de5f7f1-6d6b-47ff-abaf-226861c3f363','true','introspection.token.claim'),('5de5f7f1-6d6b-47ff-abaf-226861c3f363','String','jsonType.label'),('5de5f7f1-6d6b-47ff-abaf-226861c3f363','phoneNumber','user.attribute'),('5de5f7f1-6d6b-47ff-abaf-226861c3f363','true','userinfo.token.claim'),('6ab24b1c-bd42-492a-81a9-1181f1e3de5e','true','access.token.claim'),('6ab24b1c-bd42-492a-81a9-1181f1e3de5e','resource_access.${client_id}.roles','claim.name'),('6ab24b1c-bd42-492a-81a9-1181f1e3de5e','true','introspection.token.claim'),('6ab24b1c-bd42-492a-81a9-1181f1e3de5e','String','jsonType.label'),('6ab24b1c-bd42-492a-81a9-1181f1e3de5e','true','multivalued'),('6ab24b1c-bd42-492a-81a9-1181f1e3de5e','foo','user.attribute'),('6f5d2884-72de-445d-925d-0bd9ac966ac4','true','access.token.claim'),('6f5d2884-72de-445d-925d-0bd9ac966ac4','groups','claim.name'),('6f5d2884-72de-445d-925d-0bd9ac966ac4','true','id.token.claim'),('6f5d2884-72de-445d-925d-0bd9ac966ac4','true','introspection.token.claim'),('6f5d2884-72de-445d-925d-0bd9ac966ac4','String','jsonType.label'),('6f5d2884-72de-445d-925d-0bd9ac966ac4','true','multivalued'),('6f5d2884-72de-445d-925d-0bd9ac966ac4','foo','user.attribute'),('7083b34c-fc35-4e43-bc89-0f9debfcdfd8','true','access.token.claim'),('7083b34c-fc35-4e43-bc89-0f9debfcdfd8','email_verified','claim.name'),('7083b34c-fc35-4e43-bc89-0f9debfcdfd8','true','id.token.claim'),('7083b34c-fc35-4e43-bc89-0f9debfcdfd8','true','introspection.token.claim'),('7083b34c-fc35-4e43-bc89-0f9debfcdfd8','boolean','jsonType.label'),('7083b34c-fc35-4e43-bc89-0f9debfcdfd8','emailVerified','user.attribute'),('7083b34c-fc35-4e43-bc89-0f9debfcdfd8','true','userinfo.token.claim'),('792b097d-f378-403a-b7d3-90e421e46b22','true','access.token.claim'),('792b097d-f378-403a-b7d3-90e421e46b22','clientHost','claim.name'),('792b097d-f378-403a-b7d3-90e421e46b22','true','id.token.claim'),('792b097d-f378-403a-b7d3-90e421e46b22','true','introspection.token.claim'),('792b097d-f378-403a-b7d3-90e421e46b22','String','jsonType.label'),('792b097d-f378-403a-b7d3-90e421e46b22','clientHost','user.session.note'),('7b1d4451-a66f-494b-a142-52262ba88a2f','true','access.token.claim'),('7b1d4451-a66f-494b-a142-52262ba88a2f','given_name','claim.name'),('7b1d4451-a66f-494b-a142-52262ba88a2f','true','id.token.claim'),('7b1d4451-a66f-494b-a142-52262ba88a2f','true','introspection.token.claim'),('7b1d4451-a66f-494b-a142-52262ba88a2f','String','jsonType.label'),('7b1d4451-a66f-494b-a142-52262ba88a2f','firstName','user.attribute'),('7b1d4451-a66f-494b-a142-52262ba88a2f','true','userinfo.token.claim'),('8551e8bb-0818-4f74-9f8c-7e4855593efb','true','access.token.claim'),('8551e8bb-0818-4f74-9f8c-7e4855593efb','client_id','claim.name'),('8551e8bb-0818-4f74-9f8c-7e4855593efb','true','id.token.claim'),('8551e8bb-0818-4f74-9f8c-7e4855593efb','true','introspection.token.claim'),('8551e8bb-0818-4f74-9f8c-7e4855593efb','String','jsonType.label'),('8551e8bb-0818-4f74-9f8c-7e4855593efb','client_id','user.session.note'),('85c35657-75d3-4d8c-9c72-88f02008bbad','true','access.token.claim'),('85c35657-75d3-4d8c-9c72-88f02008bbad','true','id.token.claim'),('85c35657-75d3-4d8c-9c72-88f02008bbad','true','introspection.token.claim'),('85c35657-75d3-4d8c-9c72-88f02008bbad','country','user.attribute.country'),('85c35657-75d3-4d8c-9c72-88f02008bbad','formatted','user.attribute.formatted'),('85c35657-75d3-4d8c-9c72-88f02008bbad','locality','user.attribute.locality'),('85c35657-75d3-4d8c-9c72-88f02008bbad','postal_code','user.attribute.postal_code'),('85c35657-75d3-4d8c-9c72-88f02008bbad','region','user.attribute.region'),('85c35657-75d3-4d8c-9c72-88f02008bbad','street','user.attribute.street'),('85c35657-75d3-4d8c-9c72-88f02008bbad','true','userinfo.token.claim'),('86546ba8-d5e7-42af-a1d0-6e54b544db02','true','access.token.claim'),('86546ba8-d5e7-42af-a1d0-6e54b544db02','true','id.token.claim'),('86546ba8-d5e7-42af-a1d0-6e54b544db02','true','introspection.token.claim'),('87c15db3-5ea3-4216-a028-f878d49ed06e','true','access.token.claim'),('87c15db3-5ea3-4216-a028-f878d49ed06e','true','introspection.token.claim'),('8a808dc6-ff41-4f08-866b-02360c69eafe','true','access.token.claim'),('8a808dc6-ff41-4f08-866b-02360c69eafe','zoneinfo','claim.name'),('8a808dc6-ff41-4f08-866b-02360c69eafe','true','id.token.claim'),('8a808dc6-ff41-4f08-866b-02360c69eafe','true','introspection.token.claim'),('8a808dc6-ff41-4f08-866b-02360c69eafe','String','jsonType.label'),('8a808dc6-ff41-4f08-866b-02360c69eafe','zoneinfo','user.attribute'),('8a808dc6-ff41-4f08-866b-02360c69eafe','true','userinfo.token.claim'),('8b0c0335-b60f-44d7-8e98-4d52e4671d95','true','access.token.claim'),('8b0c0335-b60f-44d7-8e98-4d52e4671d95','email_verified','claim.name'),('8b0c0335-b60f-44d7-8e98-4d52e4671d95','true','id.token.claim'),('8b0c0335-b60f-44d7-8e98-4d52e4671d95','true','introspection.token.claim'),('8b0c0335-b60f-44d7-8e98-4d52e4671d95','boolean','jsonType.label'),('8b0c0335-b60f-44d7-8e98-4d52e4671d95','emailVerified','user.attribute'),('8b0c0335-b60f-44d7-8e98-4d52e4671d95','true','userinfo.token.claim'),('8d5a4b76-36fc-4bc6-ae9a-f50926d45173','true','access.token.claim'),('8d5a4b76-36fc-4bc6-ae9a-f50926d45173','true','id.token.claim'),('8d5a4b76-36fc-4bc6-ae9a-f50926d45173','true','introspection.token.claim'),('8ddd4a06-ee6d-4bda-b4bf-ad8271f4d750','true','access.token.claim'),('8ddd4a06-ee6d-4bda-b4bf-ad8271f4d750','true','id.token.claim'),('8ddd4a06-ee6d-4bda-b4bf-ad8271f4d750','true','introspection.token.claim'),('8ddd4a06-ee6d-4bda-b4bf-ad8271f4d750','country','user.attribute.country'),('8ddd4a06-ee6d-4bda-b4bf-ad8271f4d750','formatted','user.attribute.formatted'),('8ddd4a06-ee6d-4bda-b4bf-ad8271f4d750','locality','user.attribute.locality'),('8ddd4a06-ee6d-4bda-b4bf-ad8271f4d750','postal_code','user.attribute.postal_code'),('8ddd4a06-ee6d-4bda-b4bf-ad8271f4d750','region','user.attribute.region'),('8ddd4a06-ee6d-4bda-b4bf-ad8271f4d750','street','user.attribute.street'),('8ddd4a06-ee6d-4bda-b4bf-ad8271f4d750','true','userinfo.token.claim'),('907d7282-2247-4cb9-9eee-9c194e536c59','true','access.token.claim'),('907d7282-2247-4cb9-9eee-9c194e536c59','upn','claim.name'),('907d7282-2247-4cb9-9eee-9c194e536c59','true','id.token.claim'),('907d7282-2247-4cb9-9eee-9c194e536c59','true','introspection.token.claim'),('907d7282-2247-4cb9-9eee-9c194e536c59','String','jsonType.label'),('907d7282-2247-4cb9-9eee-9c194e536c59','username','user.attribute'),('907d7282-2247-4cb9-9eee-9c194e536c59','true','userinfo.token.claim'),('918e1902-e81e-47a3-bd6e-e21fff45de8b','true','access.token.claim'),('918e1902-e81e-47a3-bd6e-e21fff45de8b','auth_time','claim.name'),('918e1902-e81e-47a3-bd6e-e21fff45de8b','true','id.token.claim'),('918e1902-e81e-47a3-bd6e-e21fff45de8b','true','introspection.token.claim'),('918e1902-e81e-47a3-bd6e-e21fff45de8b','long','jsonType.label'),('918e1902-e81e-47a3-bd6e-e21fff45de8b','AUTH_TIME','user.session.note'),('9a8d44d1-daf1-4798-a361-0efcca995513','true','access.token.claim'),('9a8d44d1-daf1-4798-a361-0efcca995513','preferred_username','claim.name'),('9a8d44d1-daf1-4798-a361-0efcca995513','true','id.token.claim'),('9a8d44d1-daf1-4798-a361-0efcca995513','true','introspection.token.claim'),('9a8d44d1-daf1-4798-a361-0efcca995513','String','jsonType.label'),('9a8d44d1-daf1-4798-a361-0efcca995513','username','user.attribute'),('9a8d44d1-daf1-4798-a361-0efcca995513','true','userinfo.token.claim'),('9be41ef9-e5c9-463a-8774-1c91911c022c','true','access.token.claim'),('9be41ef9-e5c9-463a-8774-1c91911c022c','clientAddress','claim.name'),('9be41ef9-e5c9-463a-8774-1c91911c022c','true','id.token.claim'),('9be41ef9-e5c9-463a-8774-1c91911c022c','true','introspection.token.claim'),('9be41ef9-e5c9-463a-8774-1c91911c022c','String','jsonType.label'),('9be41ef9-e5c9-463a-8774-1c91911c022c','clientAddress','user.session.note'),('9ebc172a-46d7-4279-ab13-317683a65257','true','access.token.claim'),('9ebc172a-46d7-4279-ab13-317683a65257','locale','claim.name'),('9ebc172a-46d7-4279-ab13-317683a65257','true','id.token.claim'),('9ebc172a-46d7-4279-ab13-317683a65257','true','introspection.token.claim'),('9ebc172a-46d7-4279-ab13-317683a65257','String','jsonType.label'),('9ebc172a-46d7-4279-ab13-317683a65257','locale','user.attribute'),('9ebc172a-46d7-4279-ab13-317683a65257','true','userinfo.token.claim'),('9ef41d9b-8459-41f3-8f25-7d40e668ed1c','true','access.token.claim'),('9ef41d9b-8459-41f3-8f25-7d40e668ed1c','true','introspection.token.claim'),('9f595a3d-ace6-465d-a04e-363ff4e7ab87','true','access.token.claim'),('9f595a3d-ace6-465d-a04e-363ff4e7ab87','upn','claim.name'),('9f595a3d-ace6-465d-a04e-363ff4e7ab87','true','id.token.claim'),('9f595a3d-ace6-465d-a04e-363ff4e7ab87','true','introspection.token.claim'),('9f595a3d-ace6-465d-a04e-363ff4e7ab87','String','jsonType.label'),('9f595a3d-ace6-465d-a04e-363ff4e7ab87','username','user.attribute'),('9f595a3d-ace6-465d-a04e-363ff4e7ab87','true','userinfo.token.claim'),('a3dde778-7fab-488f-a323-8c2e9fb5b557','true','access.token.claim'),('a3dde778-7fab-488f-a323-8c2e9fb5b557','realm_access.roles','claim.name'),('a3dde778-7fab-488f-a323-8c2e9fb5b557','true','introspection.token.claim'),('a3dde778-7fab-488f-a323-8c2e9fb5b557','String','jsonType.label'),('a3dde778-7fab-488f-a323-8c2e9fb5b557','true','multivalued'),('a3dde778-7fab-488f-a323-8c2e9fb5b557','foo','user.attribute'),('a83d79ef-4754-4865-887a-64599a53ad6a','true','access.token.claim'),('a83d79ef-4754-4865-887a-64599a53ad6a','picture','claim.name'),('a83d79ef-4754-4865-887a-64599a53ad6a','true','id.token.claim'),('a83d79ef-4754-4865-887a-64599a53ad6a','true','introspection.token.claim'),('a83d79ef-4754-4865-887a-64599a53ad6a','String','jsonType.label'),('a83d79ef-4754-4865-887a-64599a53ad6a','picture','user.attribute'),('a83d79ef-4754-4865-887a-64599a53ad6a','true','userinfo.token.claim'),('ade9e11f-a3f3-413d-a28b-f7c2fe718bc6','true','access.token.claim'),('ade9e11f-a3f3-413d-a28b-f7c2fe718bc6','website','claim.name'),('ade9e11f-a3f3-413d-a28b-f7c2fe718bc6','true','id.token.claim'),('ade9e11f-a3f3-413d-a28b-f7c2fe718bc6','true','introspection.token.claim'),('ade9e11f-a3f3-413d-a28b-f7c2fe718bc6','String','jsonType.label'),('ade9e11f-a3f3-413d-a28b-f7c2fe718bc6','website','user.attribute'),('ade9e11f-a3f3-413d-a28b-f7c2fe718bc6','true','userinfo.token.claim'),('ae649b56-0aba-4e08-9c89-74fde4736241','true','access.token.claim'),('ae649b56-0aba-4e08-9c89-74fde4736241','family_name','claim.name'),('ae649b56-0aba-4e08-9c89-74fde4736241','true','id.token.claim'),('ae649b56-0aba-4e08-9c89-74fde4736241','true','introspection.token.claim'),('ae649b56-0aba-4e08-9c89-74fde4736241','String','jsonType.label'),('ae649b56-0aba-4e08-9c89-74fde4736241','lastName','user.attribute'),('ae649b56-0aba-4e08-9c89-74fde4736241','true','userinfo.token.claim'),('b6cfe41f-5011-4378-a6b0-7787fa989c7f','true','access.token.claim'),('b6cfe41f-5011-4378-a6b0-7787fa989c7f','updated_at','claim.name'),('b6cfe41f-5011-4378-a6b0-7787fa989c7f','true','id.token.claim'),('b6cfe41f-5011-4378-a6b0-7787fa989c7f','true','introspection.token.claim'),('b6cfe41f-5011-4378-a6b0-7787fa989c7f','long','jsonType.label'),('b6cfe41f-5011-4378-a6b0-7787fa989c7f','updatedAt','user.attribute'),('b6cfe41f-5011-4378-a6b0-7787fa989c7f','true','userinfo.token.claim'),('bc99046a-714c-45c8-823f-7b77dee00058','true','access.token.claim'),('bc99046a-714c-45c8-823f-7b77dee00058','locale','claim.name'),('bc99046a-714c-45c8-823f-7b77dee00058','true','id.token.claim'),('bc99046a-714c-45c8-823f-7b77dee00058','true','introspection.token.claim'),('bc99046a-714c-45c8-823f-7b77dee00058','String','jsonType.label'),('bc99046a-714c-45c8-823f-7b77dee00058','locale','user.attribute'),('bc99046a-714c-45c8-823f-7b77dee00058','true','userinfo.token.claim'),('bfa5a418-b757-42d7-aa7a-dfa2f675bb34','true','access.token.claim'),('bfa5a418-b757-42d7-aa7a-dfa2f675bb34','groups','claim.name'),('bfa5a418-b757-42d7-aa7a-dfa2f675bb34','true','id.token.claim'),('bfa5a418-b757-42d7-aa7a-dfa2f675bb34','true','introspection.token.claim'),('bfa5a418-b757-42d7-aa7a-dfa2f675bb34','String','jsonType.label'),('bfa5a418-b757-42d7-aa7a-dfa2f675bb34','true','multivalued'),('bfa5a418-b757-42d7-aa7a-dfa2f675bb34','foo','user.attribute'),('c0ce540e-66e2-492e-a17b-24933c3d9429','true','access.token.claim'),('c0ce540e-66e2-492e-a17b-24933c3d9429','clientAddress','claim.name'),('c0ce540e-66e2-492e-a17b-24933c3d9429','true','id.token.claim'),('c0ce540e-66e2-492e-a17b-24933c3d9429','true','introspection.token.claim'),('c0ce540e-66e2-492e-a17b-24933c3d9429','String','jsonType.label'),('c0ce540e-66e2-492e-a17b-24933c3d9429','clientAddress','user.session.note'),('c63a6713-47ab-45b5-bd8f-5212ed7e62d9','true','access.token.claim'),('c63a6713-47ab-45b5-bd8f-5212ed7e62d9','true','introspection.token.claim'),('c9180299-7746-4657-8223-75d46126df3e','true','access.token.claim'),('c9180299-7746-4657-8223-75d46126df3e','realm_access.roles','claim.name'),('c9180299-7746-4657-8223-75d46126df3e','true','introspection.token.claim'),('c9180299-7746-4657-8223-75d46126df3e','String','jsonType.label'),('c9180299-7746-4657-8223-75d46126df3e','true','multivalued'),('c9180299-7746-4657-8223-75d46126df3e','foo','user.attribute'),('cc0f1c35-df3a-46e0-aa9a-ce600bde9ae9','true','access.token.claim'),('cc0f1c35-df3a-46e0-aa9a-ce600bde9ae9','picture','claim.name'),('cc0f1c35-df3a-46e0-aa9a-ce600bde9ae9','true','id.token.claim'),('cc0f1c35-df3a-46e0-aa9a-ce600bde9ae9','true','introspection.token.claim'),('cc0f1c35-df3a-46e0-aa9a-ce600bde9ae9','String','jsonType.label'),('cc0f1c35-df3a-46e0-aa9a-ce600bde9ae9','picture','user.attribute'),('cc0f1c35-df3a-46e0-aa9a-ce600bde9ae9','true','userinfo.token.claim'),('d3038915-75ed-47cd-affe-2d47c53193f1','true','access.token.claim'),('d3038915-75ed-47cd-affe-2d47c53193f1','profile','claim.name'),('d3038915-75ed-47cd-affe-2d47c53193f1','true','id.token.claim'),('d3038915-75ed-47cd-affe-2d47c53193f1','true','introspection.token.claim'),('d3038915-75ed-47cd-affe-2d47c53193f1','String','jsonType.label'),('d3038915-75ed-47cd-affe-2d47c53193f1','profile','user.attribute'),('d3038915-75ed-47cd-affe-2d47c53193f1','true','userinfo.token.claim'),('d78c2c37-f2e9-4c6d-9938-4c12fcffcedc','true','access.token.claim'),('d78c2c37-f2e9-4c6d-9938-4c12fcffcedc','locale','claim.name'),('d78c2c37-f2e9-4c6d-9938-4c12fcffcedc','true','id.token.claim'),('d78c2c37-f2e9-4c6d-9938-4c12fcffcedc','true','introspection.token.claim'),('d78c2c37-f2e9-4c6d-9938-4c12fcffcedc','String','jsonType.label'),('d78c2c37-f2e9-4c6d-9938-4c12fcffcedc','locale','user.attribute'),('d78c2c37-f2e9-4c6d-9938-4c12fcffcedc','true','userinfo.token.claim'),('dd227b83-fa1e-4213-b567-4336ab249ab2','true','access.token.claim'),('dd227b83-fa1e-4213-b567-4336ab249ab2','clientHost','claim.name'),('dd227b83-fa1e-4213-b567-4336ab249ab2','true','id.token.claim'),('dd227b83-fa1e-4213-b567-4336ab249ab2','true','introspection.token.claim'),('dd227b83-fa1e-4213-b567-4336ab249ab2','String','jsonType.label'),('dd227b83-fa1e-4213-b567-4336ab249ab2','clientHost','user.session.note'),('de4c3c78-dbf6-4286-8dd2-cb6099ec43cf','true','access.token.claim'),('de4c3c78-dbf6-4286-8dd2-cb6099ec43cf','zoneinfo','claim.name'),('de4c3c78-dbf6-4286-8dd2-cb6099ec43cf','true','id.token.claim'),('de4c3c78-dbf6-4286-8dd2-cb6099ec43cf','true','introspection.token.claim'),('de4c3c78-dbf6-4286-8dd2-cb6099ec43cf','String','jsonType.label'),('de4c3c78-dbf6-4286-8dd2-cb6099ec43cf','zoneinfo','user.attribute'),('de4c3c78-dbf6-4286-8dd2-cb6099ec43cf','true','userinfo.token.claim'),('de4e7453-787a-4a1b-b9b3-247520e31406','true','access.token.claim'),('de4e7453-787a-4a1b-b9b3-247520e31406','profile','claim.name'),('de4e7453-787a-4a1b-b9b3-247520e31406','true','id.token.claim'),('de4e7453-787a-4a1b-b9b3-247520e31406','true','introspection.token.claim'),('de4e7453-787a-4a1b-b9b3-247520e31406','String','jsonType.label'),('de4e7453-787a-4a1b-b9b3-247520e31406','profile','user.attribute'),('de4e7453-787a-4a1b-b9b3-247520e31406','true','userinfo.token.claim'),('e42d48f4-53d4-4a20-a7cc-19ed884c307c','true','access.token.claim'),('e42d48f4-53d4-4a20-a7cc-19ed884c307c','preferred_username','claim.name'),('e42d48f4-53d4-4a20-a7cc-19ed884c307c','true','id.token.claim'),('e42d48f4-53d4-4a20-a7cc-19ed884c307c','true','introspection.token.claim'),('e42d48f4-53d4-4a20-a7cc-19ed884c307c','String','jsonType.label'),('e42d48f4-53d4-4a20-a7cc-19ed884c307c','username','user.attribute'),('e42d48f4-53d4-4a20-a7cc-19ed884c307c','true','userinfo.token.claim'),('e522f224-4716-42cb-90c9-ab32f3ec258d','true','access.token.claim'),('e522f224-4716-42cb-90c9-ab32f3ec258d','gender','claim.name'),('e522f224-4716-42cb-90c9-ab32f3ec258d','true','id.token.claim'),('e522f224-4716-42cb-90c9-ab32f3ec258d','true','introspection.token.claim'),('e522f224-4716-42cb-90c9-ab32f3ec258d','String','jsonType.label'),('e522f224-4716-42cb-90c9-ab32f3ec258d','gender','user.attribute'),('e522f224-4716-42cb-90c9-ab32f3ec258d','true','userinfo.token.claim'),('ef952b06-d50f-43bf-9965-7d7d549ed187','true','access.token.claim'),('ef952b06-d50f-43bf-9965-7d7d549ed187','true','id.token.claim'),('ef952b06-d50f-43bf-9965-7d7d549ed187','true','introspection.token.claim'),('ef952b06-d50f-43bf-9965-7d7d549ed187','true','userinfo.token.claim'),('f388ddb8-5125-4f64-a593-725a232153d8','true','access.token.claim'),('f388ddb8-5125-4f64-a593-725a232153d8','phone_number_verified','claim.name'),('f388ddb8-5125-4f64-a593-725a232153d8','true','id.token.claim'),('f388ddb8-5125-4f64-a593-725a232153d8','true','introspection.token.claim'),('f388ddb8-5125-4f64-a593-725a232153d8','boolean','jsonType.label'),('f388ddb8-5125-4f64-a593-725a232153d8','phoneNumberVerified','user.attribute'),('f388ddb8-5125-4f64-a593-725a232153d8','true','userinfo.token.claim'),('f42a1323-2644-4817-bab8-31e24854c033','true','access.token.claim'),('f42a1323-2644-4817-bab8-31e24854c033','phone_number_verified','claim.name'),('f42a1323-2644-4817-bab8-31e24854c033','true','id.token.claim'),('f42a1323-2644-4817-bab8-31e24854c033','true','introspection.token.claim'),('f42a1323-2644-4817-bab8-31e24854c033','boolean','jsonType.label'),('f42a1323-2644-4817-bab8-31e24854c033','phoneNumberVerified','user.attribute'),('f42a1323-2644-4817-bab8-31e24854c033','true','userinfo.token.claim'),('f5c2d41e-1fd0-4179-8189-2c6071b32359','true','access.token.claim'),('f5c2d41e-1fd0-4179-8189-2c6071b32359','phone_number','claim.name'),('f5c2d41e-1fd0-4179-8189-2c6071b32359','true','id.token.claim'),('f5c2d41e-1fd0-4179-8189-2c6071b32359','true','introspection.token.claim'),('f5c2d41e-1fd0-4179-8189-2c6071b32359','String','jsonType.label'),('f5c2d41e-1fd0-4179-8189-2c6071b32359','phoneNumber','user.attribute'),('f5c2d41e-1fd0-4179-8189-2c6071b32359','true','userinfo.token.claim'),('fa1b71f2-1823-4740-86b9-0516d773466e','true','access.token.claim'),('fa1b71f2-1823-4740-86b9-0516d773466e','email','claim.name'),('fa1b71f2-1823-4740-86b9-0516d773466e','true','id.token.claim'),('fa1b71f2-1823-4740-86b9-0516d773466e','true','introspection.token.claim'),('fa1b71f2-1823-4740-86b9-0516d773466e','String','jsonType.label'),('fa1b71f2-1823-4740-86b9-0516d773466e','email','user.attribute'),('fa1b71f2-1823-4740-86b9-0516d773466e','true','userinfo.token.claim'),('ff707177-51c4-4d57-8a94-3bbc5b056733','true','access.token.claim'),('ff707177-51c4-4d57-8a94-3bbc5b056733','client_id','claim.name'),('ff707177-51c4-4d57-8a94-3bbc5b056733','true','id.token.claim'),('ff707177-51c4-4d57-8a94-3bbc5b056733','true','introspection.token.claim'),('ff707177-51c4-4d57-8a94-3bbc5b056733','String','jsonType.label'),('ff707177-51c4-4d57-8a94-3bbc5b056733','client_id','user.session.note');
/*!40000 ALTER TABLE `PROTOCOL_MAPPER_CONFIG` ENABLE KEYS */;
UNLOCK TABLES;

--
-- Table structure for table `REALM`
--

DROP TABLE IF EXISTS `REALM`;
/*!40101 SET @saved_cs_client     = @@character_set_client */;
/*!50503 SET character_set_client = utf8mb4 */;
CREATE TABLE `REALM` (
  `ID` varchar(36) NOT NULL,
  `ACCESS_CODE_LIFESPAN` int DEFAULT NULL,
  `USER_ACTION_LIFESPAN` int DEFAULT NULL,
  `ACCESS_TOKEN_LIFESPAN` int DEFAULT NULL,
  `ACCOUNT_THEME` varchar(255) DEFAULT NULL,
  `ADMIN_THEME` varchar(255) DEFAULT NULL,
  `EMAIL_THEME` varchar(255) DEFAULT NULL,
  `ENABLED` tinyint NOT NULL DEFAULT '0',
  `EVENTS_ENABLED` tinyint NOT NULL DEFAULT '0',
  `EVENTS_EXPIRATION` bigint DEFAULT NULL,
  `LOGIN_THEME` varchar(255) DEFAULT NULL,
  `NAME` varchar(255) DEFAULT NULL,
  `NOT_BEFORE` int DEFAULT NULL,
  `PASSWORD_POLICY` text,
  `REGISTRATION_ALLOWED` tinyint NOT NULL DEFAULT '0',
  `REMEMBER_ME` tinyint NOT NULL DEFAULT '0',
  `RESET_PASSWORD_ALLOWED` tinyint NOT NULL DEFAULT '0',
  `SOCIAL` tinyint NOT NULL DEFAULT '0',
  `SSL_REQUIRED` varchar(255) DEFAULT NULL,
  `SSO_IDLE_TIMEOUT` int DEFAULT NULL,
  `SSO_MAX_LIFESPAN` int DEFAULT NULL,
  `UPDATE_PROFILE_ON_SOC_LOGIN` tinyint NOT NULL DEFAULT '0',
  `VERIFY_EMAIL` tinyint NOT NULL DEFAULT '0',
  `MASTER_ADMIN_CLIENT` varchar(36) DEFAULT NULL,
  `LOGIN_LIFESPAN` int DEFAULT NULL,
  `INTERNATIONALIZATION_ENABLED` tinyint NOT NULL DEFAULT '0',
  `DEFAULT_LOCALE` varchar(255) DEFAULT NULL,
  `REG_EMAIL_AS_USERNAME` tinyint NOT NULL DEFAULT '0',
  `ADMIN_EVENTS_ENABLED` tinyint NOT NULL DEFAULT '0',
  `ADMIN_EVENTS_DETAILS_ENABLED` tinyint NOT NULL DEFAULT '0',
  `EDIT_USERNAME_ALLOWED` tinyint NOT NULL DEFAULT '0',
  `OTP_POLICY_COUNTER` int DEFAULT '0',
  `OTP_POLICY_WINDOW` int DEFAULT '1',
  `OTP_POLICY_PERIOD` int DEFAULT '30',
  `OTP_POLICY_DIGITS` int DEFAULT '6',
  `OTP_POLICY_ALG` varchar(36) DEFAULT 'HmacSHA1',
  `OTP_POLICY_TYPE` varchar(36) DEFAULT 'totp',
  `BROWSER_FLOW` varchar(36) DEFAULT NULL,
  `REGISTRATION_FLOW` varchar(36) DEFAULT NULL,
  `DIRECT_GRANT_FLOW` varchar(36) DEFAULT NULL,
  `RESET_CREDENTIALS_FLOW` varchar(36) DEFAULT NULL,
  `CLIENT_AUTH_FLOW` varchar(36) DEFAULT NULL,
  `OFFLINE_SESSION_IDLE_TIMEOUT` int DEFAULT '0',
  `REVOKE_REFRESH_TOKEN` tinyint NOT NULL DEFAULT '0',
  `ACCESS_TOKEN_LIFE_IMPLICIT` int DEFAULT '0',
  `LOGIN_WITH_EMAIL_ALLOWED` tinyint NOT NULL DEFAULT '1',
  `DUPLICATE_EMAILS_ALLOWED` tinyint NOT NULL DEFAULT '0',
  `DOCKER_AUTH_FLOW` varchar(36) DEFAULT NULL,
  `REFRESH_TOKEN_MAX_REUSE` int DEFAULT '0',
  `ALLOW_USER_MANAGED_ACCESS` tinyint NOT NULL DEFAULT '0',
  `SSO_MAX_LIFESPAN_REMEMBER_ME` int NOT NULL,
  `SSO_IDLE_TIMEOUT_REMEMBER_ME` int NOT NULL,
  `DEFAULT_ROLE` varchar(255) DEFAULT NULL,
  PRIMARY KEY (`ID`),
  UNIQUE KEY `UK_ORVSDMLA56612EAEFIQ6WL5OI` (`NAME`),
  KEY `IDX_REALM_MASTER_ADM_CLI` (`MASTER_ADMIN_CLIENT`)
) ENGINE=InnoDB DEFAULT CHARSET=utf8mb4 COLLATE=utf8mb4_0900_ai_ci;
/*!40101 SET character_set_client = @saved_cs_client */;

--
-- Dumping data for table `REALM`
--

LOCK TABLES `REALM` WRITE;
/*!40000 ALTER TABLE `REALM` DISABLE KEYS */;
INSERT INTO `REALM` VALUES ('e50ee46d-dbef-4c14-8389-4018de132723',60,300,300,NULL,NULL,NULL,1,1,0,NULL,'myrealm',0,'specialChars(1)',1,1,1,0,'EXTERNAL',1800,36000,0,0,'abde16d7-a58f-4caa-ad9d-54e15ab1de94',1800,0,NULL,0,1,0,0,0,1,30,6,'HmacSHA1','totp','e390193a-63e2-4e52-a5de-ffb56c1d20e2','e2e6db4e-c0d9-4fef-abd1-363f038661fc','b81c475c-1e2a-4e47-a4a2-4b4859ec7a41','da19da4d-68c6-4b67-bbdf-2e197c3786a0','854ecd23-ce94-4369-b17d-0853054e8922',2592000,0,900,1,0,'d779ea90-eddb-4179-8904-0bafb25acad1',0,0,0,0,'b9182ff2-251f-4883-bfd5-4d08f52674eb'),('f1946406-82b6-4136-8051-6fb1a90c99f5',60,300,60,NULL,NULL,NULL,1,0,0,NULL,'master',0,NULL,0,0,0,0,'EXTERNAL',1800,36000,0,0,'4c20a7bd-9883-490d-abfc-58b25911af28',1800,0,NULL,0,0,0,0,0,1,30,6,'HmacSHA1','totp','67c647ae-ee8b-43fd-ab04-ee6d027ede3d','88fdeb9f-8865-4749-bea5-066af9f5df88','e6c35908-4ab0-4f6e-afc7-2aa2c846cc21','656042a7-5491-4e99-8458-2dfd59bb39aa','3b7e9f91-3236-4041-a5d5-8c1e01b552ce',2592000,0,900,1,0,'0409f2b6-2cb0-4709-a243-8ac2d1911d74',0,0,0,0,'d4fa13c7-4c29-4518-8193-efe568f9796d');
/*!40000 ALTER TABLE `REALM` ENABLE KEYS */;
UNLOCK TABLES;

--
-- Table structure for table `REALM_ATTRIBUTE`
--

DROP TABLE IF EXISTS `REALM_ATTRIBUTE`;
/*!40101 SET @saved_cs_client     = @@character_set_client */;
/*!50503 SET character_set_client = utf8mb4 */;
CREATE TABLE `REALM_ATTRIBUTE` (
  `NAME` varchar(255) NOT NULL,
  `REALM_ID` varchar(36) NOT NULL,
  `VALUE` longtext CHARACTER SET utf8mb3 COLLATE utf8mb3_general_ci,
  PRIMARY KEY (`NAME`,`REALM_ID`),
  KEY `IDX_REALM_ATTR_REALM` (`REALM_ID`),
  CONSTRAINT `FK_8SHXD6L3E9ATQUKACXGPFFPTW` FOREIGN KEY (`REALM_ID`) REFERENCES `REALM` (`ID`)
) ENGINE=InnoDB DEFAULT CHARSET=utf8mb4 COLLATE=utf8mb4_0900_ai_ci;
/*!40101 SET character_set_client = @saved_cs_client */;

--
-- Dumping data for table `REALM_ATTRIBUTE`
--

LOCK TABLES `REALM_ATTRIBUTE` WRITE;
/*!40000 ALTER TABLE `REALM_ATTRIBUTE` DISABLE KEYS */;
INSERT INTO `REALM_ATTRIBUTE` VALUES ('_browser_header.contentSecurityPolicy','e50ee46d-dbef-4c14-8389-4018de132723','frame-src \'self\'; frame-ancestors \'self\'; object-src \'none\';'),('_browser_header.contentSecurityPolicy','f1946406-82b6-4136-8051-6fb1a90c99f5','frame-src \'self\'; frame-ancestors \'self\'; object-src \'none\';'),('_browser_header.contentSecurityPolicyReportOnly','e50ee46d-dbef-4c14-8389-4018de132723',''),('_browser_header.contentSecurityPolicyReportOnly','f1946406-82b6-4136-8051-6fb1a90c99f5',''),('_browser_header.referrerPolicy','e50ee46d-dbef-4c14-8389-4018de132723','no-referrer'),('_browser_header.referrerPolicy','f1946406-82b6-4136-8051-6fb1a90c99f5','no-referrer'),('_browser_header.strictTransportSecurity','e50ee46d-dbef-4c14-8389-4018de132723','max-age=31536000; includeSubDomains'),('_browser_header.strictTransportSecurity','f1946406-82b6-4136-8051-6fb1a90c99f5','max-age=31536000; includeSubDomains'),('_browser_header.xContentTypeOptions','e50ee46d-dbef-4c14-8389-4018de132723','nosniff'),('_browser_header.xContentTypeOptions','f1946406-82b6-4136-8051-6fb1a90c99f5','nosniff'),('_browser_header.xFrameOptions','e50ee46d-dbef-4c14-8389-4018de132723','SAMEORIGIN'),('_browser_header.xFrameOptions','f1946406-82b6-4136-8051-6fb1a90c99f5','SAMEORIGIN'),('_browser_header.xRobotsTag','e50ee46d-dbef-4c14-8389-4018de132723','none'),('_browser_header.xRobotsTag','f1946406-82b6-4136-8051-6fb1a90c99f5','none'),('_browser_header.xXSSProtection','e50ee46d-dbef-4c14-8389-4018de132723','1; mode=block'),('_browser_header.xXSSProtection','f1946406-82b6-4136-8051-6fb1a90c99f5','1; mode=block'),('acr.loa.map','e50ee46d-dbef-4c14-8389-4018de132723','{}'),('actionTokenGeneratedByAdminLifespan','e50ee46d-dbef-4c14-8389-4018de132723','43200'),('actionTokenGeneratedByUserLifespan','e50ee46d-dbef-4c14-8389-4018de132723','300'),('actionTokenGeneratedByUserLifespan.execute-actions','e50ee46d-dbef-4c14-8389-4018de132723',''),('actionTokenGeneratedByUserLifespan.idp-verify-account-via-email','e50ee46d-dbef-4c14-8389-4018de132723',''),('actionTokenGeneratedByUserLifespan.reset-credentials','e50ee46d-dbef-4c14-8389-4018de132723',''),('actionTokenGeneratedByUserLifespan.verify-email','e50ee46d-dbef-4c14-8389-4018de132723',''),('adminEventsExpiration','e50ee46d-dbef-4c14-8389-4018de132723',''),('adminPermissionsEnabled','e50ee46d-dbef-4c14-8389-4018de132723','false'),('bruteForceProtected','e50ee46d-dbef-4c14-8389-4018de132723','false'),('bruteForceProtected','f1946406-82b6-4136-8051-6fb1a90c99f5','false'),('bruteForceStrategy','e50ee46d-dbef-4c14-8389-4018de132723','MULTIPLE'),('bruteForceStrategy','f1946406-82b6-4136-8051-6fb1a90c99f5','MULTIPLE'),('cibaAuthRequestedUserHint','e50ee46d-dbef-4c14-8389-4018de132723','login_hint'),('cibaBackchannelTokenDeliveryMode','e50ee46d-dbef-4c14-8389-4018de132723','poll'),('cibaExpiresIn','e50ee46d-dbef-4c14-8389-4018de132723','120'),('cibaInterval','e50ee46d-dbef-4c14-8389-4018de132723','5'),('client-policies.policies','e50ee46d-dbef-4c14-8389-4018de132723','{\"policies\":[]}'),('client-policies.profiles','e50ee46d-dbef-4c14-8389-4018de132723','{\"profiles\":[]}'),('clientOfflineSessionIdleTimeout','e50ee46d-dbef-4c14-8389-4018de132723','0'),('clientOfflineSessionMaxLifespan','e50ee46d-dbef-4c14-8389-4018de132723','0'),('clientSessionIdleTimeout','e50ee46d-dbef-4c14-8389-4018de132723','0'),('clientSessionMaxLifespan','e50ee46d-dbef-4c14-8389-4018de132723','0'),('defaultSignatureAlgorithm','e50ee46d-dbef-4c14-8389-4018de132723','RS256'),('defaultSignatureAlgorithm','f1946406-82b6-4136-8051-6fb1a90c99f5','RS256'),('displayName','e50ee46d-dbef-4c14-8389-4018de132723',''),('displayName','f1946406-82b6-4136-8051-6fb1a90c99f5','Keycloak'),('displayNameHtml','e50ee46d-dbef-4c14-8389-4018de132723',''),('displayNameHtml','f1946406-82b6-4136-8051-6fb1a90c99f5','<div class=\"kc-logo-text\"><span>Keycloak</span></div>'),('failureFactor','e50ee46d-dbef-4c14-8389-4018de132723','30'),('failureFactor','f1946406-82b6-4136-8051-6fb1a90c99f5','30'),('firstBrokerLoginFlowId','e50ee46d-dbef-4c14-8389-4018de132723','d9938d1b-a01a-410c-8fc5-a732a42e16b5'),('firstBrokerLoginFlowId','f1946406-82b6-4136-8051-6fb1a90c99f5','a42eef3e-bae5-4db2-bee2-caadb62e2fc7'),('frontendUrl','e50ee46d-dbef-4c14-8389-4018de132723',''),('maxDeltaTimeSeconds','e50ee46d-dbef-4c14-8389-4018de132723','43200'),('maxDeltaTimeSeconds','f1946406-82b6-4136-8051-6fb1a90c99f5','43200'),('maxFailureWaitSeconds','e50ee46d-dbef-4c14-8389-4018de132723','900'),('maxFailureWaitSeconds','f1946406-82b6-4136-8051-6fb1a90c99f5','900'),('maxTemporaryLockouts','e50ee46d-dbef-4c14-8389-4018de132723','0'),('maxTemporaryLockouts','f1946406-82b6-4136-8051-6fb1a90c99f5','0'),('minimumQuickLoginWaitSeconds','e50ee46d-dbef-4c14-8389-4018de132723','60'),('minimumQuickLoginWaitSeconds','f1946406-82b6-4136-8051-6fb1a90c99f5','60'),('oauth2DeviceCodeLifespan','e50ee46d-dbef-4c14-8389-4018de132723','36000'),('oauth2DevicePollingInterval','e50ee46d-dbef-4c14-8389-4018de132723','5'),('offlineSessionMaxLifespan','e50ee46d-dbef-4c14-8389-4018de132723','5184000'),('offlineSessionMaxLifespan','f1946406-82b6-4136-8051-6fb1a90c99f5','5184000'),('offlineSessionMaxLifespanEnabled','e50ee46d-dbef-4c14-8389-4018de132723','false'),('offlineSessionMaxLifespanEnabled','f1946406-82b6-4136-8051-6fb1a90c99f5','false'),('organizationsEnabled','e50ee46d-dbef-4c14-8389-4018de132723','false'),('parRequestUriLifespan','e50ee46d-dbef-4c14-8389-4018de132723','60'),('permanentLockout','e50ee46d-dbef-4c14-8389-4018de132723','false'),('permanentLockout','f1946406-82b6-4136-8051-6fb1a90c99f5','false'),('quickLoginCheckMilliSeconds','e50ee46d-dbef-4c14-8389-4018de132723','1000'),('quickLoginCheckMilliSeconds','f1946406-82b6-4136-8051-6fb1a90c99f5','1000'),('realmReusableOtpCode','e50ee46d-dbef-4c14-8389-4018de132723','false'),('realmReusableOtpCode','f1946406-82b6-4136-8051-6fb1a90c99f5','false'),('shortVerificationUri','e50ee46d-dbef-4c14-8389-4018de132723',''),('verifiableCredentialsEnabled','e50ee46d-dbef-4c14-8389-4018de132723','false'),('waitIncrementSeconds','e50ee46d-dbef-4c14-8389-4018de132723','60'),('waitIncrementSeconds','f1946406-82b6-4136-8051-6fb1a90c99f5','60'),('webAuthnPolicyAttestationConveyancePreference','e50ee46d-dbef-4c14-8389-4018de132723','not specified'),('webAuthnPolicyAttestationConveyancePreferencePasswordless','e50ee46d-dbef-4c14-8389-4018de132723','not specified'),('webAuthnPolicyAuthenticatorAttachment','e50ee46d-dbef-4c14-8389-4018de132723','not specified'),('webAuthnPolicyAuthenticatorAttachmentPasswordless','e50ee46d-dbef-4c14-8389-4018de132723','not specified'),('webAuthnPolicyAvoidSameAuthenticatorRegister','e50ee46d-dbef-4c14-8389-4018de132723','false'),('webAuthnPolicyAvoidSameAuthenticatorRegisterPasswordless','e50ee46d-dbef-4c14-8389-4018de132723','false'),('webAuthnPolicyCreateTimeout','e50ee46d-dbef-4c14-8389-4018de132723','0'),('webAuthnPolicyCreateTimeoutPasswordless','e50ee46d-dbef-4c14-8389-4018de132723','0'),('webAuthnPolicyRequireResidentKey','e50ee46d-dbef-4c14-8389-4018de132723','not specified'),('webAuthnPolicyRequireResidentKeyPasswordless','e50ee46d-dbef-4c14-8389-4018de132723','not specified'),('webAuthnPolicyRpEntityName','e50ee46d-dbef-4c14-8389-4018de132723','keycloak'),('webAuthnPolicyRpEntityNamePasswordless','e50ee46d-dbef-4c14-8389-4018de132723','keycloak'),('webAuthnPolicyRpId','e50ee46d-dbef-4c14-8389-4018de132723',''),('webAuthnPolicyRpIdPasswordless','e50ee46d-dbef-4c14-8389-4018de132723',''),('webAuthnPolicySignatureAlgorithms','e50ee46d-dbef-4c14-8389-4018de132723','ES256,RS256'),('webAuthnPolicySignatureAlgorithmsPasswordless','e50ee46d-dbef-4c14-8389-4018de132723','ES256,RS256'),('webAuthnPolicyUserVerificationRequirement','e50ee46d-dbef-4c14-8389-4018de132723','not specified'),('webAuthnPolicyUserVerificationRequirementPasswordless','e50ee46d-dbef-4c14-8389-4018de132723','not specified');
/*!40000 ALTER TABLE `REALM_ATTRIBUTE` ENABLE KEYS */;
UNLOCK TABLES;

--
-- Table structure for table `REALM_DEFAULT_GROUPS`
--

DROP TABLE IF EXISTS `REALM_DEFAULT_GROUPS`;
/*!40101 SET @saved_cs_client     = @@character_set_client */;
/*!50503 SET character_set_client = utf8mb4 */;
CREATE TABLE `REALM_DEFAULT_GROUPS` (
  `REALM_ID` varchar(36) NOT NULL,
  `GROUP_ID` varchar(36) NOT NULL,
  PRIMARY KEY (`REALM_ID`,`GROUP_ID`),
  UNIQUE KEY `CON_GROUP_ID_DEF_GROUPS` (`GROUP_ID`),
  KEY `IDX_REALM_DEF_GRP_REALM` (`REALM_ID`),
  CONSTRAINT `FK_DEF_GROUPS_REALM` FOREIGN KEY (`REALM_ID`) REFERENCES `REALM` (`ID`)
) ENGINE=InnoDB DEFAULT CHARSET=utf8mb4 COLLATE=utf8mb4_0900_ai_ci;
/*!40101 SET character_set_client = @saved_cs_client */;

--
-- Dumping data for table `REALM_DEFAULT_GROUPS`
--

LOCK TABLES `REALM_DEFAULT_GROUPS` WRITE;
/*!40000 ALTER TABLE `REALM_DEFAULT_GROUPS` DISABLE KEYS */;
/*!40000 ALTER TABLE `REALM_DEFAULT_GROUPS` ENABLE KEYS */;
UNLOCK TABLES;

--
-- Table structure for table `REALM_ENABLED_EVENT_TYPES`
--

DROP TABLE IF EXISTS `REALM_ENABLED_EVENT_TYPES`;
/*!40101 SET @saved_cs_client     = @@character_set_client */;
/*!50503 SET character_set_client = utf8mb4 */;
CREATE TABLE `REALM_ENABLED_EVENT_TYPES` (
  `REALM_ID` varchar(36) NOT NULL,
  `VALUE` varchar(255) NOT NULL,
  PRIMARY KEY (`REALM_ID`,`VALUE`),
  KEY `IDX_REALM_EVT_TYPES_REALM` (`REALM_ID`),
  CONSTRAINT `FK_H846O4H0W8EPX5NWEDRF5Y69J` FOREIGN KEY (`REALM_ID`) REFERENCES `REALM` (`ID`)
) ENGINE=InnoDB DEFAULT CHARSET=utf8mb4 COLLATE=utf8mb4_0900_ai_ci;
/*!40101 SET character_set_client = @saved_cs_client */;

--
-- Dumping data for table `REALM_ENABLED_EVENT_TYPES`
--

LOCK TABLES `REALM_ENABLED_EVENT_TYPES` WRITE;
/*!40000 ALTER TABLE `REALM_ENABLED_EVENT_TYPES` DISABLE KEYS */;
INSERT INTO `REALM_ENABLED_EVENT_TYPES` VALUES ('e50ee46d-dbef-4c14-8389-4018de132723','AUTHREQID_TO_TOKEN'),('e50ee46d-dbef-4c14-8389-4018de132723','AUTHREQID_TO_TOKEN_ERROR'),('e50ee46d-dbef-4c14-8389-4018de132723','CLIENT_DELETE'),('e50ee46d-dbef-4c14-8389-4018de132723','CLIENT_DELETE_ERROR'),('e50ee46d-dbef-4c14-8389-4018de132723','CLIENT_INITIATED_ACCOUNT_LINKING'),('e50ee46d-dbef-4c14-8389-4018de132723','CLIENT_INITIATED_ACCOUNT_LINKING_ERROR'),('e50ee46d-dbef-4c14-8389-4018de132723','CLIENT_LOGIN'),('e50ee46d-dbef-4c14-8389-4018de132723','CLIENT_LOGIN_ERROR'),('e50ee46d-dbef-4c14-8389-4018de132723','CLIENT_REGISTER'),('e50ee46d-dbef-4c14-8389-4018de132723','CLIENT_REGISTER_ERROR'),('e50ee46d-dbef-4c14-8389-4018de132723','CLIENT_UPDATE'),('e50ee46d-dbef-4c14-8389-4018de132723','CLIENT_UPDATE_ERROR'),('e50ee46d-dbef-4c14-8389-4018de132723','CODE_TO_TOKEN'),('e50ee46d-dbef-4c14-8389-4018de132723','CODE_TO_TOKEN_ERROR'),('e50ee46d-dbef-4c14-8389-4018de132723','CUSTOM_REQUIRED_ACTION'),('e50ee46d-dbef-4c14-8389-4018de132723','CUSTOM_REQUIRED_ACTION_ERROR'),('e50ee46d-dbef-4c14-8389-4018de132723','DELETE_ACCOUNT'),('e50ee46d-dbef-4c14-8389-4018de132723','DELETE_ACCOUNT_ERROR'),('e50ee46d-dbef-4c14-8389-4018de132723','EXECUTE_ACTION_TOKEN'),('e50ee46d-dbef-4c14-8389-4018de132723','EXECUTE_ACTION_TOKEN_ERROR'),('e50ee46d-dbef-4c14-8389-4018de132723','EXECUTE_ACTIONS'),('e50ee46d-dbef-4c14-8389-4018de132723','EXECUTE_ACTIONS_ERROR'),('e50ee46d-dbef-4c14-8389-4018de132723','FEDERATED_IDENTITY_LINK'),('e50ee46d-dbef-4c14-8389-4018de132723','FEDERATED_IDENTITY_LINK_ERROR'),('e50ee46d-dbef-4c14-8389-4018de132723','FEDERATED_IDENTITY_OVERRIDE_LINK'),('e50ee46d-dbef-4c14-8389-4018de132723','FEDERATED_IDENTITY_OVERRIDE_LINK_ERROR'),('e50ee46d-dbef-4c14-8389-4018de132723','GRANT_CONSENT'),('e50ee46d-dbef-4c14-8389-4018de132723','GRANT_CONSENT_ERROR'),('e50ee46d-dbef-4c14-8389-4018de132723','IDENTITY_PROVIDER_FIRST_LOGIN'),('e50ee46d-dbef-4c14-8389-4018de132723','IDENTITY_PROVIDER_FIRST_LOGIN_ERROR'),('e50ee46d-dbef-4c14-8389-4018de132723','IDENTITY_PROVIDER_LINK_ACCOUNT'),('e50ee46d-dbef-4c14-8389-4018de132723','IDENTITY_PROVIDER_LINK_ACCOUNT_ERROR'),('e50ee46d-dbef-4c14-8389-4018de132723','IDENTITY_PROVIDER_POST_LOGIN'),('e50ee46d-dbef-4c14-8389-4018de132723','IDENTITY_PROVIDER_POST_LOGIN_ERROR'),('e50ee46d-dbef-4c14-8389-4018de132723','IMPERSONATE'),('e50ee46d-dbef-4c14-8389-4018de132723','IMPERSONATE_ERROR'),('e50ee46d-dbef-4c14-8389-4018de132723','INVITE_ORG'),('e50ee46d-dbef-4c14-8389-4018de132723','INVITE_ORG_ERROR'),('e50ee46d-dbef-4c14-8389-4018de132723','LOGIN'),('e50ee46d-dbef-4c14-8389-4018de132723','LOGIN_ERROR'),('e50ee46d-dbef-4c14-8389-4018de132723','LOGOUT'),('e50ee46d-dbef-4c14-8389-4018de132723','LOGOUT_ERROR'),('e50ee46d-dbef-4c14-8389-4018de132723','OAUTH2_DEVICE_AUTH'),('e50ee46d-dbef-4c14-8389-4018de132723','OAUTH2_DEVICE_AUTH_ERROR'),('e50ee46d-dbef-4c14-8389-4018de132723','OAUTH2_DEVICE_CODE_TO_TOKEN'),('e50ee46d-dbef-4c14-8389-4018de132723','OAUTH2_DEVICE_CODE_TO_TOKEN_ERROR'),('e50ee46d-dbef-4c14-8389-4018de132723','OAUTH2_DEVICE_VERIFY_USER_CODE'),('e50ee46d-dbef-4c14-8389-4018de132723','OAUTH2_DEVICE_VERIFY_USER_CODE_ERROR'),('e50ee46d-dbef-4c14-8389-4018de132723','OAUTH2_EXTENSION_GRANT'),('e50ee46d-dbef-4c14-8389-4018de132723','OAUTH2_EXTENSION_GRANT_ERROR'),('e50ee46d-dbef-4c14-8389-4018de132723','PERMISSION_TOKEN'),('e50ee46d-dbef-4c14-8389-4018de132723','REGISTER'),('e50ee46d-dbef-4c14-8389-4018de132723','REGISTER_ERROR'),('e50ee46d-dbef-4c14-8389-4018de132723','REMOVE_CREDENTIAL'),('e50ee46d-dbef-4c14-8389-4018de132723','REMOVE_CREDENTIAL_ERROR'),('e50ee46d-dbef-4c14-8389-4018de132723','REMOVE_FEDERATED_IDENTITY'),('e50ee46d-dbef-4c14-8389-4018de132723','REMOVE_FEDERATED_IDENTITY_ERROR'),('e50ee46d-dbef-4c14-8389-4018de132723','REMOVE_TOTP'),('e50ee46d-dbef-4c14-8389-4018de132723','REMOVE_TOTP_ERROR'),('e50ee46d-dbef-4c14-8389-4018de132723','RESET_PASSWORD'),('e50ee46d-dbef-4c14-8389-4018de132723','RESET_PASSWORD_ERROR'),('e50ee46d-dbef-4c14-8389-4018de132723','RESTART_AUTHENTICATION'),('e50ee46d-dbef-4c14-8389-4018de132723','RESTART_AUTHENTICATION_ERROR'),('e50ee46d-dbef-4c14-8389-4018de132723','REVOKE_GRANT'),('e50ee46d-dbef-4c14-8389-4018de132723','REVOKE_GRANT_ERROR'),('e50ee46d-dbef-4c14-8389-4018de132723','SEND_IDENTITY_PROVIDER_LINK'),('e50ee46d-dbef-4c14-8389-4018de132723','SEND_IDENTITY_PROVIDER_LINK_ERROR'),('e50ee46d-dbef-4c14-8389-4018de132723','SEND_RESET_PASSWORD'),('e50ee46d-dbef-4c14-8389-4018de132723','SEND_RESET_PASSWORD_ERROR'),('e50ee46d-dbef-4c14-8389-4018de132723','SEND_VERIFY_EMAIL'),('e50ee46d-dbef-4c14-8389-4018de132723','SEND_VERIFY_EMAIL_ERROR'),('e50ee46d-dbef-4c14-8389-4018de132723','TOKEN_EXCHANGE'),('e50ee46d-dbef-4c14-8389-4018de132723','TOKEN_EXCHANGE_ERROR'),('e50ee46d-dbef-4c14-8389-4018de132723','UPDATE_CONSENT'),('e50ee46d-dbef-4c14-8389-4018de132723','UPDATE_CONSENT_ERROR'),('e50ee46d-dbef-4c14-8389-4018de132723','UPDATE_CREDENTIAL'),('e50ee46d-dbef-4c14-8389-4018de132723','UPDATE_CREDENTIAL_ERROR'),('e50ee46d-dbef-4c14-8389-4018de132723','UPDATE_EMAIL'),('e50ee46d-dbef-4c14-8389-4018de132723','UPDATE_EMAIL_ERROR'),('e50ee46d-dbef-4c14-8389-4018de132723','UPDATE_PASSWORD'),('e50ee46d-dbef-4c14-8389-4018de132723','UPDATE_PASSWORD_ERROR'),('e50ee46d-dbef-4c14-8389-4018de132723','UPDATE_PROFILE'),('e50ee46d-dbef-4c14-8389-4018de132723','UPDATE_PROFILE_ERROR'),('e50ee46d-dbef-4c14-8389-4018de132723','UPDATE_TOTP'),('e50ee46d-dbef-4c14-8389-4018de132723','UPDATE_TOTP_ERROR'),('e50ee46d-dbef-4c14-8389-4018de132723','USER_DISABLED_BY_PERMANENT_LOCKOUT'),('e50ee46d-dbef-4c14-8389-4018de132723','USER_DISABLED_BY_TEMPORARY_LOCKOUT'),('e50ee46d-dbef-4c14-8389-4018de132723','VERIFY_EMAIL'),('e50ee46d-dbef-4c14-8389-4018de132723','VERIFY_EMAIL_ERROR'),('e50ee46d-dbef-4c14-8389-4018de132723','VERIFY_PROFILE'),('e50ee46d-dbef-4c14-8389-4018de132723','VERIFY_PROFILE_ERROR');
/*!40000 ALTER TABLE `REALM_ENABLED_EVENT_TYPES` ENABLE KEYS */;
UNLOCK TABLES;

--
-- Table structure for table `REALM_EVENTS_LISTENERS`
--

DROP TABLE IF EXISTS `REALM_EVENTS_LISTENERS`;
/*!40101 SET @saved_cs_client     = @@character_set_client */;
/*!50503 SET character_set_client = utf8mb4 */;
CREATE TABLE `REALM_EVENTS_LISTENERS` (
  `REALM_ID` varchar(36) NOT NULL,
  `VALUE` varchar(255) NOT NULL,
  PRIMARY KEY (`REALM_ID`,`VALUE`),
  KEY `IDX_REALM_EVT_LIST_REALM` (`REALM_ID`),
  CONSTRAINT `FK_H846O4H0W8EPX5NXEV9F5Y69J` FOREIGN KEY (`REALM_ID`) REFERENCES `REALM` (`ID`)
) ENGINE=InnoDB DEFAULT CHARSET=utf8mb4 COLLATE=utf8mb4_0900_ai_ci;
/*!40101 SET character_set_client = @saved_cs_client */;

--
-- Dumping data for table `REALM_EVENTS_LISTENERS`
--

LOCK TABLES `REALM_EVENTS_LISTENERS` WRITE;
/*!40000 ALTER TABLE `REALM_EVENTS_LISTENERS` DISABLE KEYS */;
INSERT INTO `REALM_EVENTS_LISTENERS` VALUES ('e50ee46d-dbef-4c14-8389-4018de132723','trainer-provisioning-listener'),('f1946406-82b6-4136-8051-6fb1a90c99f5','jboss-logging');
/*!40000 ALTER TABLE `REALM_EVENTS_LISTENERS` ENABLE KEYS */;
UNLOCK TABLES;

--
-- Table structure for table `REALM_LOCALIZATIONS`
--

DROP TABLE IF EXISTS `REALM_LOCALIZATIONS`;
/*!40101 SET @saved_cs_client     = @@character_set_client */;
/*!50503 SET character_set_client = utf8mb4 */;
CREATE TABLE `REALM_LOCALIZATIONS` (
  `REALM_ID` varchar(255) NOT NULL,
  `LOCALE` varchar(255) NOT NULL,
  `TEXTS` longtext CHARACTER SET utf8mb3 COLLATE utf8mb3_general_ci NOT NULL,
  PRIMARY KEY (`REALM_ID`,`LOCALE`)
) ENGINE=InnoDB DEFAULT CHARSET=utf8mb4 COLLATE=utf8mb4_0900_ai_ci;
/*!40101 SET character_set_client = @saved_cs_client */;

--
-- Dumping data for table `REALM_LOCALIZATIONS`
--

LOCK TABLES `REALM_LOCALIZATIONS` WRITE;
/*!40000 ALTER TABLE `REALM_LOCALIZATIONS` DISABLE KEYS */;
/*!40000 ALTER TABLE `REALM_LOCALIZATIONS` ENABLE KEYS */;
UNLOCK TABLES;

--
-- Table structure for table `REALM_REQUIRED_CREDENTIAL`
--

DROP TABLE IF EXISTS `REALM_REQUIRED_CREDENTIAL`;
/*!40101 SET @saved_cs_client     = @@character_set_client */;
/*!50503 SET character_set_client = utf8mb4 */;
CREATE TABLE `REALM_REQUIRED_CREDENTIAL` (
  `TYPE` varchar(255) NOT NULL,
  `FORM_LABEL` varchar(255) DEFAULT NULL,
  `INPUT` tinyint NOT NULL DEFAULT '0',
  `SECRET` tinyint NOT NULL DEFAULT '0',
  `REALM_ID` varchar(36) NOT NULL,
  PRIMARY KEY (`REALM_ID`,`TYPE`),
  CONSTRAINT `FK_5HG65LYBEVAVKQFKI3KPONH9V` FOREIGN KEY (`REALM_ID`) REFERENCES `REALM` (`ID`)
) ENGINE=InnoDB DEFAULT CHARSET=utf8mb4 COLLATE=utf8mb4_0900_ai_ci;
/*!40101 SET character_set_client = @saved_cs_client */;

--
-- Dumping data for table `REALM_REQUIRED_CREDENTIAL`
--

LOCK TABLES `REALM_REQUIRED_CREDENTIAL` WRITE;
/*!40000 ALTER TABLE `REALM_REQUIRED_CREDENTIAL` DISABLE KEYS */;
INSERT INTO `REALM_REQUIRED_CREDENTIAL` VALUES ('password','password',1,1,'e50ee46d-dbef-4c14-8389-4018de132723'),('password','password',1,1,'f1946406-82b6-4136-8051-6fb1a90c99f5');
/*!40000 ALTER TABLE `REALM_REQUIRED_CREDENTIAL` ENABLE KEYS */;
UNLOCK TABLES;

--
-- Table structure for table `REALM_SMTP_CONFIG`
--

DROP TABLE IF EXISTS `REALM_SMTP_CONFIG`;
/*!40101 SET @saved_cs_client     = @@character_set_client */;
/*!50503 SET character_set_client = utf8mb4 */;
CREATE TABLE `REALM_SMTP_CONFIG` (
  `REALM_ID` varchar(36) NOT NULL,
  `VALUE` varchar(255) DEFAULT NULL,
  `NAME` varchar(255) NOT NULL,
  PRIMARY KEY (`REALM_ID`,`NAME`),
  CONSTRAINT `FK_70EJ8XDXGXD0B9HH6180IRR0O` FOREIGN KEY (`REALM_ID`) REFERENCES `REALM` (`ID`)
) ENGINE=InnoDB DEFAULT CHARSET=utf8mb4 COLLATE=utf8mb4_0900_ai_ci;
/*!40101 SET character_set_client = @saved_cs_client */;

--
-- Dumping data for table `REALM_SMTP_CONFIG`
--

LOCK TABLES `REALM_SMTP_CONFIG` WRITE;
/*!40000 ALTER TABLE `REALM_SMTP_CONFIG` DISABLE KEYS */;
/*!40000 ALTER TABLE `REALM_SMTP_CONFIG` ENABLE KEYS */;
UNLOCK TABLES;

--
-- Table structure for table `REALM_SUPPORTED_LOCALES`
--

DROP TABLE IF EXISTS `REALM_SUPPORTED_LOCALES`;
/*!40101 SET @saved_cs_client     = @@character_set_client */;
/*!50503 SET character_set_client = utf8mb4 */;
CREATE TABLE `REALM_SUPPORTED_LOCALES` (
  `REALM_ID` varchar(36) NOT NULL,
  `VALUE` varchar(255) NOT NULL,
  PRIMARY KEY (`REALM_ID`,`VALUE`),
  KEY `IDX_REALM_SUPP_LOCAL_REALM` (`REALM_ID`),
  CONSTRAINT `FK_SUPPORTED_LOCALES_REALM` FOREIGN KEY (`REALM_ID`) REFERENCES `REALM` (`ID`)
) ENGINE=InnoDB DEFAULT CHARSET=utf8mb4 COLLATE=utf8mb4_0900_ai_ci;
/*!40101 SET character_set_client = @saved_cs_client */;

--
-- Dumping data for table `REALM_SUPPORTED_LOCALES`
--

LOCK TABLES `REALM_SUPPORTED_LOCALES` WRITE;
/*!40000 ALTER TABLE `REALM_SUPPORTED_LOCALES` DISABLE KEYS */;
/*!40000 ALTER TABLE `REALM_SUPPORTED_LOCALES` ENABLE KEYS */;
UNLOCK TABLES;

--
-- Table structure for table `REDIRECT_URIS`
--

DROP TABLE IF EXISTS `REDIRECT_URIS`;
/*!40101 SET @saved_cs_client     = @@character_set_client */;
/*!50503 SET character_set_client = utf8mb4 */;
CREATE TABLE `REDIRECT_URIS` (
  `CLIENT_ID` varchar(36) NOT NULL,
  `VALUE` varchar(255) NOT NULL,
  PRIMARY KEY (`CLIENT_ID`,`VALUE`),
  KEY `IDX_REDIR_URI_CLIENT` (`CLIENT_ID`),
  CONSTRAINT `FK_1BURS8PB4OUJ97H5WUPPAHV9F` FOREIGN KEY (`CLIENT_ID`) REFERENCES `CLIENT` (`ID`)
) ENGINE=InnoDB DEFAULT CHARSET=utf8mb4 COLLATE=utf8mb4_0900_ai_ci;
/*!40101 SET character_set_client = @saved_cs_client */;

--
-- Dumping data for table `REDIRECT_URIS`
--

LOCK TABLES `REDIRECT_URIS` WRITE;
/*!40000 ALTER TABLE `REDIRECT_URIS` DISABLE KEYS */;
INSERT INTO `REDIRECT_URIS` VALUES ('0414fe75-dcac-4c88-833a-3a505459bdde','/realms/myrealm/account/*'),('1399d0b4-f016-47bc-a452-46d610d67de5','/realms/myrealm/account/*'),('32b9c9ed-144d-4c00-85e3-6657b0f37925','/admin/myrealm/console/*'),('a1604d53-1ef0-41f6-92ca-f9ab8dea20e0','/admin/master/console/*'),('ae9915e7-77b0-427e-8586-0ef575e74160','com.mvfitness.mytrainer2client://oauthredirect'),('ae9915e7-77b0-427e-8586-0ef575e74160','http://localhost/*'),('ea4f5ebe-4a09-4b92-ac63-d3b77f961969','/*'),('ef3c076b-9246-46d9-898d-a07017fa0fc2','/realms/master/account/*'),('fbf4b924-3602-4938-b37b-cde7187491aa','/*'),('fca762a4-efcf-4413-9a8a-a5d8667ac60d','/realms/master/account/*');
/*!40000 ALTER TABLE `REDIRECT_URIS` ENABLE KEYS */;
UNLOCK TABLES;

--
-- Table structure for table `REQUIRED_ACTION_CONFIG`
--

DROP TABLE IF EXISTS `REQUIRED_ACTION_CONFIG`;
/*!40101 SET @saved_cs_client     = @@character_set_client */;
/*!50503 SET character_set_client = utf8mb4 */;
CREATE TABLE `REQUIRED_ACTION_CONFIG` (
  `REQUIRED_ACTION_ID` varchar(36) NOT NULL,
  `VALUE` longtext,
  `NAME` varchar(255) NOT NULL,
  PRIMARY KEY (`REQUIRED_ACTION_ID`,`NAME`)
) ENGINE=InnoDB DEFAULT CHARSET=utf8mb4 COLLATE=utf8mb4_0900_ai_ci;
/*!40101 SET character_set_client = @saved_cs_client */;

--
-- Dumping data for table `REQUIRED_ACTION_CONFIG`
--

LOCK TABLES `REQUIRED_ACTION_CONFIG` WRITE;
/*!40000 ALTER TABLE `REQUIRED_ACTION_CONFIG` DISABLE KEYS */;
/*!40000 ALTER TABLE `REQUIRED_ACTION_CONFIG` ENABLE KEYS */;
UNLOCK TABLES;

--
-- Table structure for table `REQUIRED_ACTION_PROVIDER`
--

DROP TABLE IF EXISTS `REQUIRED_ACTION_PROVIDER`;
/*!40101 SET @saved_cs_client     = @@character_set_client */;
/*!50503 SET character_set_client = utf8mb4 */;
CREATE TABLE `REQUIRED_ACTION_PROVIDER` (
  `ID` varchar(36) NOT NULL,
  `ALIAS` varchar(255) DEFAULT NULL,
  `NAME` varchar(255) DEFAULT NULL,
  `REALM_ID` varchar(36) DEFAULT NULL,
  `ENABLED` tinyint NOT NULL DEFAULT '0',
  `DEFAULT_ACTION` tinyint NOT NULL DEFAULT '0',
  `PROVIDER_ID` varchar(255) DEFAULT NULL,
  `PRIORITY` int DEFAULT NULL,
  PRIMARY KEY (`ID`),
  KEY `IDX_REQ_ACT_PROV_REALM` (`REALM_ID`),
  CONSTRAINT `FK_REQ_ACT_REALM` FOREIGN KEY (`REALM_ID`) REFERENCES `REALM` (`ID`)
) ENGINE=InnoDB DEFAULT CHARSET=utf8mb4 COLLATE=utf8mb4_0900_ai_ci;
/*!40101 SET character_set_client = @saved_cs_client */;

--
-- Dumping data for table `REQUIRED_ACTION_PROVIDER`
--

LOCK TABLES `REQUIRED_ACTION_PROVIDER` WRITE;
/*!40000 ALTER TABLE `REQUIRED_ACTION_PROVIDER` DISABLE KEYS */;
INSERT INTO `REQUIRED_ACTION_PROVIDER` VALUES ('0a3105c9-4372-4ea5-8f9c-6f0c610592a1','update_user_locale','Update User Locale','f1946406-82b6-4136-8051-6fb1a90c99f5',1,0,'update_user_locale',1000),('27188390-3895-4686-952e-d6f1b3d15a99','TERMS_AND_CONDITIONS','Terms and Conditions','e50ee46d-dbef-4c14-8389-4018de132723',1,1,'TERMS_AND_CONDITIONS',10),('310e7625-13b8-4a61-8d50-d9bc37c86236','UPDATE_PASSWORD','Update Password','e50ee46d-dbef-4c14-8389-4018de132723',1,0,'UPDATE_PASSWORD',30),('369a236b-4460-478d-90af-bfc5cc5e1c48','webauthn-register','Webauthn Register','f1946406-82b6-4136-8051-6fb1a90c99f5',1,0,'webauthn-register',70),('371e271e-8469-4e61-a6e6-04eafa3651c8','VERIFY_PROFILE','Verify Profile','f1946406-82b6-4136-8051-6fb1a90c99f5',1,0,'VERIFY_PROFILE',90),('480aae8f-d8e1-49db-aaeb-c101609fb6fe','VERIFY_EMAIL','Verify Email','e50ee46d-dbef-4c14-8389-4018de132723',1,0,'VERIFY_EMAIL',50),('691f4d38-eb1b-4095-bc3e-ef30a9fa6419','CONFIGURE_TOTP','Configure OTP','e50ee46d-dbef-4c14-8389-4018de132723',0,0,'CONFIGURE_TOTP',20),('73080843-896e-4af6-ab92-9f6dba27c8b5','delete_account','Delete Account','f1946406-82b6-4136-8051-6fb1a90c99f5',0,0,'delete_account',60),('78e6129b-45da-42d0-a2ea-abb8b1807ee5','UPDATE_PROFILE','Update Profile','f1946406-82b6-4136-8051-6fb1a90c99f5',1,0,'UPDATE_PROFILE',40),('7cccbba0-d360-4830-8113-282d8f380da1','update_user_locale','Update User Locale','e50ee46d-dbef-4c14-8389-4018de132723',1,0,'update_user_locale',1000),('84fbb883-f5f7-4ae2-95c9-9c2f77a2a956','webauthn-register-passwordless','Webauthn Register Passwordless','e50ee46d-dbef-4c14-8389-4018de132723',1,0,'webauthn-register-passwordless',80),('874ca3b0-c3ad-4f23-83f2-588cc79a4fd7','VERIFY_PROFILE','Verify Profile','e50ee46d-dbef-4c14-8389-4018de132723',1,0,'VERIFY_PROFILE',90),('892a58aa-0a05-4cb7-bafe-be562a2651fc','CONFIGURE_TOTP','Configure OTP','f1946406-82b6-4136-8051-6fb1a90c99f5',1,0,'CONFIGURE_TOTP',10),('a1c403b0-ae15-41fe-9c41-e0790eb832fd','UPDATE_PROFILE','Update Profile','e50ee46d-dbef-4c14-8389-4018de132723',1,0,'UPDATE_PROFILE',40),('a1efc01c-30ad-4425-8466-643b0ad1f69c','webauthn-register','Webauthn Register','e50ee46d-dbef-4c14-8389-4018de132723',1,0,'webauthn-register',70),('c2c53329-6bb3-4fc8-95e2-d3ed04d954c7','UPDATE_PASSWORD','Update Password','f1946406-82b6-4136-8051-6fb1a90c99f5',1,0,'UPDATE_PASSWORD',30),('d11b77bd-5974-4112-a172-043c2bc0c346','delete_credential','Delete Credential','e50ee46d-dbef-4c14-8389-4018de132723',1,0,'delete_credential',100),('d17b16ed-ff1d-4c0b-a5af-7ac530b4f3ec','delete_credential','Delete Credential','f1946406-82b6-4136-8051-6fb1a90c99f5',1,0,'delete_credential',100),('eeb22d18-859b-4ab8-af42-97ee0580a3f4','VERIFY_EMAIL','Verify Email','f1946406-82b6-4136-8051-6fb1a90c99f5',1,0,'VERIFY_EMAIL',50),('f2160eb3-3532-4623-adcf-b8119d325454','webauthn-register-passwordless','Webauthn Register Passwordless','f1946406-82b6-4136-8051-6fb1a90c99f5',1,0,'webauthn-register-passwordless',80),('f4ee36f9-e9a8-4768-a561-cc6367ab295a','delete_account','Delete Account','e50ee46d-dbef-4c14-8389-4018de132723',1,0,'delete_account',60),('f957a530-04e3-4368-9b39-d5e45d06e590','TERMS_AND_CONDITIONS','Terms and Conditions','f1946406-82b6-4136-8051-6fb1a90c99f5',0,0,'TERMS_AND_CONDITIONS',20);
/*!40000 ALTER TABLE `REQUIRED_ACTION_PROVIDER` ENABLE KEYS */;
UNLOCK TABLES;

--
-- Table structure for table `RESOURCE_ATTRIBUTE`
--

DROP TABLE IF EXISTS `RESOURCE_ATTRIBUTE`;
/*!40101 SET @saved_cs_client     = @@character_set_client */;
/*!50503 SET character_set_client = utf8mb4 */;
CREATE TABLE `RESOURCE_ATTRIBUTE` (
  `ID` varchar(36) NOT NULL DEFAULT 'sybase-needs-something-here',
  `NAME` varchar(255) NOT NULL,
  `VALUE` varchar(255) DEFAULT NULL,
  `RESOURCE_ID` varchar(36) NOT NULL,
  PRIMARY KEY (`ID`),
  KEY `FK_5HRM2VLF9QL5FU022KQEPOVBR` (`RESOURCE_ID`),
  CONSTRAINT `FK_5HRM2VLF9QL5FU022KQEPOVBR` FOREIGN KEY (`RESOURCE_ID`) REFERENCES `RESOURCE_SERVER_RESOURCE` (`ID`)
) ENGINE=InnoDB DEFAULT CHARSET=utf8mb4 COLLATE=utf8mb4_0900_ai_ci;
/*!40101 SET character_set_client = @saved_cs_client */;

--
-- Dumping data for table `RESOURCE_ATTRIBUTE`
--

LOCK TABLES `RESOURCE_ATTRIBUTE` WRITE;
/*!40000 ALTER TABLE `RESOURCE_ATTRIBUTE` DISABLE KEYS */;
/*!40000 ALTER TABLE `RESOURCE_ATTRIBUTE` ENABLE KEYS */;
UNLOCK TABLES;

--
-- Table structure for table `RESOURCE_POLICY`
--

DROP TABLE IF EXISTS `RESOURCE_POLICY`;
/*!40101 SET @saved_cs_client     = @@character_set_client */;
/*!50503 SET character_set_client = utf8mb4 */;
CREATE TABLE `RESOURCE_POLICY` (
  `RESOURCE_ID` varchar(36) NOT NULL,
  `POLICY_ID` varchar(36) NOT NULL,
  PRIMARY KEY (`RESOURCE_ID`,`POLICY_ID`),
  KEY `IDX_RES_POLICY_POLICY` (`POLICY_ID`),
  CONSTRAINT `FK_FRSRPOS53XCX4WNKOG82SSRFY` FOREIGN KEY (`RESOURCE_ID`) REFERENCES `RESOURCE_SERVER_RESOURCE` (`ID`),
  CONSTRAINT `FK_FRSRPP213XCX4WNKOG82SSRFY` FOREIGN KEY (`POLICY_ID`) REFERENCES `RESOURCE_SERVER_POLICY` (`ID`)
) ENGINE=InnoDB DEFAULT CHARSET=utf8mb4 COLLATE=utf8mb4_0900_ai_ci;
/*!40101 SET character_set_client = @saved_cs_client */;

--
-- Dumping data for table `RESOURCE_POLICY`
--

LOCK TABLES `RESOURCE_POLICY` WRITE;
/*!40000 ALTER TABLE `RESOURCE_POLICY` DISABLE KEYS */;
/*!40000 ALTER TABLE `RESOURCE_POLICY` ENABLE KEYS */;
UNLOCK TABLES;

--
-- Table structure for table `RESOURCE_SCOPE`
--

DROP TABLE IF EXISTS `RESOURCE_SCOPE`;
/*!40101 SET @saved_cs_client     = @@character_set_client */;
/*!50503 SET character_set_client = utf8mb4 */;
CREATE TABLE `RESOURCE_SCOPE` (
  `RESOURCE_ID` varchar(36) NOT NULL,
  `SCOPE_ID` varchar(36) NOT NULL,
  PRIMARY KEY (`RESOURCE_ID`,`SCOPE_ID`),
  KEY `IDX_RES_SCOPE_SCOPE` (`SCOPE_ID`),
  CONSTRAINT `FK_FRSRPOS13XCX4WNKOG82SSRFY` FOREIGN KEY (`RESOURCE_ID`) REFERENCES `RESOURCE_SERVER_RESOURCE` (`ID`),
  CONSTRAINT `FK_FRSRPS213XCX4WNKOG82SSRFY` FOREIGN KEY (`SCOPE_ID`) REFERENCES `RESOURCE_SERVER_SCOPE` (`ID`)
) ENGINE=InnoDB DEFAULT CHARSET=utf8mb4 COLLATE=utf8mb4_0900_ai_ci;
/*!40101 SET character_set_client = @saved_cs_client */;

--
-- Dumping data for table `RESOURCE_SCOPE`
--

LOCK TABLES `RESOURCE_SCOPE` WRITE;
/*!40000 ALTER TABLE `RESOURCE_SCOPE` DISABLE KEYS */;
/*!40000 ALTER TABLE `RESOURCE_SCOPE` ENABLE KEYS */;
UNLOCK TABLES;

--
-- Table structure for table `RESOURCE_SERVER`
--

DROP TABLE IF EXISTS `RESOURCE_SERVER`;
/*!40101 SET @saved_cs_client     = @@character_set_client */;
/*!50503 SET character_set_client = utf8mb4 */;
CREATE TABLE `RESOURCE_SERVER` (
  `ID` varchar(36) NOT NULL,
  `ALLOW_RS_REMOTE_MGMT` tinyint NOT NULL DEFAULT '0',
  `POLICY_ENFORCE_MODE` tinyint DEFAULT NULL,
  `DECISION_STRATEGY` tinyint NOT NULL DEFAULT '1',
  PRIMARY KEY (`ID`)
) ENGINE=InnoDB DEFAULT CHARSET=utf8mb4 COLLATE=utf8mb4_0900_ai_ci;
/*!40101 SET character_set_client = @saved_cs_client */;

--
-- Dumping data for table `RESOURCE_SERVER`
--

LOCK TABLES `RESOURCE_SERVER` WRITE;
/*!40000 ALTER TABLE `RESOURCE_SERVER` DISABLE KEYS */;
/*!40000 ALTER TABLE `RESOURCE_SERVER` ENABLE KEYS */;
UNLOCK TABLES;

--
-- Table structure for table `RESOURCE_SERVER_PERM_TICKET`
--

DROP TABLE IF EXISTS `RESOURCE_SERVER_PERM_TICKET`;
/*!40101 SET @saved_cs_client     = @@character_set_client */;
/*!50503 SET character_set_client = utf8mb4 */;
CREATE TABLE `RESOURCE_SERVER_PERM_TICKET` (
  `ID` varchar(36) NOT NULL,
  `OWNER` varchar(255) DEFAULT NULL,
  `REQUESTER` varchar(255) DEFAULT NULL,
  `CREATED_TIMESTAMP` bigint NOT NULL,
  `GRANTED_TIMESTAMP` bigint DEFAULT NULL,
  `RESOURCE_ID` varchar(36) NOT NULL,
  `SCOPE_ID` varchar(36) DEFAULT NULL,
  `RESOURCE_SERVER_ID` varchar(36) NOT NULL,
  `POLICY_ID` varchar(36) DEFAULT NULL,
  PRIMARY KEY (`ID`),
  UNIQUE KEY `UK_FRSR6T700S9V50BU18WS5PMT` (`OWNER`,`REQUESTER`,`RESOURCE_SERVER_ID`,`RESOURCE_ID`,`SCOPE_ID`),
  KEY `FK_FRSRHO213XCX4WNKOG82SSPMT` (`RESOURCE_SERVER_ID`),
  KEY `FK_FRSRHO213XCX4WNKOG83SSPMT` (`RESOURCE_ID`),
  KEY `FK_FRSRHO213XCX4WNKOG84SSPMT` (`SCOPE_ID`),
  KEY `FK_FRSRPO2128CX4WNKOG82SSRFY` (`POLICY_ID`),
  KEY `IDX_PERM_TICKET_REQUESTER` (`REQUESTER`),
  KEY `IDX_PERM_TICKET_OWNER` (`OWNER`),
  CONSTRAINT `FK_FRSRHO213XCX4WNKOG82SSPMT` FOREIGN KEY (`RESOURCE_SERVER_ID`) REFERENCES `RESOURCE_SERVER` (`ID`),
  CONSTRAINT `FK_FRSRHO213XCX4WNKOG83SSPMT` FOREIGN KEY (`RESOURCE_ID`) REFERENCES `RESOURCE_SERVER_RESOURCE` (`ID`),
  CONSTRAINT `FK_FRSRHO213XCX4WNKOG84SSPMT` FOREIGN KEY (`SCOPE_ID`) REFERENCES `RESOURCE_SERVER_SCOPE` (`ID`),
  CONSTRAINT `FK_FRSRPO2128CX4WNKOG82SSRFY` FOREIGN KEY (`POLICY_ID`) REFERENCES `RESOURCE_SERVER_POLICY` (`ID`)
) ENGINE=InnoDB DEFAULT CHARSET=utf8mb4 COLLATE=utf8mb4_0900_ai_ci;
/*!40101 SET character_set_client = @saved_cs_client */;

--
-- Dumping data for table `RESOURCE_SERVER_PERM_TICKET`
--

LOCK TABLES `RESOURCE_SERVER_PERM_TICKET` WRITE;
/*!40000 ALTER TABLE `RESOURCE_SERVER_PERM_TICKET` DISABLE KEYS */;
/*!40000 ALTER TABLE `RESOURCE_SERVER_PERM_TICKET` ENABLE KEYS */;
UNLOCK TABLES;

--
-- Table structure for table `RESOURCE_SERVER_POLICY`
--

DROP TABLE IF EXISTS `RESOURCE_SERVER_POLICY`;
/*!40101 SET @saved_cs_client     = @@character_set_client */;
/*!50503 SET character_set_client = utf8mb4 */;
CREATE TABLE `RESOURCE_SERVER_POLICY` (
  `ID` varchar(36) NOT NULL,
  `NAME` varchar(255) NOT NULL,
  `DESCRIPTION` varchar(255) CHARACTER SET utf8mb3 COLLATE utf8mb3_general_ci DEFAULT NULL,
  `TYPE` varchar(255) NOT NULL,
  `DECISION_STRATEGY` tinyint DEFAULT NULL,
  `LOGIC` tinyint DEFAULT NULL,
  `RESOURCE_SERVER_ID` varchar(36) DEFAULT NULL,
  `OWNER` varchar(255) DEFAULT NULL,
  PRIMARY KEY (`ID`),
  UNIQUE KEY `UK_FRSRPT700S9V50BU18WS5HA6` (`NAME`,`RESOURCE_SERVER_ID`),
  KEY `IDX_RES_SERV_POL_RES_SERV` (`RESOURCE_SERVER_ID`),
  CONSTRAINT `FK_FRSRPO213XCX4WNKOG82SSRFY` FOREIGN KEY (`RESOURCE_SERVER_ID`) REFERENCES `RESOURCE_SERVER` (`ID`)
) ENGINE=InnoDB DEFAULT CHARSET=utf8mb4 COLLATE=utf8mb4_0900_ai_ci;
/*!40101 SET character_set_client = @saved_cs_client */;

--
-- Dumping data for table `RESOURCE_SERVER_POLICY`
--

LOCK TABLES `RESOURCE_SERVER_POLICY` WRITE;
/*!40000 ALTER TABLE `RESOURCE_SERVER_POLICY` DISABLE KEYS */;
/*!40000 ALTER TABLE `RESOURCE_SERVER_POLICY` ENABLE KEYS */;
UNLOCK TABLES;

--
-- Table structure for table `RESOURCE_SERVER_RESOURCE`
--

DROP TABLE IF EXISTS `RESOURCE_SERVER_RESOURCE`;
/*!40101 SET @saved_cs_client     = @@character_set_client */;
/*!50503 SET character_set_client = utf8mb4 */;
CREATE TABLE `RESOURCE_SERVER_RESOURCE` (
  `ID` varchar(36) NOT NULL,
  `NAME` varchar(255) NOT NULL,
  `TYPE` varchar(255) DEFAULT NULL,
  `ICON_URI` varchar(255) DEFAULT NULL,
  `OWNER` varchar(255) DEFAULT NULL,
  `RESOURCE_SERVER_ID` varchar(36) DEFAULT NULL,
  `OWNER_MANAGED_ACCESS` tinyint NOT NULL DEFAULT '0',
  `DISPLAY_NAME` varchar(255) DEFAULT NULL,
  PRIMARY KEY (`ID`),
  UNIQUE KEY `UK_FRSR6T700S9V50BU18WS5HA6` (`NAME`,`OWNER`,`RESOURCE_SERVER_ID`),
  KEY `IDX_RES_SRV_RES_RES_SRV` (`RESOURCE_SERVER_ID`),
  CONSTRAINT `FK_FRSRHO213XCX4WNKOG82SSRFY` FOREIGN KEY (`RESOURCE_SERVER_ID`) REFERENCES `RESOURCE_SERVER` (`ID`)
) ENGINE=InnoDB DEFAULT CHARSET=utf8mb4 COLLATE=utf8mb4_0900_ai_ci;
/*!40101 SET character_set_client = @saved_cs_client */;

--
-- Dumping data for table `RESOURCE_SERVER_RESOURCE`
--

LOCK TABLES `RESOURCE_SERVER_RESOURCE` WRITE;
/*!40000 ALTER TABLE `RESOURCE_SERVER_RESOURCE` DISABLE KEYS */;
/*!40000 ALTER TABLE `RESOURCE_SERVER_RESOURCE` ENABLE KEYS */;
UNLOCK TABLES;

--
-- Table structure for table `RESOURCE_SERVER_SCOPE`
--

DROP TABLE IF EXISTS `RESOURCE_SERVER_SCOPE`;
/*!40101 SET @saved_cs_client     = @@character_set_client */;
/*!50503 SET character_set_client = utf8mb4 */;
CREATE TABLE `RESOURCE_SERVER_SCOPE` (
  `ID` varchar(36) NOT NULL,
  `NAME` varchar(255) NOT NULL,
  `ICON_URI` varchar(255) DEFAULT NULL,
  `RESOURCE_SERVER_ID` varchar(36) DEFAULT NULL,
  `DISPLAY_NAME` varchar(255) DEFAULT NULL,
  PRIMARY KEY (`ID`),
  UNIQUE KEY `UK_FRSRST700S9V50BU18WS5HA6` (`NAME`,`RESOURCE_SERVER_ID`),
  KEY `IDX_RES_SRV_SCOPE_RES_SRV` (`RESOURCE_SERVER_ID`),
  CONSTRAINT `FK_FRSRSO213XCX4WNKOG82SSRFY` FOREIGN KEY (`RESOURCE_SERVER_ID`) REFERENCES `RESOURCE_SERVER` (`ID`)
) ENGINE=InnoDB DEFAULT CHARSET=utf8mb4 COLLATE=utf8mb4_0900_ai_ci;
/*!40101 SET character_set_client = @saved_cs_client */;

--
-- Dumping data for table `RESOURCE_SERVER_SCOPE`
--

LOCK TABLES `RESOURCE_SERVER_SCOPE` WRITE;
/*!40000 ALTER TABLE `RESOURCE_SERVER_SCOPE` DISABLE KEYS */;
/*!40000 ALTER TABLE `RESOURCE_SERVER_SCOPE` ENABLE KEYS */;
UNLOCK TABLES;

--
-- Table structure for table `RESOURCE_URIS`
--

DROP TABLE IF EXISTS `RESOURCE_URIS`;
/*!40101 SET @saved_cs_client     = @@character_set_client */;
/*!50503 SET character_set_client = utf8mb4 */;
CREATE TABLE `RESOURCE_URIS` (
  `RESOURCE_ID` varchar(36) NOT NULL,
  `VALUE` varchar(255) NOT NULL,
  PRIMARY KEY (`RESOURCE_ID`,`VALUE`),
  CONSTRAINT `FK_RESOURCE_SERVER_URIS` FOREIGN KEY (`RESOURCE_ID`) REFERENCES `RESOURCE_SERVER_RESOURCE` (`ID`)
) ENGINE=InnoDB DEFAULT CHARSET=utf8mb4 COLLATE=utf8mb4_0900_ai_ci;
/*!40101 SET character_set_client = @saved_cs_client */;

--
-- Dumping data for table `RESOURCE_URIS`
--

LOCK TABLES `RESOURCE_URIS` WRITE;
/*!40000 ALTER TABLE `RESOURCE_URIS` DISABLE KEYS */;
/*!40000 ALTER TABLE `RESOURCE_URIS` ENABLE KEYS */;
UNLOCK TABLES;

--
-- Table structure for table `REVOKED_TOKEN`
--

DROP TABLE IF EXISTS `REVOKED_TOKEN`;
/*!40101 SET @saved_cs_client     = @@character_set_client */;
/*!50503 SET character_set_client = utf8mb4 */;
CREATE TABLE `REVOKED_TOKEN` (
  `ID` varchar(255) NOT NULL,
  `EXPIRE` bigint NOT NULL,
  PRIMARY KEY (`ID`),
  KEY `IDX_REV_TOKEN_ON_EXPIRE` (`EXPIRE`)
) ENGINE=InnoDB DEFAULT CHARSET=utf8mb4 COLLATE=utf8mb4_0900_ai_ci;
/*!40101 SET character_set_client = @saved_cs_client */;

--
-- Dumping data for table `REVOKED_TOKEN`
--

LOCK TABLES `REVOKED_TOKEN` WRITE;
/*!40000 ALTER TABLE `REVOKED_TOKEN` DISABLE KEYS */;
/*!40000 ALTER TABLE `REVOKED_TOKEN` ENABLE KEYS */;
UNLOCK TABLES;

--
-- Table structure for table `ROLE_ATTRIBUTE`
--

DROP TABLE IF EXISTS `ROLE_ATTRIBUTE`;
/*!40101 SET @saved_cs_client     = @@character_set_client */;
/*!50503 SET character_set_client = utf8mb4 */;
CREATE TABLE `ROLE_ATTRIBUTE` (
  `ID` varchar(36) NOT NULL,
  `ROLE_ID` varchar(36) NOT NULL,
  `NAME` varchar(255) NOT NULL,
  `VALUE` varchar(255) CHARACTER SET utf8mb3 COLLATE utf8mb3_general_ci DEFAULT NULL,
  PRIMARY KEY (`ID`),
  KEY `IDX_ROLE_ATTRIBUTE` (`ROLE_ID`),
  CONSTRAINT `FK_ROLE_ATTRIBUTE_ID` FOREIGN KEY (`ROLE_ID`) REFERENCES `KEYCLOAK_ROLE` (`ID`)
) ENGINE=InnoDB DEFAULT CHARSET=utf8mb4 COLLATE=utf8mb4_0900_ai_ci;
/*!40101 SET character_set_client = @saved_cs_client */;

--
-- Dumping data for table `ROLE_ATTRIBUTE`
--

LOCK TABLES `ROLE_ATTRIBUTE` WRITE;
/*!40000 ALTER TABLE `ROLE_ATTRIBUTE` DISABLE KEYS */;
/*!40000 ALTER TABLE `ROLE_ATTRIBUTE` ENABLE KEYS */;
UNLOCK TABLES;

--
-- Table structure for table `SCOPE_MAPPING`
--

DROP TABLE IF EXISTS `SCOPE_MAPPING`;
/*!40101 SET @saved_cs_client     = @@character_set_client */;
/*!50503 SET character_set_client = utf8mb4 */;
CREATE TABLE `SCOPE_MAPPING` (
  `CLIENT_ID` varchar(36) NOT NULL,
  `ROLE_ID` varchar(36) NOT NULL,
  PRIMARY KEY (`CLIENT_ID`,`ROLE_ID`),
  KEY `IDX_SCOPE_MAPPING_ROLE` (`ROLE_ID`),
  CONSTRAINT `FK_OUSE064PLMLR732LXJCN1Q5F1` FOREIGN KEY (`CLIENT_ID`) REFERENCES `CLIENT` (`ID`)
) ENGINE=InnoDB DEFAULT CHARSET=utf8mb4 COLLATE=utf8mb4_0900_ai_ci;
/*!40101 SET character_set_client = @saved_cs_client */;

--
-- Dumping data for table `SCOPE_MAPPING`
--

LOCK TABLES `SCOPE_MAPPING` WRITE;
/*!40000 ALTER TABLE `SCOPE_MAPPING` DISABLE KEYS */;
INSERT INTO `SCOPE_MAPPING` VALUES ('0414fe75-dcac-4c88-833a-3a505459bdde','2d2f8c14-952a-458f-813e-e7cb55dcfcdc'),('ef3c076b-9246-46d9-898d-a07017fa0fc2','3389b9a3-19d3-43e8-aa53-0bc2411926ba'),('0414fe75-dcac-4c88-833a-3a505459bdde','464edd58-5a7a-4d93-916c-90fa22ac0a33'),('ef3c076b-9246-46d9-898d-a07017fa0fc2','81065132-35a5-4cfb-9bf3-1589627f25dd');
/*!40000 ALTER TABLE `SCOPE_MAPPING` ENABLE KEYS */;
UNLOCK TABLES;

--
-- Table structure for table `SCOPE_POLICY`
--

DROP TABLE IF EXISTS `SCOPE_POLICY`;
/*!40101 SET @saved_cs_client     = @@character_set_client */;
/*!50503 SET character_set_client = utf8mb4 */;
CREATE TABLE `SCOPE_POLICY` (
  `SCOPE_ID` varchar(36) NOT NULL,
  `POLICY_ID` varchar(36) NOT NULL,
  PRIMARY KEY (`SCOPE_ID`,`POLICY_ID`),
  KEY `IDX_SCOPE_POLICY_POLICY` (`POLICY_ID`),
  CONSTRAINT `FK_FRSRASP13XCX4WNKOG82SSRFY` FOREIGN KEY (`POLICY_ID`) REFERENCES `RESOURCE_SERVER_POLICY` (`ID`),
  CONSTRAINT `FK_FRSRPASS3XCX4WNKOG82SSRFY` FOREIGN KEY (`SCOPE_ID`) REFERENCES `RESOURCE_SERVER_SCOPE` (`ID`)
) ENGINE=InnoDB DEFAULT CHARSET=utf8mb4 COLLATE=utf8mb4_0900_ai_ci;
/*!40101 SET character_set_client = @saved_cs_client */;

--
-- Dumping data for table `SCOPE_POLICY`
--

LOCK TABLES `SCOPE_POLICY` WRITE;
/*!40000 ALTER TABLE `SCOPE_POLICY` DISABLE KEYS */;
/*!40000 ALTER TABLE `SCOPE_POLICY` ENABLE KEYS */;
UNLOCK TABLES;

--
-- Table structure for table `USER_ATTRIBUTE`
--

DROP TABLE IF EXISTS `USER_ATTRIBUTE`;
/*!40101 SET @saved_cs_client     = @@character_set_client */;
/*!50503 SET character_set_client = utf8mb4 */;
CREATE TABLE `USER_ATTRIBUTE` (
  `NAME` varchar(255) NOT NULL,
  `VALUE` varchar(255) CHARACTER SET utf8mb3 COLLATE utf8mb3_general_ci DEFAULT NULL,
  `USER_ID` varchar(36) NOT NULL,
  `ID` varchar(36) NOT NULL DEFAULT 'sybase-needs-something-here',
  `LONG_VALUE_HASH` binary(64) DEFAULT NULL,
  `LONG_VALUE_HASH_LOWER_CASE` binary(64) DEFAULT NULL,
  `LONG_VALUE` longtext CHARACTER SET utf8mb3 COLLATE utf8mb3_general_ci,
  PRIMARY KEY (`ID`),
  KEY `IDX_USER_ATTRIBUTE` (`USER_ID`),
  KEY `IDX_USER_ATTRIBUTE_NAME` (`NAME`,`VALUE`),
  KEY `USER_ATTR_LONG_VALUES` (`LONG_VALUE_HASH`,`NAME`),
  KEY `USER_ATTR_LONG_VALUES_LOWER_CASE` (`LONG_VALUE_HASH_LOWER_CASE`,`NAME`),
  CONSTRAINT `FK_5HRM2VLF9QL5FU043KQEPOVBR` FOREIGN KEY (`USER_ID`) REFERENCES `USER_ENTITY` (`ID`)
) ENGINE=InnoDB DEFAULT CHARSET=utf8mb4 COLLATE=utf8mb4_0900_ai_ci;
/*!40101 SET character_set_client = @saved_cs_client */;

--
-- Dumping data for table `USER_ATTRIBUTE`
--

LOCK TABLES `USER_ATTRIBUTE` WRITE;
/*!40000 ALTER TABLE `USER_ATTRIBUTE` DISABLE KEYS */;
INSERT INTO `USER_ATTRIBUTE` VALUES ('terms_and_conditions','1745441652','c24c3776-c1c9-4761-ab43-25be8e927ec6','48d883cb-7df4-4995-9934-fca08b845d24',NULL,NULL,NULL),('is_temporary_admin','true','10b872f3-24a6-4227-83a2-81ebedc755b9','54d7677c-65bd-46f0-b27b-464768f81359',NULL,NULL,NULL);
/*!40000 ALTER TABLE `USER_ATTRIBUTE` ENABLE KEYS */;
UNLOCK TABLES;

--
-- Table structure for table `USER_CONSENT`
--

DROP TABLE IF EXISTS `USER_CONSENT`;
/*!40101 SET @saved_cs_client     = @@character_set_client */;
/*!50503 SET character_set_client = utf8mb4 */;
CREATE TABLE `USER_CONSENT` (
  `ID` varchar(36) NOT NULL,
  `CLIENT_ID` varchar(255) DEFAULT NULL,
  `USER_ID` varchar(36) NOT NULL,
  `CREATED_DATE` bigint DEFAULT NULL,
  `LAST_UPDATED_DATE` bigint DEFAULT NULL,
  `CLIENT_STORAGE_PROVIDER` varchar(36) DEFAULT NULL,
  `EXTERNAL_CLIENT_ID` varchar(255) DEFAULT NULL,
  PRIMARY KEY (`ID`),
  UNIQUE KEY `UK_LOCAL_CONSENT` (`CLIENT_ID`,`USER_ID`),
  UNIQUE KEY `UK_EXTERNAL_CONSENT` (`CLIENT_STORAGE_PROVIDER`,`EXTERNAL_CLIENT_ID`,`USER_ID`),
  KEY `IDX_USER_CONSENT` (`USER_ID`),
  CONSTRAINT `FK_GRNTCSNT_USER` FOREIGN KEY (`USER_ID`) REFERENCES `USER_ENTITY` (`ID`)
) ENGINE=InnoDB DEFAULT CHARSET=utf8mb4 COLLATE=utf8mb4_0900_ai_ci;
/*!40101 SET character_set_client = @saved_cs_client */;

--
-- Dumping data for table `USER_CONSENT`
--

LOCK TABLES `USER_CONSENT` WRITE;
/*!40000 ALTER TABLE `USER_CONSENT` DISABLE KEYS */;
INSERT INTO `USER_CONSENT` VALUES ('0443d212-c417-49b8-b7f1-b8ff4533137e','ae9915e7-77b0-427e-8586-0ef575e74160','c24c3776-c1c9-4761-ab43-25be8e927ec6',1745441654283,1745441654297,NULL,NULL),('c75921c0-449c-4504-819f-e9a57d4122ba','ae9915e7-77b0-427e-8586-0ef575e74160','60c7bf2d-f5e0-4e08-a856-b0a633bfdb40',1743954728861,1743954728883,NULL,NULL);
/*!40000 ALTER TABLE `USER_CONSENT` ENABLE KEYS */;
UNLOCK TABLES;

--
-- Table structure for table `USER_CONSENT_CLIENT_SCOPE`
--

DROP TABLE IF EXISTS `USER_CONSENT_CLIENT_SCOPE`;
/*!40101 SET @saved_cs_client     = @@character_set_client */;
/*!50503 SET character_set_client = utf8mb4 */;
CREATE TABLE `USER_CONSENT_CLIENT_SCOPE` (
  `USER_CONSENT_ID` varchar(36) NOT NULL,
  `SCOPE_ID` varchar(36) NOT NULL,
  PRIMARY KEY (`USER_CONSENT_ID`,`SCOPE_ID`),
  KEY `IDX_USCONSENT_CLSCOPE` (`USER_CONSENT_ID`),
  KEY `IDX_USCONSENT_SCOPE_ID` (`SCOPE_ID`),
  CONSTRAINT `FK_GRNTCSNT_CLSC_USC` FOREIGN KEY (`USER_CONSENT_ID`) REFERENCES `USER_CONSENT` (`ID`)
) ENGINE=InnoDB DEFAULT CHARSET=utf8mb4 COLLATE=utf8mb4_0900_ai_ci;
/*!40101 SET character_set_client = @saved_cs_client */;

--
-- Dumping data for table `USER_CONSENT_CLIENT_SCOPE`
--

LOCK TABLES `USER_CONSENT_CLIENT_SCOPE` WRITE;
/*!40000 ALTER TABLE `USER_CONSENT_CLIENT_SCOPE` DISABLE KEYS */;
INSERT INTO `USER_CONSENT_CLIENT_SCOPE` VALUES ('0443d212-c417-49b8-b7f1-b8ff4533137e','01662085-1296-4356-909f-8da382b71424'),('0443d212-c417-49b8-b7f1-b8ff4533137e','2d44fc60-0a0f-4f2e-ba93-325cc15e1ced'),('0443d212-c417-49b8-b7f1-b8ff4533137e','977615ff-1bc4-4e46-af06-347908d8ac7b'),('c75921c0-449c-4504-819f-e9a57d4122ba','01662085-1296-4356-909f-8da382b71424'),('c75921c0-449c-4504-819f-e9a57d4122ba','2d44fc60-0a0f-4f2e-ba93-325cc15e1ced'),('c75921c0-449c-4504-819f-e9a57d4122ba','977615ff-1bc4-4e46-af06-347908d8ac7b');
/*!40000 ALTER TABLE `USER_CONSENT_CLIENT_SCOPE` ENABLE KEYS */;
UNLOCK TABLES;

--
-- Table structure for table `USER_ENTITY`
--

DROP TABLE IF EXISTS `USER_ENTITY`;
/*!40101 SET @saved_cs_client     = @@character_set_client */;
/*!50503 SET character_set_client = utf8mb4 */;
CREATE TABLE `USER_ENTITY` (
  `ID` varchar(36) NOT NULL,
  `EMAIL` varchar(255) DEFAULT NULL,
  `EMAIL_CONSTRAINT` varchar(255) DEFAULT NULL,
  `EMAIL_VERIFIED` tinyint NOT NULL DEFAULT '0',
  `ENABLED` tinyint NOT NULL DEFAULT '0',
  `FEDERATION_LINK` varchar(255) DEFAULT NULL,
  `FIRST_NAME` varchar(255) CHARACTER SET utf8mb3 COLLATE utf8mb3_general_ci DEFAULT NULL,
  `LAST_NAME` varchar(255) CHARACTER SET utf8mb3 COLLATE utf8mb3_general_ci DEFAULT NULL,
  `REALM_ID` varchar(255) DEFAULT NULL,
  `USERNAME` varchar(255) CHARACTER SET utf8mb3 COLLATE utf8mb3_general_ci DEFAULT NULL,
  `CREATED_TIMESTAMP` bigint DEFAULT NULL,
  `SERVICE_ACCOUNT_CLIENT_LINK` varchar(255) DEFAULT NULL,
  `NOT_BEFORE` int NOT NULL DEFAULT '0',
  PRIMARY KEY (`ID`),
  UNIQUE KEY `UK_DYKN684SL8UP1CRFEI6ECKHD7` (`REALM_ID`,`EMAIL_CONSTRAINT`),
  UNIQUE KEY `UK_RU8TT6T700S9V50BU18WS5HA6` (`REALM_ID`,`USERNAME`),
  KEY `IDX_USER_EMAIL` (`EMAIL`),
  KEY `IDX_USER_SERVICE_ACCOUNT` (`REALM_ID`,`SERVICE_ACCOUNT_CLIENT_LINK`)
) ENGINE=InnoDB DEFAULT CHARSET=utf8mb4 COLLATE=utf8mb4_0900_ai_ci;
/*!40101 SET character_set_client = @saved_cs_client */;

--
-- Dumping data for table `USER_ENTITY`
--

LOCK TABLES `USER_ENTITY` WRITE;
/*!40000 ALTER TABLE `USER_ENTITY` DISABLE KEYS */;
INSERT INTO `USER_ENTITY` VALUES ('10b872f3-24a6-4227-83a2-81ebedc755b9',NULL,'c527a95b-fc46-4838-93e3-97c1c3dd9510',0,1,NULL,NULL,NULL,'f1946406-82b6-4136-8051-6fb1a90c99f5','admin',1743492236387,NULL,0),('2f2b1ea7-e8d3-47c8-af7c-67971f1c494a',NULL,'878bbbea-75d8-4eb1-a737-5bad8738c8ce',0,1,NULL,NULL,NULL,'e50ee46d-dbef-4c14-8389-4018de132723','service-account-provisioning-client',1745441188253,'ea4f5ebe-4a09-4b92-ac63-d3b77f961969',0),('60c7bf2d-f5e0-4e08-a856-b0a633bfdb40','trainer1@gmail.com','trainer1@gmail.com',1,1,NULL,'Trainer','1','e50ee46d-dbef-4c14-8389-4018de132723','trainer1',1743665809172,NULL,0),('9f99d48a-1711-46c2-94d2-45eb1e73c65b','simeonov230@gmail.com','simeonov230@gmail.com',1,1,NULL,'Simeon','Simeonov','f1946406-82b6-4136-8051-6fb1a90c99f5','simeon',1743492747892,NULL,0),('c24c3776-c1c9-4761-ab43-25be8e927ec6','simeonov230@gmail.com','simeonov230@gmail.com',1,1,NULL,'simeon','simeonov','e50ee46d-dbef-4c14-8389-4018de132723','simeonov230@gmail.com',1745441648957,NULL,0);
/*!40000 ALTER TABLE `USER_ENTITY` ENABLE KEYS */;
UNLOCK TABLES;

--
-- Table structure for table `USER_FEDERATION_CONFIG`
--

DROP TABLE IF EXISTS `USER_FEDERATION_CONFIG`;
/*!40101 SET @saved_cs_client     = @@character_set_client */;
/*!50503 SET character_set_client = utf8mb4 */;
CREATE TABLE `USER_FEDERATION_CONFIG` (
  `USER_FEDERATION_PROVIDER_ID` varchar(36) NOT NULL,
  `VALUE` varchar(255) DEFAULT NULL,
  `NAME` varchar(255) NOT NULL,
  PRIMARY KEY (`USER_FEDERATION_PROVIDER_ID`,`NAME`),
  CONSTRAINT `FK_T13HPU1J94R2EBPEKR39X5EU5` FOREIGN KEY (`USER_FEDERATION_PROVIDER_ID`) REFERENCES `USER_FEDERATION_PROVIDER` (`ID`)
) ENGINE=InnoDB DEFAULT CHARSET=utf8mb4 COLLATE=utf8mb4_0900_ai_ci;
/*!40101 SET character_set_client = @saved_cs_client */;

--
-- Dumping data for table `USER_FEDERATION_CONFIG`
--

LOCK TABLES `USER_FEDERATION_CONFIG` WRITE;
/*!40000 ALTER TABLE `USER_FEDERATION_CONFIG` DISABLE KEYS */;
/*!40000 ALTER TABLE `USER_FEDERATION_CONFIG` ENABLE KEYS */;
UNLOCK TABLES;

--
-- Table structure for table `USER_FEDERATION_MAPPER`
--

DROP TABLE IF EXISTS `USER_FEDERATION_MAPPER`;
/*!40101 SET @saved_cs_client     = @@character_set_client */;
/*!50503 SET character_set_client = utf8mb4 */;
CREATE TABLE `USER_FEDERATION_MAPPER` (
  `ID` varchar(36) NOT NULL,
  `NAME` varchar(255) NOT NULL,
  `FEDERATION_PROVIDER_ID` varchar(36) NOT NULL,
  `FEDERATION_MAPPER_TYPE` varchar(255) NOT NULL,
  `REALM_ID` varchar(36) NOT NULL,
  PRIMARY KEY (`ID`),
  KEY `IDX_USR_FED_MAP_FED_PRV` (`FEDERATION_PROVIDER_ID`),
  KEY `IDX_USR_FED_MAP_REALM` (`REALM_ID`),
  CONSTRAINT `FK_FEDMAPPERPM_FEDPRV` FOREIGN KEY (`FEDERATION_PROVIDER_ID`) REFERENCES `USER_FEDERATION_PROVIDER` (`ID`),
  CONSTRAINT `FK_FEDMAPPERPM_REALM` FOREIGN KEY (`REALM_ID`) REFERENCES `REALM` (`ID`)
) ENGINE=InnoDB DEFAULT CHARSET=utf8mb4 COLLATE=utf8mb4_0900_ai_ci;
/*!40101 SET character_set_client = @saved_cs_client */;

--
-- Dumping data for table `USER_FEDERATION_MAPPER`
--

LOCK TABLES `USER_FEDERATION_MAPPER` WRITE;
/*!40000 ALTER TABLE `USER_FEDERATION_MAPPER` DISABLE KEYS */;
/*!40000 ALTER TABLE `USER_FEDERATION_MAPPER` ENABLE KEYS */;
UNLOCK TABLES;

--
-- Table structure for table `USER_FEDERATION_MAPPER_CONFIG`
--

DROP TABLE IF EXISTS `USER_FEDERATION_MAPPER_CONFIG`;
/*!40101 SET @saved_cs_client     = @@character_set_client */;
/*!50503 SET character_set_client = utf8mb4 */;
CREATE TABLE `USER_FEDERATION_MAPPER_CONFIG` (
  `USER_FEDERATION_MAPPER_ID` varchar(36) NOT NULL,
  `VALUE` varchar(255) DEFAULT NULL,
  `NAME` varchar(255) NOT NULL,
  PRIMARY KEY (`USER_FEDERATION_MAPPER_ID`,`NAME`),
  CONSTRAINT `FK_FEDMAPPER_CFG` FOREIGN KEY (`USER_FEDERATION_MAPPER_ID`) REFERENCES `USER_FEDERATION_MAPPER` (`ID`)
) ENGINE=InnoDB DEFAULT CHARSET=utf8mb4 COLLATE=utf8mb4_0900_ai_ci;
/*!40101 SET character_set_client = @saved_cs_client */;

--
-- Dumping data for table `USER_FEDERATION_MAPPER_CONFIG`
--

LOCK TABLES `USER_FEDERATION_MAPPER_CONFIG` WRITE;
/*!40000 ALTER TABLE `USER_FEDERATION_MAPPER_CONFIG` DISABLE KEYS */;
/*!40000 ALTER TABLE `USER_FEDERATION_MAPPER_CONFIG` ENABLE KEYS */;
UNLOCK TABLES;

--
-- Table structure for table `USER_FEDERATION_PROVIDER`
--

DROP TABLE IF EXISTS `USER_FEDERATION_PROVIDER`;
/*!40101 SET @saved_cs_client     = @@character_set_client */;
/*!50503 SET character_set_client = utf8mb4 */;
CREATE TABLE `USER_FEDERATION_PROVIDER` (
  `ID` varchar(36) NOT NULL,
  `CHANGED_SYNC_PERIOD` int DEFAULT NULL,
  `DISPLAY_NAME` varchar(255) DEFAULT NULL,
  `FULL_SYNC_PERIOD` int DEFAULT NULL,
  `LAST_SYNC` int DEFAULT NULL,
  `PRIORITY` int DEFAULT NULL,
  `PROVIDER_NAME` varchar(255) DEFAULT NULL,
  `REALM_ID` varchar(36) DEFAULT NULL,
  PRIMARY KEY (`ID`),
  KEY `IDX_USR_FED_PRV_REALM` (`REALM_ID`),
  CONSTRAINT `FK_1FJ32F6PTOLW2QY60CD8N01E8` FOREIGN KEY (`REALM_ID`) REFERENCES `REALM` (`ID`)
) ENGINE=InnoDB DEFAULT CHARSET=utf8mb4 COLLATE=utf8mb4_0900_ai_ci;
/*!40101 SET character_set_client = @saved_cs_client */;

--
-- Dumping data for table `USER_FEDERATION_PROVIDER`
--

LOCK TABLES `USER_FEDERATION_PROVIDER` WRITE;
/*!40000 ALTER TABLE `USER_FEDERATION_PROVIDER` DISABLE KEYS */;
/*!40000 ALTER TABLE `USER_FEDERATION_PROVIDER` ENABLE KEYS */;
UNLOCK TABLES;

--
-- Table structure for table `USER_GROUP_MEMBERSHIP`
--

DROP TABLE IF EXISTS `USER_GROUP_MEMBERSHIP`;
/*!40101 SET @saved_cs_client     = @@character_set_client */;
/*!50503 SET character_set_client = utf8mb4 */;
CREATE TABLE `USER_GROUP_MEMBERSHIP` (
  `GROUP_ID` varchar(36) NOT NULL,
  `USER_ID` varchar(36) NOT NULL,
  `MEMBERSHIP_TYPE` varchar(255) NOT NULL,
  PRIMARY KEY (`GROUP_ID`,`USER_ID`),
  KEY `IDX_USER_GROUP_MAPPING` (`USER_ID`),
  CONSTRAINT `FK_USER_GROUP_USER` FOREIGN KEY (`USER_ID`) REFERENCES `USER_ENTITY` (`ID`)
) ENGINE=InnoDB DEFAULT CHARSET=utf8mb4 COLLATE=utf8mb4_0900_ai_ci;
/*!40101 SET character_set_client = @saved_cs_client */;

--
-- Dumping data for table `USER_GROUP_MEMBERSHIP`
--

LOCK TABLES `USER_GROUP_MEMBERSHIP` WRITE;
/*!40000 ALTER TABLE `USER_GROUP_MEMBERSHIP` DISABLE KEYS */;
/*!40000 ALTER TABLE `USER_GROUP_MEMBERSHIP` ENABLE KEYS */;
UNLOCK TABLES;

--
-- Table structure for table `USER_REQUIRED_ACTION`
--

DROP TABLE IF EXISTS `USER_REQUIRED_ACTION`;
/*!40101 SET @saved_cs_client     = @@character_set_client */;
/*!50503 SET character_set_client = utf8mb4 */;
CREATE TABLE `USER_REQUIRED_ACTION` (
  `USER_ID` varchar(36) NOT NULL,
  `REQUIRED_ACTION` varchar(255) NOT NULL DEFAULT ' ',
  PRIMARY KEY (`REQUIRED_ACTION`,`USER_ID`),
  KEY `IDX_USER_REQACTIONS` (`USER_ID`),
  CONSTRAINT `FK_6QJ3W1JW9CVAFHE19BWSIUVMD` FOREIGN KEY (`USER_ID`) REFERENCES `USER_ENTITY` (`ID`)
) ENGINE=InnoDB DEFAULT CHARSET=utf8mb4 COLLATE=utf8mb4_0900_ai_ci;
/*!40101 SET character_set_client = @saved_cs_client */;

--
-- Dumping data for table `USER_REQUIRED_ACTION`
--

LOCK TABLES `USER_REQUIRED_ACTION` WRITE;
/*!40000 ALTER TABLE `USER_REQUIRED_ACTION` DISABLE KEYS */;
INSERT INTO `USER_REQUIRED_ACTION` VALUES ('2f2b1ea7-e8d3-47c8-af7c-67971f1c494a','TERMS_AND_CONDITIONS');
/*!40000 ALTER TABLE `USER_REQUIRED_ACTION` ENABLE KEYS */;
UNLOCK TABLES;

--
-- Table structure for table `USER_ROLE_MAPPING`
--

DROP TABLE IF EXISTS `USER_ROLE_MAPPING`;
/*!40101 SET @saved_cs_client     = @@character_set_client */;
/*!50503 SET character_set_client = utf8mb4 */;
CREATE TABLE `USER_ROLE_MAPPING` (
  `ROLE_ID` varchar(255) NOT NULL,
  `USER_ID` varchar(36) NOT NULL,
  PRIMARY KEY (`ROLE_ID`,`USER_ID`),
  KEY `IDX_USER_ROLE_MAPPING` (`USER_ID`),
  CONSTRAINT `FK_C4FQV34P1MBYLLOXANG7B1Q3L` FOREIGN KEY (`USER_ID`) REFERENCES `USER_ENTITY` (`ID`)
) ENGINE=InnoDB DEFAULT CHARSET=utf8mb4 COLLATE=utf8mb4_0900_ai_ci;
/*!40101 SET character_set_client = @saved_cs_client */;

--
-- Dumping data for table `USER_ROLE_MAPPING`
--

LOCK TABLES `USER_ROLE_MAPPING` WRITE;
/*!40000 ALTER TABLE `USER_ROLE_MAPPING` DISABLE KEYS */;
INSERT INTO `USER_ROLE_MAPPING` VALUES ('730237cd-6677-4388-8f4b-d522cf00a5bf','10b872f3-24a6-4227-83a2-81ebedc755b9'),('d4fa13c7-4c29-4518-8193-efe568f9796d','10b872f3-24a6-4227-83a2-81ebedc755b9'),('002e06eb-1b9a-44f8-9854-61ac838ae690','2f2b1ea7-e8d3-47c8-af7c-67971f1c494a'),('014be0cd-7450-4e2b-a288-7ac5ff8ff800','2f2b1ea7-e8d3-47c8-af7c-67971f1c494a'),('117000f8-392e-41b1-ae84-842bc2f04336','2f2b1ea7-e8d3-47c8-af7c-67971f1c494a'),('1d04191c-7e80-4d7e-a77c-2eb144b37d47','2f2b1ea7-e8d3-47c8-af7c-67971f1c494a'),('26a89c6c-1216-4a74-8b83-7d55c56a838c','2f2b1ea7-e8d3-47c8-af7c-67971f1c494a'),('2f1084f6-47a5-475a-b2dc-8b0b8ab03cba','2f2b1ea7-e8d3-47c8-af7c-67971f1c494a'),('3859e83a-4adf-4a1a-96ff-2358e2e0275e','2f2b1ea7-e8d3-47c8-af7c-67971f1c494a'),('6663c124-4ace-4999-8c9f-4af36df80eea','2f2b1ea7-e8d3-47c8-af7c-67971f1c494a'),('7d72fb98-8e20-46dc-bacb-a40c8e6ba68d','2f2b1ea7-e8d3-47c8-af7c-67971f1c494a'),('99390fab-69d9-4431-a41a-2a8c37483bc4','2f2b1ea7-e8d3-47c8-af7c-67971f1c494a'),('b9182ff2-251f-4883-bfd5-4d08f52674eb','2f2b1ea7-e8d3-47c8-af7c-67971f1c494a'),('c352ae61-f538-481e-a5dd-d0efb5759972','2f2b1ea7-e8d3-47c8-af7c-67971f1c494a'),('c50d48f5-cca4-4329-a79e-af3e43642592','2f2b1ea7-e8d3-47c8-af7c-67971f1c494a'),('cacda422-80c3-4f65-951d-11856f4475d6','2f2b1ea7-e8d3-47c8-af7c-67971f1c494a'),('ce6d69f8-c0fe-4c4d-877c-c1e3c2ca3df0','2f2b1ea7-e8d3-47c8-af7c-67971f1c494a'),('d213fb65-032d-44d2-8e60-aa7b92ce2e46','2f2b1ea7-e8d3-47c8-af7c-67971f1c494a'),('d2c54fa4-cc06-4d0b-a76a-ba1049dfb7b3','2f2b1ea7-e8d3-47c8-af7c-67971f1c494a'),('e37ba8f6-c0f0-4a28-b21f-91668440c3aa','2f2b1ea7-e8d3-47c8-af7c-67971f1c494a'),('e52f07cd-f257-4edb-9e01-b0ba4d163f29','2f2b1ea7-e8d3-47c8-af7c-67971f1c494a'),('f93c43c1-afd1-4cd0-acd6-2775723ee75f','2f2b1ea7-e8d3-47c8-af7c-67971f1c494a'),('43100910-9d02-41ee-92bd-cd5bcc72f7b3','60c7bf2d-f5e0-4e08-a856-b0a633bfdb40'),('b9182ff2-251f-4883-bfd5-4d08f52674eb','60c7bf2d-f5e0-4e08-a856-b0a633bfdb40'),('d4fa13c7-4c29-4518-8193-efe568f9796d','9f99d48a-1711-46c2-94d2-45eb1e73c65b'),('b9182ff2-251f-4883-bfd5-4d08f52674eb','c24c3776-c1c9-4761-ab43-25be8e927ec6');
/*!40000 ALTER TABLE `USER_ROLE_MAPPING` ENABLE KEYS */;
UNLOCK TABLES;

--
-- Table structure for table `WEB_ORIGINS`
--

DROP TABLE IF EXISTS `WEB_ORIGINS`;
/*!40101 SET @saved_cs_client     = @@character_set_client */;
/*!50503 SET character_set_client = utf8mb4 */;
CREATE TABLE `WEB_ORIGINS` (
  `CLIENT_ID` varchar(36) NOT NULL,
  `VALUE` varchar(255) NOT NULL,
  PRIMARY KEY (`CLIENT_ID`,`VALUE`),
  KEY `IDX_WEB_ORIG_CLIENT` (`CLIENT_ID`),
  CONSTRAINT `FK_LOJPHO213XCX4WNKOG82SSRFY` FOREIGN KEY (`CLIENT_ID`) REFERENCES `CLIENT` (`ID`)
) ENGINE=InnoDB DEFAULT CHARSET=utf8mb4 COLLATE=utf8mb4_0900_ai_ci;
/*!40101 SET character_set_client = @saved_cs_client */;

--
-- Dumping data for table `WEB_ORIGINS`
--

LOCK TABLES `WEB_ORIGINS` WRITE;
/*!40000 ALTER TABLE `WEB_ORIGINS` DISABLE KEYS */;
INSERT INTO `WEB_ORIGINS` VALUES ('32b9c9ed-144d-4c00-85e3-6657b0f37925','+'),('a1604d53-1ef0-41f6-92ca-f9ab8dea20e0','+'),('ae9915e7-77b0-427e-8586-0ef575e74160','*'),('ea4f5ebe-4a09-4b92-ac63-d3b77f961969','/*'),('fbf4b924-3602-4938-b37b-cde7187491aa','/*');
/*!40000 ALTER TABLE `WEB_ORIGINS` ENABLE KEYS */;
UNLOCK TABLES;

--
-- Current Database: `myfitness`
--

CREATE DATABASE /*!32312 IF NOT EXISTS*/ `myfitness` /*!40100 DEFAULT CHARACTER SET utf8mb4 COLLATE utf8mb4_0900_ai_ci */ /*!80016 DEFAULT ENCRYPTION='N' */;

USE `myfitness`;

--
-- Table structure for table `DATABASECHANGELOG`
--

DROP TABLE IF EXISTS `DATABASECHANGELOG`;
/*!40101 SET @saved_cs_client     = @@character_set_client */;
/*!50503 SET character_set_client = utf8mb4 */;
CREATE TABLE `DATABASECHANGELOG` (
  `ID` varchar(255) NOT NULL,
  `AUTHOR` varchar(255) NOT NULL,
  `FILENAME` varchar(255) NOT NULL,
  `DATEEXECUTED` datetime NOT NULL,
  `ORDEREXECUTED` int NOT NULL,
  `EXECTYPE` varchar(10) NOT NULL,
  `MD5SUM` varchar(35) DEFAULT NULL,
  `DESCRIPTION` varchar(255) DEFAULT NULL,
  `COMMENTS` varchar(255) DEFAULT NULL,
  `TAG` varchar(255) DEFAULT NULL,
  `LIQUIBASE` varchar(20) DEFAULT NULL,
  `CONTEXTS` varchar(255) DEFAULT NULL,
  `LABELS` varchar(255) DEFAULT NULL,
  `DEPLOYMENT_ID` varchar(10) DEFAULT NULL
) ENGINE=InnoDB DEFAULT CHARSET=utf8mb4 COLLATE=utf8mb4_0900_ai_ci;
/*!40101 SET character_set_client = @saved_cs_client */;

--
-- Dumping data for table `DATABASECHANGELOG`
--

LOCK TABLES `DATABASECHANGELOG` WRITE;
/*!40000 ALTER TABLE `DATABASECHANGELOG` DISABLE KEYS */;
INSERT INTO `DATABASECHANGELOG` VALUES ('1-create-users-table','me','db/changelog/db.changelog-master.xml','2025-04-01 07:23:28',1,'EXECUTED','9:bd9433101ebfddae6e7724c7f609dd37','createTable tableName=users; addUniqueConstraint constraintName=uk_users_keycloak_user_id, tableName=users','',NULL,'4.29.2',NULL,NULL,'3492208243'),('2-create-clients-table','me','db/changelog/db.changelog-master.xml','2025-04-01 07:23:28',2,'EXECUTED','9:6d565bd30092112a6aec21a2b05e54dc','createTable tableName=clients; addForeignKeyConstraint baseTableName=clients, constraintName=fk_clients_user_id, referencedTableName=users','',NULL,'4.29.2',NULL,NULL,'3492208243'),('3-create-trainer_clients-table','me','db/changelog/db.changelog-master.xml','2025-04-01 07:23:28',3,'EXECUTED','9:d0db337b07cacdad96f6c1f4ebe3ae38','createTable tableName=trainer_clients; addForeignKeyConstraint baseTableName=trainer_clients, constraintName=fk_trainer_clients_trainer, referencedTableName=users; addForeignKeyConstraint baseTableName=trainer_clients, constraintName=fk_trainer_cl...','',NULL,'4.29.2',NULL,NULL,'3492208243'),('4-create-program_templates-table','me','db/changelog/db.changelog-master.xml','2025-04-01 07:23:28',4,'EXECUTED','9:a7a749dc878a1bcb8e554c07eae728ab','createTable tableName=program_templates; addForeignKeyConstraint baseTableName=program_templates, constraintName=fk_progtemp_trainer_id, referencedTableName=users','',NULL,'4.29.2',NULL,NULL,'3492208243'),('5-create-mesocycle_templates-table','me','db/changelog/db.changelog-master.xml','2025-04-01 07:23:29',5,'EXECUTED','9:3561260cf14387956db2b47557f9faf4','createTable tableName=mesocycle_templates; addForeignKeyConstraint baseTableName=mesocycle_templates, constraintName=fk_mesocycletemp_programtemp, referencedTableName=program_templates','',NULL,'4.29.2',NULL,NULL,'3492208243'),('6-create-microcycle_templates-table','me','db/changelog/db.changelog-master.xml','2025-04-01 07:23:29',6,'EXECUTED','9:3f997a5dfdefb564fdad0a949887d690','createTable tableName=microcycle_templates; addForeignKeyConstraint baseTableName=microcycle_templates, constraintName=fk_microtemp_mesotemp, referencedTableName=mesocycle_templates','',NULL,'4.29.2',NULL,NULL,'3492208243'),('7-create-workout_templates-table','me','db/changelog/db.changelog-master.xml','2025-04-01 07:23:29',7,'EXECUTED','9:20ca69e83016e0dfedc3760caae8b59e','createTable tableName=workout_templates; addForeignKeyConstraint baseTableName=workout_templates, constraintName=fk_wtemplates_trainer_id, referencedTableName=users','',NULL,'4.29.2',NULL,NULL,'3492208243'),('8-create-microcycle_template_workouts-table','me','db/changelog/db.changelog-master.xml','2025-04-01 07:23:29',8,'EXECUTED','9:bb591ce600a3b2c56080ba76f11dfa69','createTable tableName=microcycle_template_workouts; addForeignKeyConstraint baseTableName=microcycle_template_workouts, constraintName=fk_mctw_mctemplate, referencedTableName=microcycle_templates; addForeignKeyConstraint baseTableName=microcycle_t...','',NULL,'4.29.2',NULL,NULL,'3492208243'),('9-create-programs-table','me','db/changelog/db.changelog-master.xml','2025-04-01 07:23:29',9,'EXECUTED','9:1e8294fc158b13ab7459ad49e13dba50','createTable tableName=programs; addForeignKeyConstraint baseTableName=programs, constraintName=fk_programs_trainer_id, referencedTableName=users','',NULL,'4.29.2',NULL,NULL,'3492208243'),('10-create-mesocycles-table','me','db/changelog/db.changelog-master.xml','2025-04-01 07:23:29',10,'EXECUTED','9:917c8128b317007423835dde3c0aacc6','createTable tableName=mesocycles; addForeignKeyConstraint baseTableName=mesocycles, constraintName=fk_mesocycles_program_id, referencedTableName=programs','',NULL,'4.29.2',NULL,NULL,'3492208243'),('11-create-microcycles-table','me','db/changelog/db.changelog-master.xml','2025-04-01 07:23:29',11,'EXECUTED','9:97969d7c5ba9146e3f9a6bbb6b81c429','createTable tableName=microcycles; addForeignKeyConstraint baseTableName=microcycles, constraintName=fk_microcycles_mesocycle_id, referencedTableName=mesocycles','',NULL,'4.29.2',NULL,NULL,'3492208243'),('12-create-training_sessions-table','me','db/changelog/db.changelog-master.xml','2025-04-01 07:23:30',12,'EXECUTED','9:68d4759eac8635f7fdbc070f663bdd86','createTable tableName=training_sessions; addForeignKeyConstraint baseTableName=training_sessions, constraintName=fk_ts_trainer_id, referencedTableName=users; addForeignKeyConstraint baseTableName=training_sessions, constraintName=fk_ts_client_id, ...','',NULL,'4.29.2',NULL,NULL,'3492208243'),('13-create-exercises-table','me','db/changelog/db.changelog-master.xml','2025-04-01 07:23:30',13,'EXECUTED','9:4304bd29b0a892cf88b4893ac036fd41','createTable tableName=exercises; addForeignKeyConstraint baseTableName=exercises, constraintName=fk_exercises_trainer_id, referencedTableName=users','',NULL,'4.29.2',NULL,NULL,'3492208243'),('14-create-workout_template_exercises-table','me','db/changelog/db.changelog-master.xml','2025-04-01 07:23:30',14,'EXECUTED','9:ca367e811cd31bfde9eb3c7742784e12','createTable tableName=workout_template_exercises; addForeignKeyConstraint baseTableName=workout_template_exercises, constraintName=fk_wte_wtemplate_id, referencedTableName=workout_templates; addForeignKeyConstraint baseTableName=workout_template_e...','',NULL,'4.29.2',NULL,NULL,'3492208243'),('15-create-workout_instances-table','me','db/changelog/db.changelog-master.xml','2025-04-01 07:23:30',15,'EXECUTED','9:d19111f3ed5d8c8304cc6dc2e98ce8fb','createTable tableName=workout_instances; addForeignKeyConstraint baseTableName=workout_instances, constraintName=fk_wi_session_id, referencedTableName=training_sessions; addForeignKeyConstraint baseTableName=workout_instances, constraintName=fk_wi...','',NULL,'4.29.2',NULL,NULL,'3492208243'),('16-create-workout_instance_exercises-table','me','db/changelog/db.changelog-master.xml','2025-04-01 07:23:31',16,'EXECUTED','9:2fa2b701711f3643c4b0f4357beb7857','createTable tableName=workout_instance_exercises; addForeignKeyConstraint baseTableName=workout_instance_exercises, constraintName=fk_wie_wi_id, referencedTableName=workout_instances; addForeignKeyConstraint baseTableName=workout_instance_exercise...','',NULL,'4.29.2',NULL,NULL,'3492208243'),('17-create-exercise_substitutions-table','me','db/changelog/db.changelog-master.xml','2025-04-01 07:23:31',17,'EXECUTED','9:49053f565be78c52751aef21963052aa','createTable tableName=exercise_substitutions; addForeignKeyConstraint baseTableName=exercise_substitutions, constraintName=fk_exsub_primary_id, referencedTableName=exercises; addForeignKeyConstraint baseTableName=exercise_substitutions, constraint...','',NULL,'4.29.2',NULL,NULL,'3492208243'),('18-create-nutrition_plan_templates-table','me','db/changelog/db.changelog-master.xml','2025-04-01 07:23:31',18,'EXECUTED','9:f9cabd4b1cef95e405e3ac2a5e1eb1a1','createTable tableName=nutrition_plan_templates; addForeignKeyConstraint baseTableName=nutrition_plan_templates, constraintName=fk_npt_trainer_id, referencedTableName=users','',NULL,'4.29.2',NULL,NULL,'3492208243'),('19-create-nutrition_plan_template_items-table','me','db/changelog/db.changelog-master.xml','2025-04-01 07:23:31',19,'EXECUTED','9:c201a516b7a55ec22cd0d32a9a342903','createTable tableName=nutrition_plan_template_items; addForeignKeyConstraint baseTableName=nutrition_plan_template_items, constraintName=fk_nptitems_nptemplate_id, referencedTableName=nutrition_plan_templates','',NULL,'4.29.2',NULL,NULL,'3492208243'),('20-create-nutrition_plans-table','me','db/changelog/db.changelog-master.xml','2025-04-01 07:23:31',20,'EXECUTED','9:294d3bbbd9c50ba2df719ef66ab206f2','createTable tableName=nutrition_plans; addForeignKeyConstraint baseTableName=nutrition_plans, constraintName=fk_nplans_trainer_id, referencedTableName=users','',NULL,'4.29.2',NULL,NULL,'3492208243'),('21-create-nutrition_plan_items-table','me','db/changelog/db.changelog-master.xml','2025-04-01 07:23:32',21,'EXECUTED','9:81c982d5e200b380eea128c9a5cfd446','createTable tableName=nutrition_plan_items; addForeignKeyConstraint baseTableName=nutrition_plan_items, constraintName=fk_npitems_nplan_id, referencedTableName=nutrition_plans','',NULL,'4.29.2',NULL,NULL,'3492208243'),('22-create-client_program_nutrition_plan_association-table','me','db/changelog/db.changelog-master.xml','2025-04-01 07:23:32',22,'EXECUTED','9:806ba0b2961a82e000e2cd73bf29419e','createTable tableName=client_program_nutrition_plan_association; addForeignKeyConstraint baseTableName=client_program_nutrition_plan_association, constraintName=fk_cpnpa_client_id, referencedTableName=clients; addForeignKeyConstraint baseTableName...','',NULL,'4.29.2',NULL,NULL,'3492208243'),('23-create-feedback-table','me','db/changelog/db.changelog-master.xml','2025-04-01 07:23:32',23,'EXECUTED','9:ac9ccc3802f3776b6aee5de9c921f329','createTable tableName=feedback; addForeignKeyConstraint baseTableName=feedback, constraintName=fk_feedback_user_id, referencedTableName=users','',NULL,'4.29.2',NULL,NULL,'3492208243'),('24-create-change_log-table','me','db/changelog/db.changelog-master.xml','2025-04-01 07:23:32',24,'EXECUTED','9:b2fa53c075911312c414eb7b1304101b','createTable tableName=change_log; addForeignKeyConstraint baseTableName=change_log, constraintName=fk_changelog_user_id, referencedTableName=users','',NULL,'4.29.2',NULL,NULL,'3492208243'),('25-create-aggregated_stats-table','me','db/changelog/db.changelog-master.xml','2025-04-01 07:23:32',25,'EXECUTED','9:dc5b599b86d71bfe9ffa3cd7bde296be','createTable tableName=aggregated_stats; addForeignKeyConstraint baseTableName=aggregated_stats, constraintName=fk_agstats_client_id, referencedTableName=clients','',NULL,'4.29.2',NULL,NULL,'3492208243'),('26-create-achievements-table','me','db/changelog/db.changelog-master.xml','2025-04-01 07:23:32',26,'EXECUTED','9:a318e03a5eb1ab8215c895989b24467f','createTable tableName=achievements','',NULL,'4.29.2',NULL,NULL,'3492208243'),('27-create-user_achievements-table','me','db/changelog/db.changelog-master.xml','2025-04-01 07:23:33',27,'EXECUTED','9:8ca76b873ec3c80bb8158541caac5f26','createTable tableName=user_achievements; addForeignKeyConstraint baseTableName=user_achievements, constraintName=fk_uach_user_id, referencedTableName=users; addForeignKeyConstraint baseTableName=user_achievements, constraintName=fk_uach_achievemen...','',NULL,'4.29.2',NULL,NULL,'3492208243'),('20250525-1','assistant','db/changelog/2025-05-25-add-exercise-instance-set-tables.xml','2025-05-25 12:08:35',28,'EXECUTED','9:0ffaa6929d53fd767d62fd616bd05c78','createTable tableName=exercise_has_sets; addForeignKeyConstraint baseTableName=exercise_has_sets, constraintName=fk_ehs_workout_template_exercise, referencedTableName=workout_template_exercises','',NULL,'4.29.2',NULL,NULL,'8174915140'),('20250525-2','assistant','db/changelog/2025-05-25-add-exercise-instance-set-tables.xml','2025-05-25 12:08:35',29,'EXECUTED','9:6362a9df9a64a33379d73f6b1e62acc0','createTable tableName=workout_instance_exercise_has_sets; addForeignKeyConstraint baseTableName=workout_instance_exercise_has_sets, constraintName=fk_wiehs_workout_instance_exercise, referencedTableName=workout_instance_exercises','',NULL,'4.29.2',NULL,NULL,'8174915140'),('20250525-3','assistant','db/changelog/2025-05-25-add-exercise-instance-set-tables.xml','2025-05-25 12:08:35',30,'EXECUTED','9:936d079352b39608acce6bddfb361712','createTable tableName=set_data; addForeignKeyConstraint baseTableName=set_data, constraintName=fk_sd_exercise_set, referencedTableName=exercise_has_sets; addForeignKeyConstraint baseTableName=set_data, constraintName=fk_sd_instance_set, referenced...','',NULL,'4.29.2',NULL,NULL,'8174915140'),('20250526-1','assistant','db/changelog/2025-05-26-add-default-sets-to-exercises.xml','2025-05-25 16:07:59',31,'EXECUTED','9:872afeae77a5d29b083b74db6bf0dd5e','addColumn tableName=exercises','',NULL,'4.29.2',NULL,NULL,'8189279182'),('2025-05-31-training-session-clients','gpt','db/changelog/2025-05-31-training-session-clients.xml','2025-05-31 19:42:18',32,'EXECUTED','9:f7cccab04e4f599ae8f4a2bca23ade8a','dropForeignKeyConstraint baseTableName=training_sessions, constraintName=fk_ts_client_id; dropColumn columnName=client_id, tableName=training_sessions; createTable tableName=training_session_clients; addPrimaryKey constraintName=pk_training_sessio...','',NULL,'4.29.2',NULL,NULL,'8720537756'),('20250601-add-end-time','gpt','db/changelog/V2025-06-01-add_end_time_to_training_sessions.xml','2025-06-02 06:54:42',33,'EXECUTED','9:f3599c45fc40d904ff5dbf8d465f2524','renameColumn newColumnName=start_time, oldColumnName=scheduled_date, tableName=training_sessions; addColumn tableName=training_sessions; modifyDataType columnName=end_time, tableName=training_sessions','',NULL,'4.29.2',NULL,NULL,'8847282077'),('20250604-1-ts-wi-cascade','gpt','db/changelog/2025-06-04-cascade-training-session-and-workout-template-hierarchy.xml','2025-06-04 18:09:33',34,'EXECUTED','9:e7df0bf906b4e81b7d64add6b283d619','dropForeignKeyConstraint baseTableName=workout_instances, constraintName=fk_wi_session_id; addForeignKeyConstraint baseTableName=workout_instances, constraintName=fk_wi_session_id, referencedTableName=training_sessions','',NULL,'4.29.2',NULL,NULL,'9060573120'),('20250604-2-wie-wi-cascade','gpt','db/changelog/2025-06-04-cascade-training-session-and-workout-template-hierarchy.xml','2025-06-04 18:09:34',35,'EXECUTED','9:37038d00e0053d31b41efbf371c00167','dropForeignKeyConstraint baseTableName=workout_instance_exercises, constraintName=fk_wie_wi_id; addForeignKeyConstraint baseTableName=workout_instance_exercises, constraintName=fk_wie_wi_id, referencedTableName=workout_instances','',NULL,'4.29.2',NULL,NULL,'9060573120'),('20250604-3-wiehs-wie-cascade','gpt','db/changelog/2025-06-04-cascade-training-session-and-workout-template-hierarchy.xml','2025-06-04 18:09:34',36,'EXECUTED','9:8df8d8ed436b9d741fde25b309214217','dropForeignKeyConstraint baseTableName=workout_instance_exercise_has_sets, constraintName=fk_wiehs_workout_instance_exercise; addForeignKeyConstraint baseTableName=workout_instance_exercise_has_sets, constraintName=fk_wiehs_workout_instance_exerci...','',NULL,'4.29.2',NULL,NULL,'9060573120'),('20250604-4-sd-instance-set-cascade','gpt','db/changelog/2025-06-04-cascade-training-session-and-workout-template-hierarchy.xml','2025-06-04 18:09:34',37,'EXECUTED','9:ed3a4ee771d1358bed9be3f2dbf64056','dropForeignKeyConstraint baseTableName=set_data, constraintName=fk_sd_instance_set; addForeignKeyConstraint baseTableName=set_data, constraintName=fk_sd_instance_set, referencedTableName=workout_instance_exercise_has_sets','',NULL,'4.29.2',NULL,NULL,'9060573120'),('20250604-5-wte-wt-cascade','gpt','db/changelog/2025-06-04-cascade-training-session-and-workout-template-hierarchy.xml','2025-06-04 18:09:35',38,'EXECUTED','9:10015f01d77b213735808b38f31a2391','dropForeignKeyConstraint baseTableName=workout_template_exercises, constraintName=fk_wte_wtemplate_id; addForeignKeyConstraint baseTableName=workout_template_exercises, constraintName=fk_wte_wtemplate_id, referencedTableName=workout_templates','',NULL,'4.29.2',NULL,NULL,'9060573120'),('20250604-6-ehs-wte-cascade','gpt','db/changelog/2025-06-04-cascade-training-session-and-workout-template-hierarchy.xml','2025-06-04 18:09:35',39,'EXECUTED','9:93722c7e30d01b3d95e138fa7c85930b','dropForeignKeyConstraint baseTableName=exercise_has_sets, constraintName=fk_ehs_workout_template_exercise; addForeignKeyConstraint baseTableName=exercise_has_sets, constraintName=fk_ehs_workout_template_exercise, referencedTableName=workout_templa...','',NULL,'4.29.2',NULL,NULL,'9060573120'),('20250604-7-sd-ex-set-cascade','gpt','db/changelog/2025-06-04-cascade-training-session-and-workout-template-hierarchy.xml','2025-06-04 18:09:35',40,'EXECUTED','9:d2710d1f09305056f935358ec1afcadc','dropForeignKeyConstraint baseTableName=set_data, constraintName=fk_sd_exercise_set; addForeignKeyConstraint baseTableName=set_data, constraintName=fk_sd_exercise_set, referencedTableName=exercise_has_sets','',NULL,'4.29.2',NULL,NULL,'9060573120');
/*!40000 ALTER TABLE `DATABASECHANGELOG` ENABLE KEYS */;
UNLOCK TABLES;

--
-- Table structure for table `DATABASECHANGELOGLOCK`
--

DROP TABLE IF EXISTS `DATABASECHANGELOGLOCK`;
/*!40101 SET @saved_cs_client     = @@character_set_client */;
/*!50503 SET character_set_client = utf8mb4 */;
CREATE TABLE `DATABASECHANGELOGLOCK` (
  `ID` int NOT NULL,
  `LOCKED` tinyint NOT NULL,
  `LOCKGRANTED` datetime DEFAULT NULL,
  `LOCKEDBY` varchar(255) DEFAULT NULL,
  PRIMARY KEY (`ID`)
) ENGINE=InnoDB DEFAULT CHARSET=utf8mb4 COLLATE=utf8mb4_0900_ai_ci;
/*!40101 SET character_set_client = @saved_cs_client */;

--
-- Dumping data for table `DATABASECHANGELOGLOCK`
--

LOCK TABLES `DATABASECHANGELOGLOCK` WRITE;
/*!40000 ALTER TABLE `DATABASECHANGELOGLOCK` DISABLE KEYS */;
INSERT INTO `DATABASECHANGELOGLOCK` VALUES (1,0,NULL,NULL);
/*!40000 ALTER TABLE `DATABASECHANGELOGLOCK` ENABLE KEYS */;
UNLOCK TABLES;

--
-- Table structure for table `achievements`
--

DROP TABLE IF EXISTS `achievements`;
/*!40101 SET @saved_cs_client     = @@character_set_client */;
/*!50503 SET character_set_client = utf8mb4 */;
CREATE TABLE `achievements` (
  `id` bigint NOT NULL AUTO_INCREMENT,
  `achievement_name` varchar(100) NOT NULL,
  `description` text,
  `category` int DEFAULT NULL,
  `threshold` int DEFAULT NULL,
  `created_at` datetime DEFAULT NULL,
  `image_name` varchar(50) DEFAULT NULL,
  PRIMARY KEY (`id`)
) ENGINE=InnoDB DEFAULT CHARSET=utf8mb4 COLLATE=utf8mb4_0900_ai_ci;
/*!40101 SET character_set_client = @saved_cs_client */;

--
-- Dumping data for table `achievements`
--

LOCK TABLES `achievements` WRITE;
/*!40000 ALTER TABLE `achievements` DISABLE KEYS */;
/*!40000 ALTER TABLE `achievements` ENABLE KEYS */;
UNLOCK TABLES;

--
-- Table structure for table `aggregated_stats`
--

DROP TABLE IF EXISTS `aggregated_stats`;
/*!40101 SET @saved_cs_client     = @@character_set_client */;
/*!50503 SET character_set_client = utf8mb4 */;
CREATE TABLE `aggregated_stats` (
  `id` bigint NOT NULL AUTO_INCREMENT,
  `client_id` bigint NOT NULL,
  `entity_type` varchar(50) NOT NULL,
  `entity_id` bigint NOT NULL,
  `total_volume` int DEFAULT NULL,
  `average_weight` decimal(6,2) DEFAULT NULL,
  `rating_average` decimal(3,2) DEFAULT NULL,
  `start_date` date DEFAULT NULL,
  `end_date` date DEFAULT NULL,
  `created_at` datetime DEFAULT NULL,
  PRIMARY KEY (`id`),
  KEY `fk_agstats_client_id` (`client_id`),
  CONSTRAINT `fk_agstats_client_id` FOREIGN KEY (`client_id`) REFERENCES `clients` (`id`)
) ENGINE=InnoDB DEFAULT CHARSET=utf8mb4 COLLATE=utf8mb4_0900_ai_ci;
/*!40101 SET character_set_client = @saved_cs_client */;

--
-- Dumping data for table `aggregated_stats`
--

LOCK TABLES `aggregated_stats` WRITE;
/*!40000 ALTER TABLE `aggregated_stats` DISABLE KEYS */;
/*!40000 ALTER TABLE `aggregated_stats` ENABLE KEYS */;
UNLOCK TABLES;

--
-- Table structure for table `change_log`
--

DROP TABLE IF EXISTS `change_log`;
/*!40101 SET @saved_cs_client     = @@character_set_client */;
/*!50503 SET character_set_client = utf8mb4 */;
CREATE TABLE `change_log` (
  `id` bigint NOT NULL AUTO_INCREMENT,
  `changed_by_user_id` bigint NOT NULL,
  `item_type` varchar(50) NOT NULL,
  `item_id` bigint NOT NULL,
  `change_description` text,
  `old_value` text,
  `new_value` text,
  `created_at` datetime DEFAULT NULL,
  PRIMARY KEY (`id`),
  KEY `fk_changelog_user_id` (`changed_by_user_id`),
  CONSTRAINT `fk_changelog_user_id` FOREIGN KEY (`changed_by_user_id`) REFERENCES `users` (`id`)
) ENGINE=InnoDB DEFAULT CHARSET=utf8mb4 COLLATE=utf8mb4_0900_ai_ci;
/*!40101 SET character_set_client = @saved_cs_client */;

--
-- Dumping data for table `change_log`
--

LOCK TABLES `change_log` WRITE;
/*!40000 ALTER TABLE `change_log` DISABLE KEYS */;
/*!40000 ALTER TABLE `change_log` ENABLE KEYS */;
UNLOCK TABLES;

--
-- Table structure for table `client_program_nutrition_plan_association`
--

DROP TABLE IF EXISTS `client_program_nutrition_plan_association`;
/*!40101 SET @saved_cs_client     = @@character_set_client */;
/*!50503 SET character_set_client = utf8mb4 */;
CREATE TABLE `client_program_nutrition_plan_association` (
  `id` bigint NOT NULL AUTO_INCREMENT,
  `client_id` bigint NOT NULL,
  `nutrition_plan_id` bigint NOT NULL,
  `program_id` bigint DEFAULT NULL,
  `custom_name` varchar(100) DEFAULT NULL,
  `description_override` text,
  `assigned_at` datetime DEFAULT CURRENT_TIMESTAMP,
  `status` varchar(50) DEFAULT 'ACTIVE',
  `created_at` datetime DEFAULT NULL,
  `updated_at` datetime DEFAULT NULL,
  PRIMARY KEY (`id`),
  KEY `fk_cpnpa_client_id` (`client_id`),
  KEY `fk_cpnpa_nplan_id` (`nutrition_plan_id`),
  KEY `fk_cpnpa_program_id` (`program_id`),
  CONSTRAINT `fk_cpnpa_client_id` FOREIGN KEY (`client_id`) REFERENCES `clients` (`id`),
  CONSTRAINT `fk_cpnpa_nplan_id` FOREIGN KEY (`nutrition_plan_id`) REFERENCES `nutrition_plans` (`id`),
  CONSTRAINT `fk_cpnpa_program_id` FOREIGN KEY (`program_id`) REFERENCES `programs` (`id`)
) ENGINE=InnoDB DEFAULT CHARSET=utf8mb4 COLLATE=utf8mb4_0900_ai_ci;
/*!40101 SET character_set_client = @saved_cs_client */;

--
-- Dumping data for table `client_program_nutrition_plan_association`
--

LOCK TABLES `client_program_nutrition_plan_association` WRITE;
/*!40000 ALTER TABLE `client_program_nutrition_plan_association` DISABLE KEYS */;
/*!40000 ALTER TABLE `client_program_nutrition_plan_association` ENABLE KEYS */;
UNLOCK TABLES;

--
-- Table structure for table `clients`
--

DROP TABLE IF EXISTS `clients`;
/*!40101 SET @saved_cs_client     = @@character_set_client */;
/*!50503 SET character_set_client = utf8mb4 */;
CREATE TABLE `clients` (
  `id` bigint NOT NULL AUTO_INCREMENT,
  `user_id` bigint DEFAULT NULL,
  `full_name` varchar(100) NOT NULL,
  `email` varchar(100) DEFAULT NULL,
  `phone` varchar(30) DEFAULT NULL,
  `created_at` datetime DEFAULT NULL,
  `updated_at` datetime DEFAULT NULL,
  PRIMARY KEY (`id`),
  KEY `fk_clients_user_id` (`user_id`),
  CONSTRAINT `fk_clients_user_id` FOREIGN KEY (`user_id`) REFERENCES `users` (`id`)
) ENGINE=InnoDB AUTO_INCREMENT=17 DEFAULT CHARSET=utf8mb4 COLLATE=utf8mb4_0900_ai_ci;
/*!40101 SET character_set_client = @saved_cs_client */;

--
-- Dumping data for table `clients`
--

LOCK TABLES `clients` WRITE;
/*!40000 ALTER TABLE `clients` DISABLE KEYS */;
INSERT INTO `clients` VALUES (2,1,'EbiPedal123','ebacha123@gmail.com','0882706700','2025-05-06 08:52:02',NULL),(4,1,'Simkata bate',NULL,NULL,'2025-05-06 09:08:25',NULL),(5,1,'milenkata bilenkata',NULL,NULL,'2025-05-10 13:03:33',NULL),(7,1,'are be ovcharche',NULL,NULL,'2025-05-10 13:12:53',NULL),(8,1,'asdasd',NULL,NULL,'2025-05-10 13:14:51',NULL),(9,1,'dsadasdas',NULL,NULL,'2025-05-10 13:14:54',NULL),(11,1,'w2eqd1grte5y43',NULL,NULL,'2025-05-10 13:15:11',NULL),(12,1,'jeythrds','jeythrds@gmail.com',NULL,'2025-05-10 13:15:17','2025-05-10 13:39:35'),(13,1,'somename','someemail111@gmail.com','0882706700','2025-05-26 07:56:32',NULL),(14,1,'somename','someemail111@gmail.com','0882706700','2025-05-26 07:56:32',NULL),(16,1,'aaa','aa@g.c','123123','2025-05-26 07:56:48',NULL);
/*!40000 ALTER TABLE `clients` ENABLE KEYS */;
UNLOCK TABLES;

--
-- Table structure for table `exercise_has_sets`
--

DROP TABLE IF EXISTS `exercise_has_sets`;
/*!40101 SET @saved_cs_client     = @@character_set_client */;
/*!50503 SET character_set_client = utf8mb4 */;
CREATE TABLE `exercise_has_sets` (
  `id` bigint NOT NULL AUTO_INCREMENT,
  `workout_exercise_id` bigint NOT NULL,
  `set_number` int NOT NULL,
  PRIMARY KEY (`id`),
  KEY `fk_ehs_workout_template_exercise` (`workout_exercise_id`),
  CONSTRAINT `fk_ehs_workout_template_exercise` FOREIGN KEY (`workout_exercise_id`) REFERENCES `workout_template_exercises` (`id`) ON DELETE CASCADE
) ENGINE=InnoDB AUTO_INCREMENT=241 DEFAULT CHARSET=utf8mb4 COLLATE=utf8mb4_0900_ai_ci;
/*!40101 SET character_set_client = @saved_cs_client */;

--
-- Dumping data for table `exercise_has_sets`
--

LOCK TABLES `exercise_has_sets` WRITE;
/*!40000 ALTER TABLE `exercise_has_sets` DISABLE KEYS */;
INSERT INTO `exercise_has_sets` VALUES (236,268,1),(237,269,1),(238,269,2),(239,269,3),(240,270,1);
/*!40000 ALTER TABLE `exercise_has_sets` ENABLE KEYS */;
UNLOCK TABLES;

--
-- Table structure for table `exercise_substitutions`
--

DROP TABLE IF EXISTS `exercise_substitutions`;
/*!40101 SET @saved_cs_client     = @@character_set_client */;
/*!50503 SET character_set_client = utf8mb4 */;
CREATE TABLE `exercise_substitutions` (
  `id` bigint NOT NULL AUTO_INCREMENT,
  `primary_exercise_id` bigint NOT NULL,
  `substitute_exercise_id` bigint NOT NULL,
  `created_at` datetime DEFAULT NULL,
  PRIMARY KEY (`id`),
  KEY `fk_exsub_primary_id` (`primary_exercise_id`),
  KEY `fk_exsub_substitute_id` (`substitute_exercise_id`),
  CONSTRAINT `fk_exsub_primary_id` FOREIGN KEY (`primary_exercise_id`) REFERENCES `exercises` (`id`),
  CONSTRAINT `fk_exsub_substitute_id` FOREIGN KEY (`substitute_exercise_id`) REFERENCES `exercises` (`id`)
) ENGINE=InnoDB DEFAULT CHARSET=utf8mb4 COLLATE=utf8mb4_0900_ai_ci;
/*!40101 SET character_set_client = @saved_cs_client */;

--
-- Dumping data for table `exercise_substitutions`
--

LOCK TABLES `exercise_substitutions` WRITE;
/*!40000 ALTER TABLE `exercise_substitutions` DISABLE KEYS */;
/*!40000 ALTER TABLE `exercise_substitutions` ENABLE KEYS */;
UNLOCK TABLES;

--
-- Table structure for table `exercises`
--

DROP TABLE IF EXISTS `exercises`;
/*!40101 SET @saved_cs_client     = @@character_set_client */;
/*!50503 SET character_set_client = utf8mb4 */;
CREATE TABLE `exercises` (
  `id` bigint NOT NULL AUTO_INCREMENT,
  `trainer_id` bigint DEFAULT NULL,
  `name` varchar(100) NOT NULL,
  `description` text,
  `is_custom` tinyint DEFAULT '0',
  `created_at` datetime DEFAULT NULL,
  `updated_at` datetime DEFAULT NULL,
  `default_set_type` varchar(50) DEFAULT NULL,
  `default_set_params` text,
  PRIMARY KEY (`id`),
  KEY `fk_exercises_trainer_id` (`trainer_id`),
  CONSTRAINT `fk_exercises_trainer_id` FOREIGN KEY (`trainer_id`) REFERENCES `users` (`id`)
) ENGINE=InnoDB AUTO_INCREMENT=6 DEFAULT CHARSET=utf8mb4 COLLATE=utf8mb4_0900_ai_ci;
/*!40101 SET character_set_client = @saved_cs_client */;

--
-- Dumping data for table `exercises`
--

LOCK TABLES `exercises` WRITE;
/*!40000 ALTER TABLE `exercises` DISABLE KEYS */;
INSERT INTO `exercises` VALUES (1,1,'pull-ups','u pull urself up nigga',1,'2025-05-21 22:43:14',NULL,'KG, REPS','KG, REPS'),(2,NULL,'push ups','push nigga',0,'2025-05-24 08:29:18',NULL,'KG, REPS','KG, REPS'),(3,NULL,'AHAHHA','aaaa',0,'2025-05-24 08:41:59',NULL,'KG, REPS','KG, REPS'),(4,1,'Bench Press (Barbell)','Barbell bench press targeting chest, shoulders, and triceps (equipment: barbell).',0,'2025-06-05 10:14:48',NULL,'Chest','KG,REPS'),(5,1,'SEX','MONI + VIKI = VNL',0,'2025-06-05 10:22:34',NULL,'Doggy','TIME');
/*!40000 ALTER TABLE `exercises` ENABLE KEYS */;
UNLOCK TABLES;

--
-- Table structure for table `feedback`
--

DROP TABLE IF EXISTS `feedback`;
/*!40101 SET @saved_cs_client     = @@character_set_client */;
/*!50503 SET character_set_client = utf8mb4 */;
CREATE TABLE `feedback` (
  `id` bigint NOT NULL AUTO_INCREMENT,
  `user_id` bigint NOT NULL,
  `item_type` varchar(50) NOT NULL,
  `item_id` bigint NOT NULL,
  `rating` int DEFAULT NULL,
  `comment` text,
  `created_at` datetime DEFAULT NULL,
  `updated_at` datetime DEFAULT NULL,
  PRIMARY KEY (`id`),
  KEY `fk_feedback_user_id` (`user_id`),
  CONSTRAINT `fk_feedback_user_id` FOREIGN KEY (`user_id`) REFERENCES `users` (`id`)
) ENGINE=InnoDB DEFAULT CHARSET=utf8mb4 COLLATE=utf8mb4_0900_ai_ci;
/*!40101 SET character_set_client = @saved_cs_client */;

--
-- Dumping data for table `feedback`
--

LOCK TABLES `feedback` WRITE;
/*!40000 ALTER TABLE `feedback` DISABLE KEYS */;
/*!40000 ALTER TABLE `feedback` ENABLE KEYS */;
UNLOCK TABLES;

--
-- Table structure for table `mesocycle_templates`
--

DROP TABLE IF EXISTS `mesocycle_templates`;
/*!40101 SET @saved_cs_client     = @@character_set_client */;
/*!50503 SET character_set_client = utf8mb4 */;
CREATE TABLE `mesocycle_templates` (
  `id` bigint NOT NULL AUTO_INCREMENT,
  `program_template_id` bigint NOT NULL,
  `name` varchar(100) NOT NULL,
  `goal` text,
  `description` text,
  `sequence_order` int DEFAULT NULL,
  `created_at` datetime DEFAULT NULL,
  `updated_at` datetime DEFAULT NULL,
  PRIMARY KEY (`id`),
  KEY `fk_mesocycletemp_programtemp` (`program_template_id`),
  CONSTRAINT `fk_mesocycletemp_programtemp` FOREIGN KEY (`program_template_id`) REFERENCES `program_templates` (`id`)
) ENGINE=InnoDB DEFAULT CHARSET=utf8mb4 COLLATE=utf8mb4_0900_ai_ci;
/*!40101 SET character_set_client = @saved_cs_client */;

--
-- Dumping data for table `mesocycle_templates`
--

LOCK TABLES `mesocycle_templates` WRITE;
/*!40000 ALTER TABLE `mesocycle_templates` DISABLE KEYS */;
/*!40000 ALTER TABLE `mesocycle_templates` ENABLE KEYS */;
UNLOCK TABLES;

--
-- Table structure for table `mesocycles`
--

DROP TABLE IF EXISTS `mesocycles`;
/*!40101 SET @saved_cs_client     = @@character_set_client */;
/*!50503 SET character_set_client = utf8mb4 */;
CREATE TABLE `mesocycles` (
  `id` bigint NOT NULL AUTO_INCREMENT,
  `program_id` bigint NOT NULL,
  `name` varchar(100) NOT NULL,
  `goal` text,
  `description` text,
  `start_date` date DEFAULT NULL,
  `end_date` date DEFAULT NULL,
  `sequence_order` int DEFAULT NULL,
  `created_at` datetime DEFAULT NULL,
  `updated_at` datetime DEFAULT NULL,
  PRIMARY KEY (`id`),
  KEY `fk_mesocycles_program_id` (`program_id`),
  CONSTRAINT `fk_mesocycles_program_id` FOREIGN KEY (`program_id`) REFERENCES `programs` (`id`)
) ENGINE=InnoDB DEFAULT CHARSET=utf8mb4 COLLATE=utf8mb4_0900_ai_ci;
/*!40101 SET character_set_client = @saved_cs_client */;

--
-- Dumping data for table `mesocycles`
--

LOCK TABLES `mesocycles` WRITE;
/*!40000 ALTER TABLE `mesocycles` DISABLE KEYS */;
/*!40000 ALTER TABLE `mesocycles` ENABLE KEYS */;
UNLOCK TABLES;

--
-- Table structure for table `microcycle_template_workouts`
--

DROP TABLE IF EXISTS `microcycle_template_workouts`;
/*!40101 SET @saved_cs_client     = @@character_set_client */;
/*!50503 SET character_set_client = utf8mb4 */;
CREATE TABLE `microcycle_template_workouts` (
  `id` bigint NOT NULL AUTO_INCREMENT,
  `microcycle_template_id` bigint NOT NULL,
  `day_index` int NOT NULL,
  `workout_template_id` bigint DEFAULT NULL,
  `notes` text,
  `created_at` datetime DEFAULT NULL,
  `updated_at` datetime DEFAULT NULL,
  PRIMARY KEY (`id`),
  KEY `fk_mctw_mctemplate` (`microcycle_template_id`),
  KEY `fk_mctw_wtemplate` (`workout_template_id`),
  CONSTRAINT `fk_mctw_mctemplate` FOREIGN KEY (`microcycle_template_id`) REFERENCES `microcycle_templates` (`id`),
  CONSTRAINT `fk_mctw_wtemplate` FOREIGN KEY (`workout_template_id`) REFERENCES `workout_templates` (`id`)
) ENGINE=InnoDB DEFAULT CHARSET=utf8mb4 COLLATE=utf8mb4_0900_ai_ci;
/*!40101 SET character_set_client = @saved_cs_client */;

--
-- Dumping data for table `microcycle_template_workouts`
--

LOCK TABLES `microcycle_template_workouts` WRITE;
/*!40000 ALTER TABLE `microcycle_template_workouts` DISABLE KEYS */;
/*!40000 ALTER TABLE `microcycle_template_workouts` ENABLE KEYS */;
UNLOCK TABLES;

--
-- Table structure for table `microcycle_templates`
--

DROP TABLE IF EXISTS `microcycle_templates`;
/*!40101 SET @saved_cs_client     = @@character_set_client */;
/*!50503 SET character_set_client = utf8mb4 */;
CREATE TABLE `microcycle_templates` (
  `id` bigint NOT NULL AUTO_INCREMENT,
  `mesocycle_template_id` bigint NOT NULL,
  `name` varchar(100) NOT NULL,
  `goal` text,
  `description` text,
  `length_in_days` int DEFAULT NULL,
  `sequence_order` int DEFAULT NULL,
  `created_at` datetime DEFAULT NULL,
  `updated_at` datetime DEFAULT NULL,
  PRIMARY KEY (`id`),
  KEY `fk_microtemp_mesotemp` (`mesocycle_template_id`),
  CONSTRAINT `fk_microtemp_mesotemp` FOREIGN KEY (`mesocycle_template_id`) REFERENCES `mesocycle_templates` (`id`)
) ENGINE=InnoDB DEFAULT CHARSET=utf8mb4 COLLATE=utf8mb4_0900_ai_ci;
/*!40101 SET character_set_client = @saved_cs_client */;

--
-- Dumping data for table `microcycle_templates`
--

LOCK TABLES `microcycle_templates` WRITE;
/*!40000 ALTER TABLE `microcycle_templates` DISABLE KEYS */;
/*!40000 ALTER TABLE `microcycle_templates` ENABLE KEYS */;
UNLOCK TABLES;

--
-- Table structure for table `microcycles`
--

DROP TABLE IF EXISTS `microcycles`;
/*!40101 SET @saved_cs_client     = @@character_set_client */;
/*!50503 SET character_set_client = utf8mb4 */;
CREATE TABLE `microcycles` (
  `id` bigint NOT NULL AUTO_INCREMENT,
  `mesocycle_id` bigint NOT NULL,
  `name` varchar(100) NOT NULL,
  `goal` text,
  `description` text,
  `start_date` date DEFAULT NULL,
  `end_date` date DEFAULT NULL,
  `sequence_order` int DEFAULT NULL,
  `created_at` datetime DEFAULT NULL,
  `updated_at` datetime DEFAULT NULL,
  PRIMARY KEY (`id`),
  KEY `fk_microcycles_mesocycle_id` (`mesocycle_id`),
  CONSTRAINT `fk_microcycles_mesocycle_id` FOREIGN KEY (`mesocycle_id`) REFERENCES `mesocycles` (`id`)
) ENGINE=InnoDB DEFAULT CHARSET=utf8mb4 COLLATE=utf8mb4_0900_ai_ci;
/*!40101 SET character_set_client = @saved_cs_client */;

--
-- Dumping data for table `microcycles`
--

LOCK TABLES `microcycles` WRITE;
/*!40000 ALTER TABLE `microcycles` DISABLE KEYS */;
/*!40000 ALTER TABLE `microcycles` ENABLE KEYS */;
UNLOCK TABLES;

--
-- Table structure for table `nutrition_plan_items`
--

DROP TABLE IF EXISTS `nutrition_plan_items`;
/*!40101 SET @saved_cs_client     = @@character_set_client */;
/*!50503 SET character_set_client = utf8mb4 */;
CREATE TABLE `nutrition_plan_items` (
  `id` bigint NOT NULL AUTO_INCREMENT,
  `nutrition_plan_id` bigint NOT NULL,
  `item_name` varchar(100) DEFAULT NULL,
  `details` text,
  `sequence_order` int DEFAULT NULL,
  `created_at` datetime DEFAULT NULL,
  `updated_at` datetime DEFAULT NULL,
  PRIMARY KEY (`id`),
  KEY `fk_npitems_nplan_id` (`nutrition_plan_id`),
  CONSTRAINT `fk_npitems_nplan_id` FOREIGN KEY (`nutrition_plan_id`) REFERENCES `nutrition_plans` (`id`)
) ENGINE=InnoDB DEFAULT CHARSET=utf8mb4 COLLATE=utf8mb4_0900_ai_ci;
/*!40101 SET character_set_client = @saved_cs_client */;

--
-- Dumping data for table `nutrition_plan_items`
--

LOCK TABLES `nutrition_plan_items` WRITE;
/*!40000 ALTER TABLE `nutrition_plan_items` DISABLE KEYS */;
/*!40000 ALTER TABLE `nutrition_plan_items` ENABLE KEYS */;
UNLOCK TABLES;

--
-- Table structure for table `nutrition_plan_template_items`
--

DROP TABLE IF EXISTS `nutrition_plan_template_items`;
/*!40101 SET @saved_cs_client     = @@character_set_client */;
/*!50503 SET character_set_client = utf8mb4 */;
CREATE TABLE `nutrition_plan_template_items` (
  `id` bigint NOT NULL AUTO_INCREMENT,
  `nutrition_plan_template_id` bigint NOT NULL,
  `item_name` varchar(100) DEFAULT NULL,
  `details` text,
  `sequence_order` int DEFAULT NULL,
  `created_at` datetime DEFAULT NULL,
  `updated_at` datetime DEFAULT NULL,
  PRIMARY KEY (`id`),
  KEY `fk_nptitems_nptemplate_id` (`nutrition_plan_template_id`),
  CONSTRAINT `fk_nptitems_nptemplate_id` FOREIGN KEY (`nutrition_plan_template_id`) REFERENCES `nutrition_plan_templates` (`id`)
) ENGINE=InnoDB AUTO_INCREMENT=5 DEFAULT CHARSET=utf8mb4 COLLATE=utf8mb4_0900_ai_ci;
/*!40101 SET character_set_client = @saved_cs_client */;

--
-- Dumping data for table `nutrition_plan_template_items`
--

LOCK TABLES `nutrition_plan_template_items` WRITE;
/*!40000 ALTER TABLE `nutrition_plan_template_items` DISABLE KEYS */;
/*!40000 ALTER TABLE `nutrition_plan_template_items` ENABLE KEYS */;
UNLOCK TABLES;

--
-- Table structure for table `nutrition_plan_templates`
--

DROP TABLE IF EXISTS `nutrition_plan_templates`;
/*!40101 SET @saved_cs_client     = @@character_set_client */;
/*!50503 SET character_set_client = utf8mb4 */;
CREATE TABLE `nutrition_plan_templates` (
  `id` bigint NOT NULL AUTO_INCREMENT,
  `trainer_id` bigint DEFAULT NULL,
  `name` varchar(100) NOT NULL,
  `description` text,
  `created_at` datetime DEFAULT NULL,
  `updated_at` datetime DEFAULT NULL,
  PRIMARY KEY (`id`),
  KEY `fk_npt_trainer_id` (`trainer_id`),
  CONSTRAINT `fk_npt_trainer_id` FOREIGN KEY (`trainer_id`) REFERENCES `users` (`id`)
) ENGINE=InnoDB AUTO_INCREMENT=5 DEFAULT CHARSET=utf8mb4 COLLATE=utf8mb4_0900_ai_ci;
/*!40101 SET character_set_client = @saved_cs_client */;

--
-- Dumping data for table `nutrition_plan_templates`
--

LOCK TABLES `nutrition_plan_templates` WRITE;
/*!40000 ALTER TABLE `nutrition_plan_templates` DISABLE KEYS */;
INSERT INTO `nutrition_plan_templates` VALUES (1,1,'Lean Bulk Plan','High protein, moderate carb meal plan focused on muscle gain while minimizing fat.','2025-05-11 17:04:51','2025-05-26 08:00:03'),(2,1,'New name meals',NULL,'2025-05-11 17:11:04',NULL),(3,1,'11111','asdasdasdasd','2025-05-26 07:59:39','2025-05-26 08:10:17'),(4,1,'22','2','2025-05-26 08:10:27',NULL);
/*!40000 ALTER TABLE `nutrition_plan_templates` ENABLE KEYS */;
UNLOCK TABLES;

--
-- Table structure for table `nutrition_plans`
--

DROP TABLE IF EXISTS `nutrition_plans`;
/*!40101 SET @saved_cs_client     = @@character_set_client */;
/*!50503 SET character_set_client = utf8mb4 */;
CREATE TABLE `nutrition_plans` (
  `id` bigint NOT NULL AUTO_INCREMENT,
  `trainer_id` bigint NOT NULL,
  `name` varchar(100) NOT NULL,
  `description` text,
  `created_at` datetime DEFAULT NULL,
  `updated_at` datetime DEFAULT NULL,
  PRIMARY KEY (`id`),
  KEY `fk_nplans_trainer_id` (`trainer_id`),
  CONSTRAINT `fk_nplans_trainer_id` FOREIGN KEY (`trainer_id`) REFERENCES `users` (`id`)
) ENGINE=InnoDB DEFAULT CHARSET=utf8mb4 COLLATE=utf8mb4_0900_ai_ci;
/*!40101 SET character_set_client = @saved_cs_client */;

--
-- Dumping data for table `nutrition_plans`
--

LOCK TABLES `nutrition_plans` WRITE;
/*!40000 ALTER TABLE `nutrition_plans` DISABLE KEYS */;
/*!40000 ALTER TABLE `nutrition_plans` ENABLE KEYS */;
UNLOCK TABLES;

--
-- Table structure for table `program_templates`
--

DROP TABLE IF EXISTS `program_templates`;
/*!40101 SET @saved_cs_client     = @@character_set_client */;
/*!50503 SET character_set_client = utf8mb4 */;
CREATE TABLE `program_templates` (
  `id` bigint NOT NULL AUTO_INCREMENT,
  `trainer_id` bigint DEFAULT NULL,
  `name` varchar(100) NOT NULL,
  `goal` text,
  `description` text,
  `created_at` datetime DEFAULT NULL,
  `updated_at` datetime DEFAULT NULL,
  PRIMARY KEY (`id`),
  KEY `fk_progtemp_trainer_id` (`trainer_id`),
  CONSTRAINT `fk_progtemp_trainer_id` FOREIGN KEY (`trainer_id`) REFERENCES `users` (`id`)
) ENGINE=InnoDB DEFAULT CHARSET=utf8mb4 COLLATE=utf8mb4_0900_ai_ci;
/*!40101 SET character_set_client = @saved_cs_client */;

--
-- Dumping data for table `program_templates`
--

LOCK TABLES `program_templates` WRITE;
/*!40000 ALTER TABLE `program_templates` DISABLE KEYS */;
/*!40000 ALTER TABLE `program_templates` ENABLE KEYS */;
UNLOCK TABLES;

--
-- Table structure for table `programs`
--

DROP TABLE IF EXISTS `programs`;
/*!40101 SET @saved_cs_client     = @@character_set_client */;
/*!50503 SET character_set_client = utf8mb4 */;
CREATE TABLE `programs` (
  `id` bigint NOT NULL AUTO_INCREMENT,
  `trainer_id` bigint NOT NULL,
  `name` varchar(100) NOT NULL,
  `goal` text,
  `description` text,
  `created_at` datetime DEFAULT NULL,
  `updated_at` datetime DEFAULT NULL,
  PRIMARY KEY (`id`),
  KEY `fk_programs_trainer_id` (`trainer_id`),
  CONSTRAINT `fk_programs_trainer_id` FOREIGN KEY (`trainer_id`) REFERENCES `users` (`id`)
) ENGINE=InnoDB DEFAULT CHARSET=utf8mb4 COLLATE=utf8mb4_0900_ai_ci;
/*!40101 SET character_set_client = @saved_cs_client */;

--
-- Dumping data for table `programs`
--

LOCK TABLES `programs` WRITE;
/*!40000 ALTER TABLE `programs` DISABLE KEYS */;
/*!40000 ALTER TABLE `programs` ENABLE KEYS */;
UNLOCK TABLES;

--
-- Table structure for table `set_data`
--

DROP TABLE IF EXISTS `set_data`;
/*!40101 SET @saved_cs_client     = @@character_set_client */;
/*!50503 SET character_set_client = utf8mb4 */;
CREATE TABLE `set_data` (
  `id` bigint NOT NULL AUTO_INCREMENT,
  `type` varchar(20) NOT NULL,
  `value` double NOT NULL,
  `exercise_set_id` bigint DEFAULT NULL,
  `instance_set_id` bigint DEFAULT NULL,
  PRIMARY KEY (`id`),
  KEY `fk_sd_instance_set` (`instance_set_id`),
  KEY `fk_sd_exercise_set` (`exercise_set_id`),
  CONSTRAINT `fk_sd_exercise_set` FOREIGN KEY (`exercise_set_id`) REFERENCES `exercise_has_sets` (`id`) ON DELETE CASCADE,
  CONSTRAINT `fk_sd_instance_set` FOREIGN KEY (`instance_set_id`) REFERENCES `workout_instance_exercise_has_sets` (`id`) ON DELETE CASCADE
) ENGINE=InnoDB AUTO_INCREMENT=652 DEFAULT CHARSET=utf8mb4 COLLATE=utf8mb4_0900_ai_ci;
/*!40101 SET character_set_client = @saved_cs_client */;

--
-- Dumping data for table `set_data`
--

LOCK TABLES `set_data` WRITE;
/*!40000 ALTER TABLE `set_data` DISABLE KEYS */;
INSERT INTO `set_data` VALUES (572,'KG',0,NULL,90),(573,'REPS',0,NULL,90),(574,'KG',0,NULL,91),(575,'REPS',0,NULL,91),(576,'KG',0,NULL,92),(577,'REPS',0,NULL,92),(578,'KG',0,NULL,93),(579,'REPS',0,NULL,93),(580,'KG',0,NULL,94),(581,'REPS',0,NULL,94),(582,'KG',0,NULL,95),(583,'REPS',0,NULL,95),(584,'KG',0,NULL,96),(585,'REPS',0,NULL,96),(586,'KG',0,NULL,97),(587,'REPS',0,NULL,97),(588,'KG',0,NULL,98),(589,'REPS',0,NULL,98),(612,'KG',0,236,NULL),(613,'REPS',0,236,NULL),(614,'KG',0,237,NULL),(615,'REPS',0,237,NULL),(616,'KG',0,238,NULL),(617,'REPS',0,238,NULL),(618,'KG',0,239,NULL),(619,'REPS',0,239,NULL),(620,'KG',0,240,NULL),(621,'REPS',0,240,NULL),(622,'KG',0,NULL,103),(623,'REPS',0,NULL,103),(624,'KG',0,NULL,104),(625,'REPS',0,NULL,104),(626,'KG',0,NULL,105),(627,'REPS',0,NULL,105),(628,'KG',0,NULL,106),(629,'REPS',0,NULL,106),(630,'KG',0,NULL,107),(631,'REPS',5,NULL,107),(632,'KG',0,NULL,108),(633,'REPS',0,NULL,108),(634,'KG',0,NULL,109),(635,'REPS',0,NULL,109),(636,'KG',0,NULL,110),(637,'REPS',0,NULL,110),(638,'KG',0,NULL,111),(639,'REPS',0,NULL,111),(640,'KG',0,NULL,112),(641,'REPS',5,NULL,112),(642,'KG',0,NULL,113),(643,'REPS',0,NULL,113),(644,'KG',0,NULL,114),(645,'REPS',0,NULL,114),(646,'KG',0,NULL,115),(647,'REPS',0,NULL,115),(648,'KG',0,NULL,116),(649,'REPS',0,NULL,116),(650,'KG',0,NULL,117),(651,'REPS',0,NULL,117);
/*!40000 ALTER TABLE `set_data` ENABLE KEYS */;
UNLOCK TABLES;

--
-- Table structure for table `trainer_clients`
--

DROP TABLE IF EXISTS `trainer_clients`;
/*!40101 SET @saved_cs_client     = @@character_set_client */;
/*!50503 SET character_set_client = utf8mb4 */;
CREATE TABLE `trainer_clients` (
  `id` bigint NOT NULL AUTO_INCREMENT,
  `trainer_id` bigint NOT NULL,
  `client_id` bigint NOT NULL,
  `created_at` datetime DEFAULT NULL,
  `updated_at` datetime DEFAULT NULL,
  PRIMARY KEY (`id`),
  UNIQUE KEY `uk_trainer_clients_pair` (`trainer_id`,`client_id`),
  KEY `fk_trainer_clients_client` (`client_id`),
  CONSTRAINT `fk_trainer_clients_client` FOREIGN KEY (`client_id`) REFERENCES `clients` (`id`),
  CONSTRAINT `fk_trainer_clients_trainer` FOREIGN KEY (`trainer_id`) REFERENCES `users` (`id`)
) ENGINE=InnoDB DEFAULT CHARSET=utf8mb4 COLLATE=utf8mb4_0900_ai_ci;
/*!40101 SET character_set_client = @saved_cs_client */;

--
-- Dumping data for table `trainer_clients`
--

LOCK TABLES `trainer_clients` WRITE;
/*!40000 ALTER TABLE `trainer_clients` DISABLE KEYS */;
/*!40000 ALTER TABLE `trainer_clients` ENABLE KEYS */;
UNLOCK TABLES;

--
-- Table structure for table `training_session_clients`
--

DROP TABLE IF EXISTS `training_session_clients`;
/*!40101 SET @saved_cs_client     = @@character_set_client */;
/*!50503 SET character_set_client = utf8mb4 */;
CREATE TABLE `training_session_clients` (
  `training_session_id` bigint NOT NULL,
  `client_id` bigint NOT NULL,
  PRIMARY KEY (`training_session_id`,`client_id`),
  KEY `idx_tsc_client` (`client_id`),
  CONSTRAINT `fk_tsc_client` FOREIGN KEY (`client_id`) REFERENCES `clients` (`id`),
  CONSTRAINT `fk_tsc_session` FOREIGN KEY (`training_session_id`) REFERENCES `training_sessions` (`id`)
) ENGINE=InnoDB DEFAULT CHARSET=utf8mb4 COLLATE=utf8mb4_0900_ai_ci;
/*!40101 SET character_set_client = @saved_cs_client */;

--
-- Dumping data for table `training_session_clients`
--

LOCK TABLES `training_session_clients` WRITE;
/*!40000 ALTER TABLE `training_session_clients` DISABLE KEYS */;
INSERT INTO `training_session_clients` VALUES (12,7),(13,7),(11,12),(5,13),(16,13),(5,16);
/*!40000 ALTER TABLE `training_session_clients` ENABLE KEYS */;
UNLOCK TABLES;

--
-- Table structure for table `training_sessions`
--

DROP TABLE IF EXISTS `training_sessions`;
/*!40101 SET @saved_cs_client     = @@character_set_client */;
/*!50503 SET character_set_client = utf8mb4 */;
CREATE TABLE `training_sessions` (
  `id` bigint NOT NULL AUTO_INCREMENT,
  `trainer_id` bigint NOT NULL,
  `microcycle_id` bigint DEFAULT NULL,
  `workout_template_id` bigint DEFAULT NULL,
  `start_time` timestamp NULL DEFAULT NULL,
  `day_index_in_cycle` int DEFAULT NULL,
  `session_name` varchar(100) DEFAULT NULL,
  `session_description` text,
  `session_type` varchar(50) DEFAULT NULL,
  `trainer_notes` text,
  `client_feedback` text,
  `status` varchar(50) DEFAULT 'SCHEDULED',
  `is_completed` tinyint DEFAULT '0',
  `created_at` datetime DEFAULT NULL,
  `updated_at` datetime DEFAULT NULL,
  `end_time` timestamp NULL DEFAULT NULL,
  PRIMARY KEY (`id`),
  KEY `fk_ts_trainer_id` (`trainer_id`),
  KEY `fk_ts_microcycle_id` (`microcycle_id`),
  KEY `fk_ts_wtemplate_id` (`workout_template_id`),
  CONSTRAINT `fk_ts_microcycle_id` FOREIGN KEY (`microcycle_id`) REFERENCES `microcycles` (`id`),
  CONSTRAINT `fk_ts_trainer_id` FOREIGN KEY (`trainer_id`) REFERENCES `users` (`id`),
  CONSTRAINT `fk_ts_wtemplate_id` FOREIGN KEY (`workout_template_id`) REFERENCES `workout_templates` (`id`)
) ENGINE=InnoDB AUTO_INCREMENT=17 DEFAULT CHARSET=utf8mb4 COLLATE=utf8mb4_0900_ai_ci;
/*!40101 SET character_set_client = @saved_cs_client */;

--
-- Dumping data for table `training_sessions`
--

LOCK TABLES `training_sessions` WRITE;
/*!40000 ALTER TABLE `training_sessions` DISABLE KEYS */;
INSERT INTO `training_sessions` VALUES (5,1,NULL,3,'2025-06-02 10:00:00',NULL,'Stupid fucking name i want to sleep',NULL,NULL,NULL,NULL,NULL,0,'2025-06-02 07:22:40','2025-06-04 05:38:14','2025-06-02 12:00:00'),(11,1,NULL,3,'2025-06-04 10:00:00',NULL,'12',NULL,NULL,NULL,NULL,NULL,0,'2025-06-04 16:37:50',NULL,'2025-06-04 11:00:00'),(12,1,NULL,3,'2025-06-05 10:00:00',NULL,'123',NULL,NULL,NULL,NULL,NULL,0,'2025-06-04 16:41:30',NULL,'2025-06-05 11:00:00'),(13,1,NULL,3,'2025-07-31 10:00:00',NULL,'321',NULL,NULL,NULL,NULL,NULL,0,'2025-06-04 16:41:50',NULL,'2025-07-31 11:00:00'),(16,1,NULL,3,'2025-07-04 10:00:00',NULL,'test1',NULL,NULL,NULL,NULL,NULL,0,'2025-07-04 07:39:51',NULL,'2025-07-04 11:00:00');
/*!40000 ALTER TABLE `training_sessions` ENABLE KEYS */;
UNLOCK TABLES;

--
-- Table structure for table `user_achievements`
--

DROP TABLE IF EXISTS `user_achievements`;
/*!40101 SET @saved_cs_client     = @@character_set_client */;
/*!50503 SET character_set_client = utf8mb4 */;
CREATE TABLE `user_achievements` (
  `id` bigint NOT NULL AUTO_INCREMENT,
  `user_id` bigint NOT NULL,
  `achievement_id` bigint NOT NULL,
  `date_achieved` datetime DEFAULT CURRENT_TIMESTAMP,
  PRIMARY KEY (`id`),
  KEY `fk_uach_user_id` (`user_id`),
  KEY `fk_uach_achievement_id` (`achievement_id`),
  CONSTRAINT `fk_uach_achievement_id` FOREIGN KEY (`achievement_id`) REFERENCES `achievements` (`id`),
  CONSTRAINT `fk_uach_user_id` FOREIGN KEY (`user_id`) REFERENCES `users` (`id`)
) ENGINE=InnoDB DEFAULT CHARSET=utf8mb4 COLLATE=utf8mb4_0900_ai_ci;
/*!40101 SET character_set_client = @saved_cs_client */;

--
-- Dumping data for table `user_achievements`
--

LOCK TABLES `user_achievements` WRITE;
/*!40000 ALTER TABLE `user_achievements` DISABLE KEYS */;
/*!40000 ALTER TABLE `user_achievements` ENABLE KEYS */;
UNLOCK TABLES;

--
-- Table structure for table `users`
--

DROP TABLE IF EXISTS `users`;
/*!40101 SET @saved_cs_client     = @@character_set_client */;
/*!50503 SET character_set_client = utf8mb4 */;
CREATE TABLE `users` (
  `id` bigint NOT NULL AUTO_INCREMENT,
  `keycloak_user_id` varchar(36) NOT NULL,
  `role` varchar(50) DEFAULT NULL,
  `full_name` varchar(100) DEFAULT NULL,
  `email` varchar(100) DEFAULT NULL,
  `created_at` datetime DEFAULT NULL,
  `updated_at` datetime DEFAULT NULL,
  PRIMARY KEY (`id`),
  UNIQUE KEY `uk_users_keycloak_user_id` (`keycloak_user_id`)
) ENGINE=InnoDB AUTO_INCREMENT=4 DEFAULT CHARSET=utf8mb4 COLLATE=utf8mb4_0900_ai_ci;
/*!40101 SET character_set_client = @saved_cs_client */;

--
-- Dumping data for table `users`
--

LOCK TABLES `users` WRITE;
/*!40000 ALTER TABLE `users` DISABLE KEYS */;
INSERT INTO `users` VALUES (1,'60c7bf2d-f5e0-4e08-a856-b0a633bfdb40','TRAINER','Trainer 1','trainer1@gmail.com','2025-04-15 19:31:43',NULL),(2,'308d093f-8f0e-4343-826d-c73885bb57c3',NULL,NULL,NULL,'2025-04-23 20:51:30',NULL),(3,'c24c3776-c1c9-4761-ab43-25be8e927ec6',NULL,NULL,NULL,'2025-04-23 20:54:09',NULL);
/*!40000 ALTER TABLE `users` ENABLE KEYS */;
UNLOCK TABLES;

--
-- Table structure for table `workout_instance_exercise_has_sets`
--

DROP TABLE IF EXISTS `workout_instance_exercise_has_sets`;
/*!40101 SET @saved_cs_client     = @@character_set_client */;
/*!50503 SET character_set_client = utf8mb4 */;
CREATE TABLE `workout_instance_exercise_has_sets` (
  `id` bigint NOT NULL AUTO_INCREMENT,
  `workout_instance_exercise_id` bigint NOT NULL,
  `set_number` int NOT NULL,
  PRIMARY KEY (`id`),
  KEY `fk_wiehs_workout_instance_exercise` (`workout_instance_exercise_id`),
  CONSTRAINT `fk_wiehs_workout_instance_exercise` FOREIGN KEY (`workout_instance_exercise_id`) REFERENCES `workout_instance_exercises` (`id`) ON DELETE CASCADE
) ENGINE=InnoDB AUTO_INCREMENT=118 DEFAULT CHARSET=utf8mb4 COLLATE=utf8mb4_0900_ai_ci;
/*!40101 SET character_set_client = @saved_cs_client */;

--
-- Dumping data for table `workout_instance_exercise_has_sets`
--

LOCK TABLES `workout_instance_exercise_has_sets` WRITE;
/*!40000 ALTER TABLE `workout_instance_exercise_has_sets` DISABLE KEYS */;
INSERT INTO `workout_instance_exercise_has_sets` VALUES (90,199,1),(91,200,1),(92,200,2),(93,201,1),(94,202,1),(95,202,2),(96,203,1),(97,204,1),(98,204,2),(103,209,1),(104,209,2),(105,209,3),(106,210,1),(107,211,1),(108,212,1),(109,212,2),(110,212,3),(111,213,1),(112,214,1),(113,215,1),(114,216,1),(115,216,2),(116,216,3),(117,217,1);
/*!40000 ALTER TABLE `workout_instance_exercise_has_sets` ENABLE KEYS */;
UNLOCK TABLES;

--
-- Table structure for table `workout_instance_exercises`
--

DROP TABLE IF EXISTS `workout_instance_exercises`;
/*!40101 SET @saved_cs_client     = @@character_set_client */;
/*!50503 SET character_set_client = utf8mb4 */;
CREATE TABLE `workout_instance_exercises` (
  `id` bigint NOT NULL AUTO_INCREMENT,
  `workout_instance_id` bigint NOT NULL,
  `exercise_id` bigint NOT NULL,
  `sequence_order` int DEFAULT NULL,
  `set_type` varchar(50) DEFAULT NULL,
  `set_params` text,
  `notes` text,
  `created_at` datetime DEFAULT NULL,
  `updated_at` datetime DEFAULT NULL,
  PRIMARY KEY (`id`),
  KEY `fk_wie_exercise_id` (`exercise_id`),
  KEY `fk_wie_wi_id` (`workout_instance_id`),
  CONSTRAINT `fk_wie_exercise_id` FOREIGN KEY (`exercise_id`) REFERENCES `exercises` (`id`),
  CONSTRAINT `fk_wie_wi_id` FOREIGN KEY (`workout_instance_id`) REFERENCES `workout_instances` (`id`) ON DELETE CASCADE
) ENGINE=InnoDB AUTO_INCREMENT=218 DEFAULT CHARSET=utf8mb4 COLLATE=utf8mb4_0900_ai_ci;
/*!40101 SET character_set_client = @saved_cs_client */;

--
-- Dumping data for table `workout_instance_exercises`
--

LOCK TABLES `workout_instance_exercises` WRITE;
/*!40000 ALTER TABLE `workout_instance_exercises` DISABLE KEYS */;
INSERT INTO `workout_instance_exercises` VALUES (199,19,3,1,'KG, REPS','KG, REPS','','2025-06-04 16:37:50',NULL),(200,19,2,2,'KG, REPS','KG, REPS','','2025-06-04 16:37:50',NULL),(201,20,3,1,'KG, REPS','KG, REPS','','2025-06-04 16:41:30',NULL),(202,20,2,2,'KG, REPS','KG, REPS','','2025-06-04 16:41:30',NULL),(203,21,3,1,'KG, REPS','KG, REPS','','2025-06-04 16:41:50',NULL),(204,21,2,2,'KG, REPS','KG, REPS','','2025-06-04 16:41:50',NULL),(209,7,3,1,'KG, REPS','KG, REPS','','2025-06-10 19:27:31',NULL),(210,7,3,2,'KG, REPS','KG, REPS','','2025-06-10 19:27:31',NULL),(211,7,2,3,'KG, REPS','KG, REPS','','2025-06-10 19:27:31',NULL),(212,8,3,1,'KG, REPS','KG, REPS','','2025-06-10 19:27:31',NULL),(213,8,3,2,'KG, REPS','KG, REPS','','2025-06-10 19:27:31',NULL),(214,8,2,3,'KG, REPS','KG, REPS','','2025-06-10 19:27:31',NULL),(215,25,3,1,'KG, REPS','KG, REPS','','2025-07-04 07:39:51',NULL),(216,25,2,2,'KG, REPS','KG, REPS','','2025-07-04 07:39:51',NULL),(217,25,4,3,'Chest','KG,REPS','','2025-07-04 07:39:51',NULL);
/*!40000 ALTER TABLE `workout_instance_exercises` ENABLE KEYS */;
UNLOCK TABLES;

--
-- Table structure for table `workout_instances`
--

DROP TABLE IF EXISTS `workout_instances`;
/*!40101 SET @saved_cs_client     = @@character_set_client */;
/*!50503 SET character_set_client = utf8mb4 */;
CREATE TABLE `workout_instances` (
  `id` bigint NOT NULL AUTO_INCREMENT,
  `training_session_id` bigint DEFAULT NULL,
  `client_id` bigint NOT NULL,
  `workout_template_id` bigint DEFAULT NULL,
  `performed_at` datetime DEFAULT NULL,
  `notes` text,
  `created_at` datetime DEFAULT NULL,
  `updated_at` datetime DEFAULT NULL,
  PRIMARY KEY (`id`),
  KEY `fk_wi_client_id` (`client_id`),
  KEY `fk_wi_wtemplate_id` (`workout_template_id`),
  KEY `fk_wi_session_id` (`training_session_id`),
  CONSTRAINT `fk_wi_client_id` FOREIGN KEY (`client_id`) REFERENCES `clients` (`id`),
  CONSTRAINT `fk_wi_session_id` FOREIGN KEY (`training_session_id`) REFERENCES `training_sessions` (`id`) ON DELETE CASCADE,
  CONSTRAINT `fk_wi_wtemplate_id` FOREIGN KEY (`workout_template_id`) REFERENCES `workout_templates` (`id`)
) ENGINE=InnoDB AUTO_INCREMENT=26 DEFAULT CHARSET=utf8mb4 COLLATE=utf8mb4_0900_ai_ci;
/*!40101 SET character_set_client = @saved_cs_client */;

--
-- Dumping data for table `workout_instances`
--

LOCK TABLES `workout_instances` WRITE;
/*!40000 ALTER TABLE `workout_instances` DISABLE KEYS */;
INSERT INTO `workout_instances` VALUES (7,5,13,3,NULL,NULL,'2025-06-02 07:22:40',NULL),(8,5,16,3,NULL,NULL,'2025-06-02 07:22:40',NULL),(19,11,12,3,NULL,NULL,'2025-06-04 16:37:50',NULL),(20,12,7,3,NULL,NULL,'2025-06-04 16:41:30',NULL),(21,13,7,3,NULL,NULL,'2025-06-04 16:41:50',NULL),(25,16,13,3,NULL,NULL,'2025-07-04 07:39:51',NULL);
/*!40000 ALTER TABLE `workout_instances` ENABLE KEYS */;
UNLOCK TABLES;

--
-- Table structure for table `workout_template_exercises`
--

DROP TABLE IF EXISTS `workout_template_exercises`;
/*!40101 SET @saved_cs_client     = @@character_set_client */;
/*!50503 SET character_set_client = utf8mb4 */;
CREATE TABLE `workout_template_exercises` (
  `id` bigint NOT NULL AUTO_INCREMENT,
  `workout_template_id` bigint NOT NULL,
  `exercise_id` bigint NOT NULL,
  `sequence_order` int DEFAULT NULL,
  `set_type` varchar(50) DEFAULT NULL,
  `set_params` text,
  `notes` text,
  `created_at` datetime DEFAULT NULL,
  `updated_at` datetime DEFAULT NULL,
  PRIMARY KEY (`id`),
  KEY `fk_wte_exercise_id` (`exercise_id`),
  KEY `fk_wte_wtemplate_id` (`workout_template_id`),
  CONSTRAINT `fk_wte_exercise_id` FOREIGN KEY (`exercise_id`) REFERENCES `exercises` (`id`),
  CONSTRAINT `fk_wte_wtemplate_id` FOREIGN KEY (`workout_template_id`) REFERENCES `workout_templates` (`id`) ON DELETE CASCADE
) ENGINE=InnoDB AUTO_INCREMENT=276 DEFAULT CHARSET=utf8mb4 COLLATE=utf8mb4_0900_ai_ci;
/*!40101 SET character_set_client = @saved_cs_client */;

--
-- Dumping data for table `workout_template_exercises`
--

LOCK TABLES `workout_template_exercises` WRITE;
/*!40000 ALTER TABLE `workout_template_exercises` DISABLE KEYS */;
INSERT INTO `workout_template_exercises` VALUES (268,3,3,1,'KG, REPS','KG, REPS','','2025-06-05 10:26:42',NULL),(269,3,2,2,'KG, REPS','KG, REPS','','2025-06-05 10:26:42',NULL),(270,3,4,3,'Chest','KG,REPS','','2025-06-05 10:26:42',NULL);
/*!40000 ALTER TABLE `workout_template_exercises` ENABLE KEYS */;
UNLOCK TABLES;

--
-- Table structure for table `workout_templates`
--

DROP TABLE IF EXISTS `workout_templates`;
/*!40101 SET @saved_cs_client     = @@character_set_client */;
/*!50503 SET character_set_client = utf8mb4 */;
CREATE TABLE `workout_templates` (
  `id` bigint NOT NULL AUTO_INCREMENT,
  `trainer_id` bigint DEFAULT NULL,
  `name` varchar(100) NOT NULL,
  `description` text,
  `created_at` datetime DEFAULT NULL,
  `updated_at` datetime DEFAULT NULL,
  PRIMARY KEY (`id`),
  KEY `fk_wtemplates_trainer_id` (`trainer_id`),
  CONSTRAINT `fk_wtemplates_trainer_id` FOREIGN KEY (`trainer_id`) REFERENCES `users` (`id`)
) ENGINE=InnoDB AUTO_INCREMENT=8 DEFAULT CHARSET=utf8mb4 COLLATE=utf8mb4_0900_ai_ci;
/*!40101 SET character_set_client = @saved_cs_client */;

--
-- Dumping data for table `workout_templates`
--

LOCK TABLES `workout_templates` WRITE;
/*!40000 ALTER TABLE `workout_templates` DISABLE KEYS */;
INSERT INTO `workout_templates` VALUES (3,1,'asd','asd','2025-05-24 05:28:32',NULL);
/*!40000 ALTER TABLE `workout_templates` ENABLE KEYS */;
UNLOCK TABLES;
/*!40103 SET TIME_ZONE=@OLD_TIME_ZONE */;

/*!40101 SET SQL_MODE=@OLD_SQL_MODE */;
/*!40014 SET FOREIGN_KEY_CHECKS=@OLD_FOREIGN_KEY_CHECKS */;
/*!40014 SET UNIQUE_CHECKS=@OLD_UNIQUE_CHECKS */;
/*!40101 SET CHARACTER_SET_CLIENT=@OLD_CHARACTER_SET_CLIENT */;
/*!40101 SET CHARACTER_SET_RESULTS=@OLD_CHARACTER_SET_RESULTS */;
/*!40101 SET COLLATION_CONNECTION=@OLD_COLLATION_CONNECTION */;
/*!40111 SET SQL_NOTES=@OLD_SQL_NOTES */;

-- Dump completed on 2025-07-12  7:50:32
